"Indikatorens navn";"Fylke nummer";"Kommune nummer";"Kommune navn";"Natur typer";"Regnskapsperiode";"Areal verdsatte naturtyper gått tapt (dekar)";"Usikkerhet for areal i regnskapsperiode"
"ENCREC_005";"03";"0301";"Oslo";"Flomskogsmark";"2018-2024";0.44;"Yellow"
"ENCREC_005";"03";"0301";"Oslo";"Frisk kalkedellauvskog";"2018-2024";0.01;"Yellow"
"ENCREC_005";"03";"0301";"Oslo";"Frisk lågurtedellauvskog";"2018-2024";0.49;"Yellow"
"ENCREC_005";"03";"0301";"Oslo";"Gammel granskog";"2018-2024";0.13;"Yellow"
"ENCREC_005";"03";"0301";"Oslo";"Gammel høgstaudegråorskog";"2018-2024";0.28;"Yellow"
"ENCREC_005";"03";"0301";"Oslo";"Hule eiker";"2018-2024";0.61;"Yellow"
"ENCREC_005";"03";"0301";"Oslo";"Kalkedellauvskog";"2018-2024";0.03;"Yellow"
"ENCREC_005";"03";"0301";"Oslo";"Rik edellauvskog";"2018-2024";0.06;"Yellow"
"ENCREC_005";"03";"0301";"Oslo";"Slåttemark";"2018-2024";0.17;"Yellow"
"ENCREC_005";"03";"0301";"Oslo";"Store gamle trær";"2018-2024";0.21;"Yellow"
"ENCREC_005";"11";"1103";"Stavanger";"Eng-aktig sterkt endret fastmark";"2018-2024";0.01;"Yellow"
"ENCREC_005";"11";"1103";"Stavanger";"Hule eiker";"2018-2024";1.27;"Yellow"
"ENCREC_005";"11";"1103";"Stavanger";"Kystlynghei";"2018-2024";0.17;"Yellow"
"ENCREC_005";"11";"1103";"Stavanger";"Naturbeitemark";"2018-2024";0.68;"Yellow"
"ENCREC_005";"11";"1106";"Haugesund";"Kystlynghei";"2018-2024";0.64;"Yellow"
"ENCREC_005";"11";"1108";"Sandnes";"Gammel fattig edellauvskog";"2018-2024";0;"Yellow"
"ENCREC_005";"11";"1108";"Sandnes";"Hule eiker";"2018-2024";2.51;"Yellow"
"ENCREC_005";"11";"1108";"Sandnes";"Kystlynghei";"2018-2024";46.71;"Yellow"
"ENCREC_005";"11";"1108";"Sandnes";"Parklandskap";"2018-2024";0.07;"Yellow"
"ENCREC_005";"11";"1119";"Hå";"Kystlynghei";"2018-2024";12.43;"Yellow"
"ENCREC_005";"11";"1119";"Hå";"Naturbeitemark";"2018-2024";13.71;"Yellow"
"ENCREC_005";"11";"1124";"Sola";"Semi-naturlig strandeng";"2018-2024";2.04;"Yellow"
"ENCREC_005";"11";"1130";"Strand";"Høstingsskog";"2018-2024";0.22;"Yellow"
"ENCREC_005";"11";"1130";"Strand";"Kystlynghei";"2018-2024";0.01;"Yellow"
"ENCREC_005";"11";"1134";"Suldal";"Boreal hei";"2018-2024";11.01;"Yellow"
"ENCREC_005";"11";"1134";"Suldal";"Kanthøymyr";"2018-2024";0.17;"Yellow"
"ENCREC_005";"11";"1135";"Sauda";"Hule eiker";"2018-2024";0.63;"Yellow"
"ENCREC_005";"11";"1145";"Bokn";"Eng-aktig sterkt endret fastmark";"2018-2024";0.27;"Yellow"
"ENCREC_005";"11";"1145";"Bokn";"Kystlynghei";"2018-2024";0.71;"Yellow"
"ENCREC_005";"11";"1145";"Bokn";"Naturbeitemark";"2018-2024";2.06;"Yellow"
"ENCREC_005";"11";"1149";"Karmøy";"Kystlynghei";"2018-2024";13.68;"Yellow"
"ENCREC_005";"11";"1149";"Karmøy";"Naturbeitemark";"2018-2024";0.3;"Yellow"
"ENCREC_005";"11";"1149";"Karmøy";"Øyblandingsmyr";"2018-2024";0.29;"Yellow"
"ENCREC_005";"11";"1151";"Utsira";"Naturbeitemark";"2018-2024";1.38;"Yellow"
"ENCREC_005";"15";"1505";"Kristiansund";"Kystlynghei";"2018-2024";3.08;"Yellow"
"ENCREC_005";"15";"1505";"Kristiansund";"Sørlig nedbørsmyr";"2018-2024";6.67;"Yellow"
"ENCREC_005";"15";"1506";"Molde";"Kystlynghei";"2018-2024";0.34;"Yellow"
"ENCREC_005";"15";"1506";"Molde";"Slåttemark";"2018-2024";0.03;"Yellow"
"ENCREC_005";"15";"1531";"Sula";"Kystlynghei";"2018-2024";0.06;"Yellow"
"ENCREC_005";"15";"1532";"Giske";"Strandeng";"2018-2024";0.24;"Yellow"
"ENCREC_005";"15";"1547";"Aukra";"Kystlynghei";"2018-2024";0.12;"Yellow"
"ENCREC_005";"15";"1578";"Fjord";"Kalkskog";"2018-2024";0.18;"Yellow"
"ENCREC_005";"15";"1578";"Fjord";"Naturbeitemark";"2018-2024";0.84;"Yellow"
"ENCREC_005";"15";"1578";"Fjord";"Slåtte- og beitemyr";"2018-2024";6.49;"Yellow"
"ENCREC_005";"15";"1579";"Hustadvika";"Kystlynghei";"2018-2024";32.96;"Yellow"
"ENCREC_005";"15";"1579";"Hustadvika";"Viktig bekkedrag";"2018-2024";0.15;"Yellow"
"ENCREC_005";"15";"1580";"Haram";"Kystlynghei";"2018-2024";0.56;"Yellow"
"ENCREC_005";"15";"1580";"Haram";"Kystmyr";"2018-2024";0.17;"Yellow"
"ENCREC_005";"18";"1804";"Bodø";"Boreal hei";"2018-2024";2.02;"Yellow"
"ENCREC_005";"18";"1804";"Bodø";"Gammel lågurtselje-rogneskog";"2018-2024";0.16;"Yellow"
"ENCREC_005";"18";"1804";"Bodø";"Naturbeitemark";"2018-2024";3.33;"Yellow"
"ENCREC_005";"18";"1804";"Bodø";"Rik åpen jordvannsmyr i mellomboreal sone";"2018-2024";1.6;"Yellow"
"ENCREC_005";"18";"1804";"Bodø";"Åpen flomfastmark";"2018-2024";0.04;"Yellow"
"ENCREC_005";"18";"1818";"Herøy (Nordland)";"Strandeng";"2018-2024";0.01;"Yellow"
"ENCREC_005";"18";"1833";"Rana";"Gammel lågurtselje-rogneskog";"2018-2024";0.33;"Yellow"
"ENCREC_005";"18";"1838";"Gildeskål";"Boreal hei";"2018-2024";5.67;"Yellow"
"ENCREC_005";"18";"1838";"Gildeskål";"Kystlynghei";"2018-2024";2.52;"Yellow"
"ENCREC_005";"18";"1838";"Gildeskål";"Nakent tørkeutsatt kalkberg";"2018-2024";0.02;"Yellow"
"ENCREC_005";"18";"1838";"Gildeskål";"Sanddyne";"2018-2024";3.9;"Yellow"
"ENCREC_005";"18";"1841";"Fauske/Fuossko";"Lågurtfuruskog";"2018-2024";0.04;"Yellow"
"ENCREC_005";"18";"1845";"Sørfold";"Regnskog";"2018-2024";7.44;"Orange"
"ENCREC_005";"18";"1851";"Lødingen";"Strandeng og strandsump";"2018-2024";0.07;"Yellow"
"ENCREC_005";"18";"1853";"Evenes/Evenášši";"Kalksjø";"2018-2024";7.31;"Yellow"
"ENCREC_005";"18";"1853";"Evenes/Evenášši";"Rikmyr";"2018-2024";15;"Yellow"
"ENCREC_005";"18";"1860";"Vestvågøy";"Kystlynghei";"2018-2024";5.33;"Yellow"
"ENCREC_005";"18";"1860";"Vestvågøy";"Slåttemark";"2018-2024";0.05;"Yellow"
"ENCREC_005";"18";"1865";"Vågan";"Boreal hei";"2018-2024";6.82;"Yellow"
"ENCREC_005";"31";"3101";"Halden";"Hule eiker";"2018-2024";0.01;"Yellow"
"ENCREC_005";"31";"3101";"Halden";"Hurtigstrømmende elveløp";"2018-2024";0.03;"Yellow"
"ENCREC_005";"31";"3101";"Halden";"Rik edellauvskog";"2018-2024";2.46;"Yellow"
"ENCREC_005";"31";"3101";"Halden";"Store gamle trær";"2018-2024";0.02;"Yellow"
"ENCREC_005";"31";"3103";"Moss";"Hule eiker";"2018-2024";3.36;"Yellow"
"ENCREC_005";"31";"3103";"Moss";"Naturbeitemark";"2018-2024";2.5;"Yellow"
"ENCREC_005";"31";"3103";"Moss";"Store gamle trær";"2018-2024";0.07;"Yellow"
"ENCREC_005";"31";"3103";"Moss";"Åpen grunnlendt kalkmark i boreonemoral sone";"2018-2024";0.03;"Yellow"
"ENCREC_005";"31";"3105";"Sarpsborg";"Hule eiker";"2018-2024";1.28;"Yellow"
"ENCREC_005";"31";"3105";"Sarpsborg";"Naturbeitemark";"2018-2024";0.12;"Yellow"
"ENCREC_005";"31";"3105";"Sarpsborg";"Semi-naturlig eng";"2018-2024";0.01;"Yellow"
"ENCREC_005";"31";"3105";"Sarpsborg";"Store gamle trær";"2018-2024";0.07;"Yellow"
"ENCREC_005";"31";"3107";"Fredrikstad";"Gammel furudominert naturskog";"2018-2024";6.19;"Yellow"
"ENCREC_005";"31";"3107";"Fredrikstad";"Gammel furuskog med gamle trær";"2018-2024";6.86;"Yellow"
"ENCREC_005";"31";"3107";"Fredrikstad";"Hule eiker";"2018-2024";0.4;"Yellow"
"ENCREC_005";"31";"3110";"Hvaler";"Hule eiker";"2018-2024";0.49;"Yellow"
"ENCREC_005";"31";"3110";"Hvaler";"Kystlynghei";"2018-2024";5.67;"Yellow"
"ENCREC_005";"31";"3110";"Hvaler";"Lågurteikeskog";"2018-2024";0.07;"Yellow"
"ENCREC_005";"31";"3110";"Hvaler";"Naturbeitemark";"2018-2024";0.65;"Yellow"
"ENCREC_005";"31";"3112";"Råde";"Frisk lågurtedellauvskog";"2018-2024";0;"Yellow"
"ENCREC_005";"31";"3112";"Råde";"Hule eiker";"2018-2024";0.79;"Yellow"
"ENCREC_005";"31";"3112";"Råde";"Lågurtfuruskog";"2018-2024";0.01;"Yellow"
"ENCREC_005";"31";"3118";"Indre Østfold";"Rik kulturlandskapssjø";"2018-2024";0.13;"Orange"
"ENCREC_005";"31";"3120";"Rakkestad";"Intakt lavlandsmyr i innlandet";"2018-2024";0.34;"Yellow"
"ENCREC_005";"32";"3201";"Bærum";"Flomskogsmark";"2018-2024";0.08;"Yellow"
"ENCREC_005";"32";"3201";"Bærum";"Frisk lågurtedellauvskog";"2018-2024";0.44;"Yellow"
"ENCREC_005";"32";"3201";"Bærum";"Frisk rik edellauvskog";"2018-2024";0.86;"Yellow"
"ENCREC_005";"32";"3201";"Bærum";"Gammel lågurtgranskog";"2018-2024";0.47;"Yellow"
"ENCREC_005";"32";"3201";"Bærum";"Hule eiker";"2018-2024";1.03;"Yellow"
"ENCREC_005";"32";"3201";"Bærum";"Kalkhasselskog";"2018-2024";0.09;"Yellow"
"ENCREC_005";"32";"3201";"Bærum";"Kalkrik alm-lind-hasselskog";"2018-2024";0.72;"Yellow"
"ENCREC_005";"32";"3201";"Bærum";"Lågurtfuruskog";"2018-2024";0.8;"Yellow"
"ENCREC_005";"32";"3201";"Bærum";"Rik edellauvskog";"2018-2024";11.91;"Yellow"
"ENCREC_005";"32";"3201";"Bærum";"Slåttemark";"2018-2024";1.26;"Yellow"
"ENCREC_005";"32";"3201";"Bærum";"Store gamle trær";"2018-2024";0.49;"Yellow"
"ENCREC_005";"32";"3201";"Bærum";"Svært tørkeutsatt sørlig kalkberg";"2018-2024";0.3;"Yellow"
"ENCREC_005";"32";"3201";"Bærum";"Åpen grunnlendt kalkmark i boreonemoral sone";"2018-2024";0.02;"Yellow"
"ENCREC_005";"32";"3203";"Asker";"Frisk kalkedellauvskog";"2018-2024";3.66;"Yellow"
"ENCREC_005";"32";"3203";"Asker";"Gammel furuskog med gamle trær";"2018-2024";1.06;"Yellow"
"ENCREC_005";"32";"3203";"Asker";"Hule eiker";"2018-2024";0.19;"Yellow"
"ENCREC_005";"32";"3203";"Asker";"Høgstaude-edellauvskog";"2018-2024";0.09;"Yellow"
"ENCREC_005";"32";"3203";"Asker";"Kalkedellauvskog";"2018-2024";0.04;"Yellow"
"ENCREC_005";"32";"3203";"Asker";"Kalkfuruskog";"2018-2024";0.5;"Yellow"
"ENCREC_005";"32";"3203";"Asker";"Kalklindeskog";"2018-2024";0.18;"Yellow"
"ENCREC_005";"32";"3203";"Asker";"Kalksjø";"2018-2024";0.07;"Yellow"
"ENCREC_005";"32";"3203";"Asker";"Lågurtfuruskog";"2018-2024";0.26;"Yellow"
"ENCREC_005";"32";"3203";"Asker";"Saltpåvirket svartorstrandskog";"2018-2024";0.02;"Yellow"
"ENCREC_005";"32";"3203";"Asker";"Slåttemark";"2018-2024";0.39;"Yellow"
"ENCREC_005";"32";"3203";"Asker";"Viktig bekkedrag";"2018-2024";0.01;"Yellow"
"ENCREC_005";"32";"3205";"Lillestrøm";"Gammel furuskog med gamle trær";"2018-2024";0.02;"Yellow"
"ENCREC_005";"32";"3205";"Lillestrøm";"Gammel granskog med gamle trær";"2018-2024";0.06;"Yellow"
"ENCREC_005";"32";"3205";"Lillestrøm";"Gammel lågurtgranskog";"2018-2024";1.44;"Yellow"
"ENCREC_005";"32";"3205";"Lillestrøm";"Hule eiker";"2018-2024";0;"Yellow"
"ENCREC_005";"32";"3205";"Lillestrøm";"Kroksjøer, flomdammer og meandrerende elveparti";"2018-2024";0;"Yellow"
"ENCREC_005";"32";"3205";"Lillestrøm";"Lågurtalm-lind-hasselskog";"2018-2024";0.24;"Yellow"
"ENCREC_005";"32";"3205";"Lillestrøm";"Ravinedal";"2018-2024";1.6;"Yellow"
"ENCREC_005";"32";"3205";"Lillestrøm";"Store gamle trær";"2018-2024";0.11;"Yellow"
"ENCREC_005";"32";"3207";"Nordre Follo";"Eng-aktig sterkt endret fastmark";"2018-2024";0.04;"Yellow"
"ENCREC_005";"32";"3207";"Nordre Follo";"Flomskogsmark";"2018-2024";0.61;"Yellow"
"ENCREC_005";"32";"3207";"Nordre Follo";"Gammel granskog med liggende død ved";"2018-2024";0.02;"Yellow"
"ENCREC_005";"32";"3207";"Nordre Follo";"Hagemark";"2018-2024";2.46;"Yellow"
"ENCREC_005";"32";"3207";"Nordre Follo";"Hule eiker";"2018-2024";0.24;"Yellow"
"ENCREC_005";"32";"3207";"Nordre Follo";"Lågurtfuruskog";"2018-2024";0.02;"Yellow"
"ENCREC_005";"32";"3207";"Nordre Follo";"Rik svartorsumpskog";"2018-2024";0.55;"Yellow"
"ENCREC_005";"32";"3207";"Nordre Follo";"Slåttemark";"2018-2024";0.48;"Yellow"
"ENCREC_005";"32";"3209";"Ullensaker";"Gammel høgstaudegråorskog";"2018-2024";0.17;"Yellow"
"ENCREC_005";"32";"3209";"Ullensaker";"Rik åpen sørlig jordvannsmyr";"2018-2024";0.49;"Yellow"
"ENCREC_005";"32";"3212";"Nesodden";"Hule eiker";"2018-2024";0.29;"Yellow"
"ENCREC_005";"32";"3212";"Nesodden";"Lågurtalm-lind-hasselskog";"2018-2024";0.31;"Yellow"
"ENCREC_005";"32";"3212";"Nesodden";"Lågurtedellauvskog";"2018-2024";0;"Yellow"
"ENCREC_005";"32";"3212";"Nesodden";"Lågurteikeskog";"2018-2024";0.31;"Yellow"
"ENCREC_005";"32";"3212";"Nesodden";"Rik svartorsumpskog";"2018-2024";0.02;"Yellow"
"ENCREC_005";"32";"3214";"Frogn";"Hule eiker";"2018-2024";0.43;"Yellow"
"ENCREC_005";"32";"3214";"Frogn";"Høgstaude-edellauvskog";"2018-2024";0.02;"Yellow"
"ENCREC_005";"32";"3214";"Frogn";"Lågurteikeskog";"2018-2024";0.06;"Yellow"
"ENCREC_005";"32";"3216";"Vestby";"Gammel furuskog med gamle trær";"2018-2024";2.89;"Yellow"
"ENCREC_005";"32";"3216";"Vestby";"Hule eiker";"2018-2024";4.43;"Yellow"
"ENCREC_005";"32";"3216";"Vestby";"Lågurtalm-lind-hasselskog";"2018-2024";0.53;"Yellow"
"ENCREC_005";"32";"3216";"Vestby";"Store gamle trær";"2018-2024";0.44;"Yellow"
"ENCREC_005";"32";"3218";"Ås";"Gammel granskog med liggende død ved";"2018-2024";0.26;"Yellow"
"ENCREC_005";"32";"3218";"Ås";"Hagemark";"2018-2024";0.07;"Yellow"
"ENCREC_005";"32";"3218";"Ås";"Hule eiker";"2018-2024";4.18;"Yellow"
"ENCREC_005";"32";"3218";"Ås";"Kalk- og lågurtfuruskog";"2018-2024";1.74;"Yellow"
"ENCREC_005";"32";"3218";"Ås";"Lågurtalm-lind-hasselskog";"2018-2024";0.5;"Yellow"
"ENCREC_005";"32";"3218";"Ås";"Lågurtfuruskog";"2018-2024";1.02;"Yellow"
"ENCREC_005";"32";"3218";"Ås";"Naturbeitemark";"2018-2024";2.94;"Yellow"
"ENCREC_005";"32";"3220";"Enebakk";"Gammel lågurtospeskog";"2018-2024";0.76;"Yellow"
"ENCREC_005";"32";"3220";"Enebakk";"Hagemark";"2018-2024";4.15;"Yellow"
"ENCREC_005";"32";"3228";"Nes";"Flomskogsmark";"2018-2024";0.76;"Yellow"
"ENCREC_005";"32";"3228";"Nes";"Ravinedal";"2018-2024";14.51;"Yellow"
"ENCREC_005";"32";"3232";"Nittedal";"Frisk kalkgranskog";"2018-2024";0.49;"Yellow"
"ENCREC_005";"32";"3232";"Nittedal";"Gråor-heggeskog";"2018-2024";0.36;"Yellow"
"ENCREC_005";"32";"3232";"Nittedal";"Rik gransumpskog";"2018-2024";0.35;"Yellow"
"ENCREC_005";"32";"3232";"Nittedal";"Semi-naturlig eng";"2018-2024";0.71;"Yellow"
"ENCREC_005";"32";"3234";"Lunner";"Eng-aktig sterkt endret fastmark";"2018-2024";0;"Yellow"
"ENCREC_005";"32";"3234";"Lunner";"Flomskogsmark";"2018-2024";0;"Yellow"
"ENCREC_005";"32";"3234";"Lunner";"Gammel granskog";"2018-2024";0.29;"Yellow"
"ENCREC_005";"32";"3234";"Lunner";"Kalkbarskog, grandominert";"2018-2024";0;"Yellow"
"ENCREC_005";"32";"3234";"Lunner";"Kalkfuruskog";"2018-2024";0.03;"Yellow"
"ENCREC_005";"33";"3301";"Drammen";"Frisk lågurtedellauvskog";"2018-2024";0.42;"Yellow"
"ENCREC_005";"33";"3301";"Drammen";"Hule eiker";"2018-2024";0.52;"Yellow"
"ENCREC_005";"33";"3301";"Drammen";"Kalk- og lågurtfuruskog";"2018-2024";0.31;"Yellow"
"ENCREC_005";"33";"3301";"Drammen";"Kalkbarskog";"2018-2024";0.03;"Yellow"
"ENCREC_005";"33";"3301";"Drammen";"Kalkbarskog, grandominert";"2018-2024";0.88;"Yellow"
"ENCREC_005";"33";"3301";"Drammen";"Kalkfuruskog";"2018-2024";2.24;"Yellow"
"ENCREC_005";"33";"3301";"Drammen";"Kalkrik alm-lind-hasselskog";"2018-2024";4.82;"Yellow"
"ENCREC_005";"33";"3301";"Drammen";"Lågurteikeskog";"2018-2024";0.55;"Yellow"
"ENCREC_005";"33";"3301";"Drammen";"Lågurtfuruskog";"2018-2024";0.7;"Yellow"
"ENCREC_005";"33";"3301";"Drammen";"Semi-naturlig eng";"2018-2024";0.1;"Yellow"
"ENCREC_005";"33";"3301";"Drammen";"Semi-naturlig strandeng";"2018-2024";1.15;"Yellow"
"ENCREC_005";"33";"3303";"Kongsberg";"Slåttemark";"2018-2024";3.55;"Yellow"
"ENCREC_005";"33";"3305";"Ringerike";"Flomskogsmark";"2018-2024";0.89;"Yellow"
"ENCREC_005";"33";"3305";"Ringerike";"Gammel furuskog med gamle trær";"2018-2024";2.06;"Yellow"
"ENCREC_005";"33";"3305";"Ringerike";"Gammel granskog med gamle trær";"2018-2024";4.74;"Yellow"
"ENCREC_005";"33";"3305";"Ringerike";"Kalkbarskog";"2018-2024";4.71;"Yellow"
"ENCREC_005";"33";"3305";"Ringerike";"Kalkfuruskog";"2018-2024";0.05;"Yellow"
"ENCREC_005";"33";"3305";"Ringerike";"Kroksjøer, flomdammer og meandrerende elveparti";"2018-2024";0;"Yellow"
"ENCREC_005";"33";"3305";"Ringerike";"Lågurtfuruskog";"2018-2024";0.28;"Yellow"
"ENCREC_005";"33";"3305";"Ringerike";"Rik sandfuruskog";"2018-2024";0.12;"Yellow"
"ENCREC_005";"33";"3310";"Hole";"Hule eiker";"2018-2024";0.15;"Yellow"
"ENCREC_005";"33";"3310";"Hole";"Kalkbarskog";"2018-2024";1.86;"Yellow"
"ENCREC_005";"33";"3310";"Hole";"Kalkedellauvskog";"2018-2024";0;"Yellow"
"ENCREC_005";"33";"3310";"Hole";"Lågurtedellauvskog";"2018-2024";0.39;"Yellow"
"ENCREC_005";"33";"3310";"Hole";"Lågurtfuruskog";"2018-2024";0.33;"Yellow"
"ENCREC_005";"33";"3310";"Hole";"Naturbeitemark";"2018-2024";1.06;"Orange"
"ENCREC_005";"33";"3310";"Hole";"Rik sandfuruskog";"2018-2024";0;"Yellow"
"ENCREC_005";"33";"3310";"Hole";"Åpen kalkmark";"2018-2024";0.3;"Yellow"
"ENCREC_005";"33";"3312";"Lier";"Gammel furuskog med gamle trær";"2018-2024";0;"Yellow"
"ENCREC_005";"33";"3312";"Lier";"Hule eiker";"2018-2024";1.32;"Yellow"
"ENCREC_005";"33";"3312";"Lier";"Kalkrik alm-lind-hasselskog";"2018-2024";1.24;"Yellow"
"ENCREC_005";"33";"3312";"Lier";"Lågurtfuruskog";"2018-2024";4.45;"Yellow"
"ENCREC_005";"33";"3312";"Lier";"Rik edellauvskog";"2018-2024";2.72;"Yellow"
"ENCREC_005";"33";"3312";"Lier";"Slåttemark";"2018-2024";0.04;"Yellow"
"ENCREC_005";"33";"3314";"Øvre Eiker";"Kalkrik alm-lind-hasselskog";"2018-2024";4.19;"Yellow"
"ENCREC_005";"33";"3314";"Øvre Eiker";"Naturbeitemark";"2018-2024";0;"Yellow"
"ENCREC_005";"33";"3314";"Øvre Eiker";"Ravinedal";"2018-2024";0.49;"Yellow"
"ENCREC_005";"33";"3318";"Krødsherad";"Boreal hei";"2018-2024";2.76;"Yellow"
"ENCREC_005";"33";"3318";"Krødsherad";"Gammel fattig sumpskog";"2018-2024";1.36;"Yellow"
"ENCREC_005";"33";"3318";"Krødsherad";"Gammel granskog med gamle trær";"2018-2024";0.02;"Yellow"
"ENCREC_005";"33";"3318";"Krødsherad";"Høgereligende og nordlig nedbørsmyr";"2018-2024";27.02;"Yellow"
"ENCREC_005";"33";"3318";"Krødsherad";"Lågurtfuruskog";"2018-2024";0.3;"Yellow"
"ENCREC_005";"33";"3320";"Flå";"Gammel grandominert naturskog";"2018-2024";2.09;"Yellow"
"ENCREC_005";"33";"3320";"Flå";"Gammel granskog";"2018-2024";11.23;"Yellow"
"ENCREC_005";"33";"3322";"Nesbyen";"Kroksjøer, flomdammer og meandrerende elveparti";"2018-2024";2.42;"Yellow"
"ENCREC_005";"33";"3322";"Nesbyen";"Rik barskog";"2018-2024";0;"Yellow"
"ENCREC_005";"33";"3322";"Nesbyen";"Semi-naturlig eng";"2018-2024";0.63;"Yellow"
"ENCREC_005";"33";"3324";"Gol";"Boreal hei";"2018-2024";10.53;"Yellow"
"ENCREC_005";"33";"3324";"Gol";"Naturbeitemark";"2018-2024";11.31;"Yellow"
"ENCREC_005";"33";"3324";"Gol";"Slåttemark";"2018-2024";0.41;"Yellow"
"ENCREC_005";"33";"3324";"Gol";"Slåttemyr";"2018-2024";0.46;"Yellow"
"ENCREC_005";"33";"3326";"Hemsedal";"Boreal hei";"2018-2024";1.1;"Yellow"
"ENCREC_005";"33";"3326";"Hemsedal";"Eng-aktig sterkt endret fastmark";"2018-2024";0.25;"Yellow"
"ENCREC_005";"33";"3326";"Hemsedal";"Naturbeitemark";"2018-2024";4.03;"Yellow"
"ENCREC_005";"33";"3326";"Hemsedal";"Semi-naturlig eng";"2018-2024";1.53;"Yellow"
"ENCREC_005";"33";"3328";"Ål";"Boreal hei";"2018-2024";11.86;"Yellow"
"ENCREC_005";"33";"3328";"Ål";"Naturbeitemark";"2018-2024";1.47;"Yellow"
"ENCREC_005";"33";"3328";"Ål";"Slåttemark";"2018-2024";0;"Yellow"
"ENCREC_005";"33";"3332";"Sigdal";"Boreal hei";"2018-2024";12.31;"Yellow"
"ENCREC_005";"33";"3332";"Sigdal";"Gammel granskog med gamle trær";"2018-2024";6.51;"Yellow"
"ENCREC_005";"33";"3332";"Sigdal";"Gammel granskog med liggende død ved";"2018-2024";0.48;"Yellow"
"ENCREC_005";"33";"3332";"Sigdal";"Semi-naturlig eng";"2018-2024";0.13;"Yellow"
"ENCREC_005";"33";"3332";"Sigdal";"Slåttemark";"2018-2024";0;"Yellow"
"ENCREC_005";"33";"3334";"Flesberg";"Eng-aktig sterkt endret fastmark";"2018-2024";0.1;"Yellow"
"ENCREC_005";"33";"3334";"Flesberg";"Gammel furuskog med stående død ved";"2018-2024";3.92;"Yellow"
"ENCREC_005";"33";"3334";"Flesberg";"Slåttemark";"2018-2024";1.63;"Yellow"
"ENCREC_005";"33";"3336";"Rollag";"Boreal hei";"2018-2024";0.4;"Yellow"
"ENCREC_005";"33";"3336";"Rollag";"Gammel granskog med gamle trær";"2018-2024";5.82;"Yellow"
"ENCREC_005";"33";"3338";"Nore og Uvdal";"Boreal hei";"2018-2024";0.33;"Yellow"
"ENCREC_005";"34";"3401";"Kongsvinger";"Eng-aktig sterkt endret fastmark";"2018-2024";0.08;"Yellow"
"ENCREC_005";"34";"3401";"Kongsvinger";"Gammel lågurtgranskog";"2018-2024";0;"Yellow"
"ENCREC_005";"34";"3401";"Kongsvinger";"Semi-naturlig eng";"2018-2024";0.04;"Yellow"
"ENCREC_005";"34";"3411";"Ringsaker";"Gammel granskog med gamle trær";"2018-2024";0.26;"Yellow"
"ENCREC_005";"34";"3411";"Ringsaker";"Mudderbank";"2018-2024";0.08;"Orange"
"ENCREC_005";"34";"3411";"Ringsaker";"Naturbeitemark";"2018-2024";1.41;"Yellow"
"ENCREC_005";"34";"3412";"Løten";"Lågurtfuruskog";"2018-2024";4.12;"Yellow"
"ENCREC_005";"34";"3413";"Stange";"Eng-aktig sterkt endret fastmark";"2018-2024";0.01;"Yellow"
"ENCREC_005";"34";"3413";"Stange";"Hagemark";"2018-2024";1.79;"Yellow"
"ENCREC_005";"34";"3413";"Stange";"Rik kulturlandskapssjø";"2018-2024";0.62;"Yellow"
"ENCREC_005";"34";"3413";"Stange";"Viktig bekkedrag";"2018-2024";0.28;"Orange"
"ENCREC_005";"34";"3420";"Elverum";"Lågurtfuruskog";"2018-2024";0.18;"Yellow"
"ENCREC_005";"34";"3420";"Elverum";"Rik sandfuruskog";"2018-2024";0.04;"Yellow"
"ENCREC_005";"34";"3420";"Elverum";"Sandfuruskog";"2018-2024";0.01;"Yellow"
"ENCREC_005";"34";"3427";"Tynset";"Kroksjøer, flomdammer og meandrerende elveparti";"2018-2024";0.09;"Yellow"
"ENCREC_005";"34";"3427";"Tynset";"Rikmyr";"2018-2024";1.41;"Yellow"
"ENCREC_005";"34";"3428";"Alvdal";"Slåttemark";"2018-2024";0.02;"Yellow"
"ENCREC_005";"34";"3428";"Alvdal";"Åpen flommark";"2018-2024";0.04;"Yellow"
"ENCREC_005";"34";"3435";"Vågå";"Kalkbarskog";"2018-2024";2.8;"Yellow"
"ENCREC_005";"34";"3435";"Vågå";"Sandfuruskog";"2018-2024";0.22;"Yellow"
"ENCREC_005";"34";"3437";"Sel";"Naturbeitemark";"2018-2024";0;"Yellow"
"ENCREC_005";"34";"3441";"Gausdal";"Slåttemark";"2018-2024";0.01;"Yellow"
"ENCREC_005";"34";"3442";"Østre Toten";"Flomskogsmark";"2018-2024";1.86;"Yellow"
"ENCREC_005";"34";"3442";"Østre Toten";"Slåttemark";"2018-2024";0.06;"Yellow"
"ENCREC_005";"34";"3451";"Nord-Aurdal";"Boreal hei";"2018-2024";7.32;"Yellow"
"ENCREC_005";"34";"3451";"Nord-Aurdal";"Naturbeitemark";"2018-2024";0.08;"Yellow"
"ENCREC_005";"34";"3451";"Nord-Aurdal";"Semi-naturlig eng";"2018-2024";0.68;"Yellow"
"ENCREC_005";"34";"3454";"Vang";"Slåttemark";"2018-2024";0.19;"Yellow"
"ENCREC_005";"39";"3901";"Horten";"Frisk lågurtedellauvskog";"2018-2024";0.04;"Yellow"
"ENCREC_005";"39";"3901";"Horten";"Frisk rik edellauvskog";"2018-2024";1.25;"Yellow"
"ENCREC_005";"39";"3901";"Horten";"Hule eiker";"2018-2024";0.02;"Yellow"
"ENCREC_005";"39";"3901";"Horten";"Lågurtedellauvskog";"2018-2024";0.34;"Yellow"
"ENCREC_005";"39";"3901";"Horten";"Saltpåvirket svartorstrandskog";"2018-2024";0.69;"Yellow"
"ENCREC_005";"39";"3901";"Horten";"Store gamle trær";"2018-2024";0.16;"Yellow"
"ENCREC_005";"39";"3903";"Holmestrand";"Frisk lågurtedellauvskog";"2018-2024";3.41;"Yellow"
"ENCREC_005";"39";"3903";"Holmestrand";"Gammel fattig edellauvskog";"2018-2024";0.08;"Yellow"
"ENCREC_005";"39";"3903";"Holmestrand";"Gammel høgstaudegråorskog";"2018-2024";0.12;"Yellow"
"ENCREC_005";"39";"3903";"Holmestrand";"Hule eiker";"2018-2024";0.68;"Yellow"
"ENCREC_005";"39";"3903";"Holmestrand";"Lågurtalm-lind-hasselskog";"2018-2024";0.06;"Yellow"
"ENCREC_005";"39";"3903";"Holmestrand";"Lågurteikeskog";"2018-2024";0.35;"Yellow"
"ENCREC_005";"39";"3903";"Holmestrand";"Lågurtfuruskog";"2018-2024";2.04;"Yellow"
"ENCREC_005";"39";"3903";"Holmestrand";"Semi-naturlig eng";"2018-2024";0.19;"Yellow"
"ENCREC_005";"39";"3903";"Holmestrand";"Strandeng";"2018-2024";0.03;"Yellow"
"ENCREC_005";"39";"3905";"Tønsberg";"Dam";"2018-2024";0.05;"Orange"
"ENCREC_005";"39";"3905";"Tønsberg";"Frisk lågurtedellauvskog";"2018-2024";4.04;"Yellow"
"ENCREC_005";"39";"3905";"Tønsberg";"Frisk rik edellauvskog";"2018-2024";2.62;"Yellow"
"ENCREC_005";"39";"3905";"Tønsberg";"Gammel fattig edellauvskog";"2018-2024";2.98;"Yellow"
"ENCREC_005";"39";"3905";"Tønsberg";"Gammel høgstaudegråorskog";"2018-2024";0.01;"Yellow"
"ENCREC_005";"39";"3905";"Tønsberg";"Hagemark";"2018-2024";5.35;"Yellow"
"ENCREC_005";"39";"3905";"Tønsberg";"Hule eiker";"2018-2024";5.45;"Yellow"
"ENCREC_005";"39";"3905";"Tønsberg";"Lågurtedellauvskog";"2018-2024";1.11;"Yellow"
"ENCREC_005";"39";"3905";"Tønsberg";"Lågurteikeskog";"2018-2024";2.75;"Yellow"
"ENCREC_005";"39";"3905";"Tønsberg";"Semi-naturlig eng";"2018-2024";0.56;"Yellow"
"ENCREC_005";"39";"3905";"Tønsberg";"Viktig bekkedrag";"2018-2024";2.04;"Yellow"
"ENCREC_005";"39";"3907";"Sandefjord";"Flomskogsmark";"2018-2024";0.15;"Yellow"
"ENCREC_005";"39";"3907";"Sandefjord";"Frisk lågurtbøkeskog";"2018-2024";0.02;"Yellow"
"ENCREC_005";"39";"3907";"Sandefjord";"Frisk lågurtedellauvskog";"2018-2024";1.13;"Yellow"
"ENCREC_005";"39";"3907";"Sandefjord";"Frisk rik edellauvskog";"2018-2024";0.01;"Yellow"
"ENCREC_005";"39";"3907";"Sandefjord";"Gammel fattig edellauvskog";"2018-2024";0.54;"Yellow"
"ENCREC_005";"39";"3907";"Sandefjord";"Hule eiker";"2018-2024";1.02;"Yellow"
"ENCREC_005";"39";"3907";"Sandefjord";"Lågurtbøkeskog";"2018-2024";3.8;"Yellow"
"ENCREC_005";"39";"3907";"Sandefjord";"Lågurteikeskog";"2018-2024";0.13;"Yellow"
"ENCREC_005";"39";"3907";"Sandefjord";"Naturbeitemark";"2018-2024";0.18;"Yellow"
"ENCREC_005";"39";"3907";"Sandefjord";"Semi-naturlig strandeng";"2018-2024";0.08;"Yellow"
"ENCREC_005";"39";"3909";"Larvik";"Frisk lågurtbøkeskog";"2018-2024";0.9;"Yellow"
"ENCREC_005";"39";"3909";"Larvik";"Gammel fattig edellauvskog";"2018-2024";4.75;"Yellow"
"ENCREC_005";"39";"3909";"Larvik";"Gammel furuskog med stående død ved";"2018-2024";0.17;"Yellow"
"ENCREC_005";"39";"3909";"Larvik";"Hule eiker";"2018-2024";4.17;"Yellow"
"ENCREC_005";"39";"3909";"Larvik";"Kilde-edellauvskog";"2018-2024";1.35;"Yellow"
"ENCREC_005";"39";"3909";"Larvik";"Lågurtbøkeskog";"2018-2024";0.11;"Yellow"
"ENCREC_005";"39";"3909";"Larvik";"Lågurtedellauvskog";"2018-2024";0.3;"Yellow"
"ENCREC_005";"39";"3909";"Larvik";"Lågurteikeskog";"2018-2024";1.04;"Yellow"
"ENCREC_005";"39";"3909";"Larvik";"Lågurtfuruskog";"2018-2024";0.08;"Yellow"
"ENCREC_005";"39";"3909";"Larvik";"Rik svartorsumpskog";"2018-2024";0.7;"Yellow"
"ENCREC_005";"39";"3909";"Larvik";"Slåttemark";"2018-2024";0.59;"Yellow"
"ENCREC_005";"39";"3911";"Færder";"Frisk lågurtedellauvskog";"2018-2024";0.15;"Yellow"
"ENCREC_005";"39";"3911";"Færder";"Frisk lågurtfuruskog";"2018-2024";0.16;"Yellow"
"ENCREC_005";"39";"3911";"Færder";"Gammel fattig edellauvskog";"2018-2024";0.02;"Yellow"
"ENCREC_005";"39";"3911";"Færder";"Gammel furuskog med gamle trær";"2018-2024";0.01;"Yellow"
"ENCREC_005";"39";"3911";"Færder";"Gammel lågurtospeskog";"2018-2024";0.54;"Yellow"
"ENCREC_005";"39";"3911";"Færder";"Hule eiker";"2018-2024";1.96;"Yellow"
"ENCREC_005";"39";"3911";"Færder";"Lågurtbøkeskog";"2018-2024";0.01;"Yellow"
"ENCREC_005";"39";"3911";"Færder";"Naturbeitemark";"2018-2024";2.06;"Yellow"
"ENCREC_005";"39";"3911";"Færder";"Slåttemark";"2018-2024";1.32;"Yellow"
"ENCREC_005";"40";"4003";"Skien";"Frisk lågurtedellauvskog";"2018-2024";9.94;"Yellow"
"ENCREC_005";"40";"4003";"Skien";"Gammel fattig edellauvskog";"2018-2024";0.85;"Yellow"
"ENCREC_005";"40";"4003";"Skien";"Hule eiker";"2018-2024";0.46;"Yellow"
"ENCREC_005";"40";"4003";"Skien";"Middels kalkrik innsjø (Klar intermediær innsjø)";"2018-2024";0.35;"Yellow"
"ENCREC_005";"40";"4003";"Skien";"Naturbeitemark";"2018-2024";6.71;"Orange"
"ENCREC_005";"40";"4012";"Bamble";"Hule eiker";"2018-2024";0.78;"Yellow"
"ENCREC_005";"40";"4014";"Kragerø";"Parklandskap";"2018-2024";0.01;"Yellow"
"ENCREC_005";"40";"4036";"Vinje";"Eng-aktig sterkt endret fastmark";"2018-2024";4.33;"Yellow"
"ENCREC_005";"42";"4202";"Grimstad";"Frisk lågurtedellauvskog";"2018-2024";0.02;"Yellow"
"ENCREC_005";"42";"4202";"Grimstad";"Hagemark";"2018-2024";0.21;"Yellow"
"ENCREC_005";"42";"4202";"Grimstad";"Kystlynghei";"2018-2024";0.65;"Yellow"
"ENCREC_005";"42";"4202";"Grimstad";"Lågurteikeskog";"2018-2024";2.07;"Yellow"
"ENCREC_005";"42";"4203";"Arendal";"Frisk rik edellauvskog";"2018-2024";0.28;"Yellow"
"ENCREC_005";"42";"4203";"Arendal";"Gammel fattig edellauvskog";"2018-2024";1.53;"Yellow"
"ENCREC_005";"42";"4203";"Arendal";"Hule eiker";"2018-2024";0.01;"Yellow"
"ENCREC_005";"42";"4203";"Arendal";"Lågurteikeskog";"2018-2024";0.99;"Yellow"
"ENCREC_005";"42";"4203";"Arendal";"Lågurtfuruskog";"2018-2024";0.52;"Yellow"
"ENCREC_005";"42";"4203";"Arendal";"Strandeng";"2018-2024";0.02;"Yellow"
"ENCREC_005";"42";"4203";"Arendal";"Strandeng og strandsump";"2018-2024";0.42;"Yellow"
"ENCREC_005";"42";"4204";"Kristiansand";"Gammel fattig edellauvskog";"2018-2024";0;"Yellow"
"ENCREC_005";"42";"4205";"Lindesnes";"Kystlynghei";"2018-2024";7.03;"Yellow"
"ENCREC_005";"42";"4205";"Lindesnes";"Lågurteikeskog";"2018-2024";0.22;"Yellow"
"ENCREC_005";"42";"4205";"Lindesnes";"Rik sump- og kildeskog";"2018-2024";0.16;"Yellow"
"ENCREC_005";"42";"4206";"Farsund";"Hule eiker";"2018-2024";1.71;"Yellow"
"ENCREC_005";"42";"4206";"Farsund";"Kystlynghei";"2018-2024";0;"Yellow"
"ENCREC_005";"42";"4206";"Farsund";"Semi-naturlig eng";"2018-2024";0.05;"Yellow"
"ENCREC_005";"42";"4206";"Farsund";"Slåttemark";"2018-2024";0;"Yellow"
"ENCREC_005";"42";"4207";"Flekkefjord";"Kystlynghei";"2018-2024";2;"Orange"
"ENCREC_005";"42";"4213";"Tvedestrand";"Frisk lågurtedellauvskog";"2018-2024";0.01;"Yellow"
"ENCREC_005";"42";"4213";"Tvedestrand";"Gammel furuskog med gamle trær";"2018-2024";0.52;"Yellow"
"ENCREC_005";"42";"4213";"Tvedestrand";"Hule eiker";"2018-2024";0.04;"Yellow"
"ENCREC_005";"42";"4213";"Tvedestrand";"Lågurteikeskog";"2018-2024";0.62;"Yellow"
"ENCREC_005";"42";"4213";"Tvedestrand";"Strandeng";"2018-2024";0.42;"Yellow"
"ENCREC_005";"42";"4215";"Lillesand";"Eng-aktig sterkt endret fastmark";"2018-2024";0.06;"Yellow"
"ENCREC_005";"42";"4215";"Lillesand";"Hule eiker";"2018-2024";0.37;"Yellow"
"ENCREC_005";"42";"4215";"Lillesand";"Kystlynghei";"2018-2024";6.26;"Yellow"
"ENCREC_005";"42";"4215";"Lillesand";"Naturbeitemark";"2018-2024";0.7;"Yellow"
"ENCREC_005";"42";"4215";"Lillesand";"Rik svartorsumpskog";"2018-2024";3.69;"Yellow"
"ENCREC_005";"42";"4215";"Lillesand";"Slåttemark";"2018-2024";0.01;"Yellow"
"ENCREC_005";"46";"4601";"Bergen";"Gammel fattig edellauvskog";"2018-2024";0.01;"Yellow"
"ENCREC_005";"46";"4601";"Bergen";"Hule eiker";"2018-2024";0;"Yellow"
"ENCREC_005";"46";"4601";"Bergen";"Naturbeitemark";"2018-2024";0;"Yellow"
"ENCREC_005";"46";"4612";"Sveio";"Kystlynghei";"2018-2024";17.09;"Yellow"
"ENCREC_005";"46";"4613";"Bømlo";"Kystlynghei";"2018-2024";0.03;"Yellow"
"ENCREC_005";"46";"4613";"Bømlo";"Naturbeitemark";"2018-2024";2.73;"Yellow"
"ENCREC_005";"46";"4613";"Bømlo";"Rik åpen sørlig jordvannsmyr";"2018-2024";0.03;"Yellow"
"ENCREC_005";"46";"4615";"Fitjar";"Naturbeitemark";"2018-2024";0.09;"Yellow"
"ENCREC_005";"46";"4616";"Tysnes";"Frisk lågurtedellauvskog";"2018-2024";0;"Yellow"
"ENCREC_005";"46";"4617";"Kvinnherad";"Hule eiker";"2018-2024";0.75;"Yellow"
"ENCREC_005";"46";"4617";"Kvinnherad";"Store gamle trær";"2018-2024";0.01;"Yellow"
"ENCREC_005";"46";"4618";"Ullensvang";"Gammel barskog";"2018-2024";0.12;"Yellow"
"ENCREC_005";"46";"4619";"Eidfjord";"Eng-aktig sterkt endret fastmark";"2018-2024";0.42;"Yellow"
"ENCREC_005";"46";"4619";"Eidfjord";"Semi-naturlig eng";"2018-2024";4.38;"Yellow"
"ENCREC_005";"46";"4622";"Kvam";"Boreal hei";"2018-2024";1.23;"Yellow"
"ENCREC_005";"46";"4622";"Kvam";"Rik edellauvskog";"2018-2024";14.41;"Yellow"
"ENCREC_005";"46";"4625";"Austevoll";"Kystlynghei";"2018-2024";10.65;"Yellow"
"ENCREC_005";"46";"4626";"Øygarden";"Kystlynghei";"2018-2024";43.86;"Yellow"
"ENCREC_005";"46";"4626";"Øygarden";"Naturbeitemark";"2018-2024";13.92;"Yellow"
"ENCREC_005";"46";"4627";"Askøy";"Kystlynghei";"2018-2024";4.02;"Yellow"
"ENCREC_005";"46";"4627";"Askøy";"Naturbeitemark";"2018-2024";0.31;"Yellow"
"ENCREC_005";"46";"4635";"Gulen";"Kystlynghei";"2018-2024";3.55;"Yellow"
"ENCREC_005";"46";"4636";"Solund";"Kystlynghei";"2018-2024";0.02;"Yellow"
"ENCREC_005";"46";"4640";"Sogndal";"Gammel barskog";"2018-2024";0.48;"Yellow"
"ENCREC_005";"46";"4640";"Sogndal";"Gammel fattig edellauvskog";"2018-2024";0.05;"Yellow"
"ENCREC_005";"46";"4640";"Sogndal";"Rik edellauvskog";"2018-2024";2.84;"Yellow"
"ENCREC_005";"46";"4640";"Sogndal";"Slåttemark";"2018-2024";0.06;"Yellow"
"ENCREC_005";"46";"4644";"Luster";"Eng-aktig sterkt endret fastmark";"2018-2024";0.16;"Yellow"
"ENCREC_005";"46";"4644";"Luster";"Flomskogsmark";"2018-2024";0.01;"Yellow"
"ENCREC_005";"46";"4644";"Luster";"Rik edellauvskog";"2018-2024";0.44;"Yellow"
"ENCREC_005";"46";"4647";"Sunnfjord";"Elveslette";"2018-2024";0.09;"Yellow"
"ENCREC_005";"46";"4647";"Sunnfjord";"Kalkfattig og intermediær fjellhei, leside og tundra";"2018-2024";1.53;"Yellow"
"ENCREC_005";"46";"4649";"Stad";"Boreal hei";"2018-2024";1.04;"Yellow"
"ENCREC_005";"46";"4649";"Stad";"Kalkfattig og intermediær fjellhei, leside og tundra";"2018-2024";13.68;"Yellow"
"ENCREC_005";"46";"4649";"Stad";"Slåttemark";"2018-2024";2.16;"Yellow"
"ENCREC_005";"46";"4651";"Stryn";"Flomskogsmark";"2018-2024";0.24;"Yellow"
"ENCREC_005";"46";"4651";"Stryn";"Naturbeitemark";"2018-2024";0.14;"Yellow"
"ENCREC_005";"50";"5001";"Trondheim";"Frisk lågurtedellauvskog";"2018-2024";0.02;"Yellow"
"ENCREC_005";"50";"5001";"Trondheim";"Gammel høgstaudegråorskog";"2018-2024";0.91;"Yellow"
"ENCREC_005";"50";"5001";"Trondheim";"Hagemark";"2018-2024";0.17;"Yellow"
"ENCREC_005";"50";"5001";"Trondheim";"Hule eiker";"2018-2024";0.14;"Yellow"
"ENCREC_005";"50";"5001";"Trondheim";"Kalk- og lågurtfuruskog";"2018-2024";0.02;"Yellow"
"ENCREC_005";"50";"5006";"Steinkjer";"Flomskogsmark";"2018-2024";0.82;"Yellow"
"ENCREC_005";"50";"5014";"Frøya";"Kystlynghei";"2018-2024";119.6;"Yellow"
"ENCREC_005";"50";"5014";"Frøya";"Naturbeitemark";"2018-2024";5.76;"Yellow"
"ENCREC_005";"50";"5014";"Frøya";"Semi-naturlig eng";"2018-2024";0.76;"Yellow"
"ENCREC_005";"50";"5021";"Oppdal";"Boreal hei";"2018-2024";16.6;"Yellow"
"ENCREC_005";"50";"5021";"Oppdal";"Eng-aktig sterkt endret fastmark";"2018-2024";0.01;"Yellow"
"ENCREC_005";"50";"5021";"Oppdal";"Gammel lågurtospeskog";"2018-2024";2.53;"Yellow"
"ENCREC_005";"50";"5021";"Oppdal";"Naturbeitemark";"2018-2024";5.27;"Yellow"
"ENCREC_005";"50";"5022";"Rennebu";"Gammel furuskog med stående død ved";"2018-2024";0;"Yellow"
"ENCREC_005";"50";"5025";"Røros";"Boreal hei";"2018-2024";0.11;"Yellow"
"ENCREC_005";"50";"5025";"Røros";"Naturbeitemark";"2018-2024";2.59;"Yellow"
"ENCREC_005";"50";"5025";"Røros";"Semi-naturlig eng";"2018-2024";16.44;"Yellow"
"ENCREC_005";"50";"5025";"Røros";"Åpen flomfastmark";"2018-2024";0;"Yellow"
"ENCREC_005";"50";"5026";"Holtålen";"Gammel lågurtospeskog";"2018-2024";1.78;"Yellow"
"ENCREC_005";"50";"5028";"Melhus";"Eng-aktig sterkt endret fastmark";"2018-2024";0.1;"Yellow"
"ENCREC_005";"50";"5028";"Melhus";"Flomskogsmark";"2018-2024";1.37;"Yellow"
"ENCREC_005";"50";"5028";"Melhus";"Åpen flomfastmark";"2018-2024";0.19;"Yellow"
"ENCREC_005";"50";"5028";"Melhus";"Åpen flommark";"2018-2024";8.44;"Yellow"
"ENCREC_005";"50";"5031";"Malvik";"Gammel granskog med liggende død ved";"2018-2024";0.26;"Yellow"
"ENCREC_005";"50";"5033";"Tydal";"Rikmyr";"2018-2024";2.14;"Yellow"
"ENCREC_005";"50";"5035";"Stjørdal";"Frisk rik edellauvskog";"2018-2024";0.88;"Yellow"
"ENCREC_005";"50";"5035";"Stjørdal";"Gammel lågurtospeskog";"2018-2024";0;"Yellow"
"ENCREC_005";"50";"5035";"Stjørdal";"Rik gransumpskog";"2018-2024";0.38;"Yellow"
"ENCREC_005";"50";"5035";"Stjørdal";"Rik åpen sørlig jordvannsmyr";"2018-2024";0.01;"Yellow"
"ENCREC_005";"50";"5035";"Stjørdal";"Sørlig nedbørsmyr";"2018-2024";0;"Yellow"
"ENCREC_005";"50";"5037";"Levanger";"Frisk lågurtedellauvskog";"2018-2024";0.09;"Yellow"
"ENCREC_005";"50";"5037";"Levanger";"Kalk- og lågurtfuruskog";"2018-2024";0.01;"Yellow"
"ENCREC_005";"50";"5037";"Levanger";"Nakent tørkeutsatt kalkberg";"2018-2024";1.57;"Yellow"
"ENCREC_005";"50";"5037";"Levanger";"Strandeng";"2018-2024";0.44;"Yellow"
"ENCREC_005";"50";"5038";"Verdal";"Gammel høgstaudegråorskog";"2018-2024";0.14;"Yellow"
"ENCREC_005";"50";"5038";"Verdal";"Åpen flomfastmark";"2018-2024";0.24;"Yellow"
"ENCREC_005";"50";"5045";"Grong";"Boreal regnskog";"2018-2024";0.02;"Yellow"
"ENCREC_005";"50";"5053";"Inderøy";"Strandeng";"2018-2024";0.15;"Yellow"
"ENCREC_005";"50";"5054";"Indre Fosen";"Lågurtfuruskog";"2018-2024";0.02;"Yellow"
"ENCREC_005";"50";"5054";"Indre Fosen";"Naturbeitemark";"2018-2024";0.46;"Yellow"
"ENCREC_005";"50";"5055";"Heim";"Kalkfattig og klar bekk eller elv";"2018-2024";0.13;"Yellow"
"ENCREC_005";"50";"5056";"Hitra";"Kalkfattig og intermediær fjellhei, leside og tundra";"2018-2024";0.27;"Yellow"
"ENCREC_005";"50";"5056";"Hitra";"Kystlynghei";"2018-2024";12.79;"Yellow"
"ENCREC_005";"50";"5057";"Ørland";"Boreal hei";"2018-2024";1.19;"Yellow"
"ENCREC_005";"50";"5057";"Ørland";"Hagemark";"2018-2024";0.13;"Yellow"
"ENCREC_005";"50";"5057";"Ørland";"Kystlynghei";"2018-2024";2.1;"Yellow"
"ENCREC_005";"50";"5057";"Ørland";"Naturbeitemark";"2018-2024";2.18;"Yellow"
"ENCREC_005";"50";"5057";"Ørland";"Semi-naturlig strandeng";"2018-2024";0.06;"Yellow"
"ENCREC_005";"50";"5058";"Åfjord";"Kystlynghei";"2018-2024";3.15;"Yellow"
"ENCREC_005";"50";"5059";"Orkland";"Gammel høgstaudegråorskog";"2018-2024";0.09;"Yellow"
"ENCREC_005";"50";"5060";"Nærøysund";"Kystlynghei";"2018-2024";5.93;"Yellow"
"ENCREC_005";"55";"5501";"Tromsø";"Boreal hei";"2018-2024";0.45;"Yellow"
"ENCREC_005";"55";"5501";"Tromsø";"Flomskogsmark";"2018-2024";0.02;"Yellow"
"ENCREC_005";"55";"5501";"Tromsø";"Hagemark";"2018-2024";0.22;"Yellow"
"ENCREC_005";"55";"5501";"Tromsø";"Rik åpen jordvannsmyr i mellomboreal sone";"2018-2024";0.33;"Yellow"
"ENCREC_005";"55";"5503";"Harstad/Hárstták";"Naturbeitemark";"2018-2024";0.03;"Yellow"
"ENCREC_005";"55";"5503";"Harstad/Hárstták";"Slåtte- og beitemyr";"2018-2024";0.09;"Yellow"
"ENCREC_005";"55";"5512";"Dielddanuorri/Tjeldsund";"Kalkbjørkeskog";"2018-2024";0.22;"Yellow"
"ENCREC_005";"55";"5512";"Dielddanuorri/Tjeldsund";"Kalkrik åpen jordvannsmyr i boreonemoral til nordboreal sone";"2018-2024";0.98;"Yellow"
"ENCREC_005";"55";"5512";"Dielddanuorri/Tjeldsund";"Naturbeitemark";"2018-2024";2.58;"Yellow"
"ENCREC_005";"55";"5524";"Målselv";"Flomskogsmark";"2018-2024";0.04;"Yellow"
"ENCREC_005";"55";"5538";"Storfjord/Omasvuotna/Omasvuono";"Brakkvannsdelta";"2018-2024";3.45;"Orange"
"ENCREC_005";"55";"5538";"Storfjord/Omasvuotna/Omasvuono";"Flomskogsmark";"2018-2024";0.88;"Yellow"
"ENCREC_005";"55";"5540";"Gáivuotna/Kåfjord/Kaivuono";"Flomskogsmark";"2018-2024";0.08;"Yellow"
"ENCREC_005";"55";"5540";"Gáivuotna/Kåfjord/Kaivuono";"Naturbeitemark";"2018-2024";3.72;"Yellow"
"ENCREC_005";"56";"5601";"Alta";"Aktiv skredmark";"2018-2024";0.05;"Yellow"
"ENCREC_005";"56";"5601";"Alta";"Flomskogsmark";"2018-2024";19.1;"Yellow"
"ENCREC_005";"56";"5601";"Alta";"Åpen flomfastmark";"2018-2024";20.61;"Yellow"
"ENCREC_005";"56";"5603";"Hammerfest/Hámmerfeasta";"Sanddyne";"2018-2024";1.13;"Yellow"
"ENCREC_005";"56";"5620";"Nordkapp";"Kalkrik fjellhei, leside og tundra";"2018-2024";0.1;"Yellow"
"ENCREC_005";"56";"5622";"Porsanger/Porsáŋgu/Porsanki";"Aktiv skredmark";"2018-2024";0.39;"Yellow"
"ENCREC_005";"56";"5622";"Porsanger/Porsáŋgu/Porsanki";"Boreal hei";"2018-2024";0.01;"Yellow"
"ENCREC_005";"56";"5622";"Porsanger/Porsáŋgu/Porsanki";"Flomskogsmark";"2018-2024";0.59;"Yellow"
"ENCREC_005";"56";"5622";"Porsanger/Porsáŋgu/Porsanki";"Åpen flomfastmark";"2018-2024";2.65;"Yellow"
"ENCREC_005";"56";"5628";"Deatnu/Tana";"Sanddyne";"2018-2024";0.03;"Yellow"
"ENCREC_005";"56";"5632";"Båtsfjord";"Naturbeitemark";"2018-2024";2.22;"Yellow"
"ENCREC_005";"Totalt";"Totalt";"Totalt";"Aktiv skredmark";"2018-2024";0.44;"Yellow"
"ENCREC_005";"Totalt";"Totalt";"Totalt";"Boreal hei";"2018-2024";92.76;"Yellow"
"ENCREC_005";"Totalt";"Totalt";"Totalt";"Boreal regnskog";"2018-2024";0.02;"Yellow"
"ENCREC_005";"Totalt";"Totalt";"Totalt";"Brakkvannsdelta";"2018-2024";3.45;"Yellow"
"ENCREC_005";"Totalt";"Totalt";"Totalt";"Dam";"2018-2024";0.05;"Yellow"
"ENCREC_005";"Totalt";"Totalt";"Totalt";"Elveslette";"2018-2024";0.09;"Yellow"
"ENCREC_005";"Totalt";"Totalt";"Totalt";"Eng-aktig sterkt endret fastmark";"2018-2024";5.84;"Yellow"
"ENCREC_005";"Totalt";"Totalt";"Totalt";"Flomskogsmark";"2018-2024";27.94;"Yellow"
"ENCREC_005";"Totalt";"Totalt";"Totalt";"Frisk kalkedellauvskog";"2018-2024";3.67;"Yellow"
"ENCREC_005";"Totalt";"Totalt";"Totalt";"Frisk kalkgranskog";"2018-2024";0.49;"Yellow"
"ENCREC_005";"Totalt";"Totalt";"Totalt";"Frisk lågurtbøkeskog";"2018-2024";0.92;"Yellow"
"ENCREC_005";"Totalt";"Totalt";"Totalt";"Frisk lågurtedellauvskog";"2018-2024";20.2;"Yellow"
"ENCREC_005";"Totalt";"Totalt";"Totalt";"Frisk lågurtfuruskog";"2018-2024";0.16;"Yellow"
"ENCREC_005";"Totalt";"Totalt";"Totalt";"Frisk rik edellauvskog";"2018-2024";5.9;"Yellow"
"ENCREC_005";"Totalt";"Totalt";"Totalt";"Gammel barskog";"2018-2024";0.6;"Yellow"
"ENCREC_005";"Totalt";"Totalt";"Totalt";"Gammel fattig edellauvskog";"2018-2024";10.81;"Yellow"
"ENCREC_005";"Totalt";"Totalt";"Totalt";"Gammel fattig sumpskog";"2018-2024";1.36;"Yellow"
"ENCREC_005";"Totalt";"Totalt";"Totalt";"Gammel furudominert naturskog";"2018-2024";6.19;"Yellow"
"ENCREC_005";"Totalt";"Totalt";"Totalt";"Gammel furuskog med gamle trær";"2018-2024";13.42;"Yellow"
"ENCREC_005";"Totalt";"Totalt";"Totalt";"Gammel furuskog med stående død ved";"2018-2024";4.09;"Yellow"
"ENCREC_005";"Totalt";"Totalt";"Totalt";"Gammel grandominert naturskog";"2018-2024";2.09;"Yellow"
"ENCREC_005";"Totalt";"Totalt";"Totalt";"Gammel granskog";"2018-2024";11.65;"Yellow"
"ENCREC_005";"Totalt";"Totalt";"Totalt";"Gammel granskog med gamle trær";"2018-2024";17.41;"Yellow"
"ENCREC_005";"Totalt";"Totalt";"Totalt";"Gammel granskog med liggende død ved";"2018-2024";1.02;"Yellow"
"ENCREC_005";"Totalt";"Totalt";"Totalt";"Gammel høgstaudegråorskog";"2018-2024";1.72;"Yellow"
"ENCREC_005";"Totalt";"Totalt";"Totalt";"Gammel lågurtgranskog";"2018-2024";1.91;"Yellow"
"ENCREC_005";"Totalt";"Totalt";"Totalt";"Gammel lågurtospeskog";"2018-2024";5.61;"Yellow"
"ENCREC_005";"Totalt";"Totalt";"Totalt";"Gammel lågurtselje-rogneskog";"2018-2024";0.49;"Yellow"
"ENCREC_005";"Totalt";"Totalt";"Totalt";"Gråor-heggeskog";"2018-2024";0.36;"Yellow"
"ENCREC_005";"Totalt";"Totalt";"Totalt";"Hagemark";"2018-2024";14.55;"Yellow"
"ENCREC_005";"Totalt";"Totalt";"Totalt";"Hule eiker";"2018-2024";41.69;"Yellow"
"ENCREC_005";"Totalt";"Totalt";"Totalt";"Hurtigstrømmende elveløp";"2018-2024";0.03;"Yellow"
"ENCREC_005";"Totalt";"Totalt";"Totalt";"Høgereligende og nordlig nedbørsmyr";"2018-2024";27.02;"Yellow"
"ENCREC_005";"Totalt";"Totalt";"Totalt";"Høgstaude-edellauvskog";"2018-2024";0.11;"Yellow"
"ENCREC_005";"Totalt";"Totalt";"Totalt";"Høstingsskog";"2018-2024";0.22;"Yellow"
"ENCREC_005";"Totalt";"Totalt";"Totalt";"Intakt lavlandsmyr i innlandet";"2018-2024";0.34;"Yellow"
"ENCREC_005";"Totalt";"Totalt";"Totalt";"Kalk- og lågurtfuruskog";"2018-2024";2.08;"Yellow"
"ENCREC_005";"Totalt";"Totalt";"Totalt";"Kalkbarskog";"2018-2024";9.4;"Yellow"
"ENCREC_005";"Totalt";"Totalt";"Totalt";"Kalkbarskog, grandominert";"2018-2024";0.88;"Yellow"
"ENCREC_005";"Totalt";"Totalt";"Totalt";"Kalkbjørkeskog";"2018-2024";0.22;"Yellow"
"ENCREC_005";"Totalt";"Totalt";"Totalt";"Kalkedellauvskog";"2018-2024";0.07;"Yellow"
"ENCREC_005";"Totalt";"Totalt";"Totalt";"Kalkfattig og intermediær fjellhei, leside og tundra";"2018-2024";15.48;"Yellow"
"ENCREC_005";"Totalt";"Totalt";"Totalt";"Kalkfattig og klar bekk eller elv";"2018-2024";0.13;"Yellow"
"ENCREC_005";"Totalt";"Totalt";"Totalt";"Kalkfuruskog";"2018-2024";2.82;"Yellow"
"ENCREC_005";"Totalt";"Totalt";"Totalt";"Kalkhasselskog";"2018-2024";0.09;"Yellow"
"ENCREC_005";"Totalt";"Totalt";"Totalt";"Kalklindeskog";"2018-2024";0.18;"Yellow"
"ENCREC_005";"Totalt";"Totalt";"Totalt";"Kalkrik alm-lind-hasselskog";"2018-2024";10.97;"Yellow"
"ENCREC_005";"Totalt";"Totalt";"Totalt";"Kalkrik fjellhei, leside og tundra";"2018-2024";0.1;"Yellow"
"ENCREC_005";"Totalt";"Totalt";"Totalt";"Kalkrik åpen jordvannsmyr i boreonemoral til nordboreal sone";"2018-2024";0.98;"Yellow"
"ENCREC_005";"Totalt";"Totalt";"Totalt";"Kalksjø";"2018-2024";7.38;"Yellow"
"ENCREC_005";"Totalt";"Totalt";"Totalt";"Kalkskog";"2018-2024";0.18;"Yellow"
"ENCREC_005";"Totalt";"Totalt";"Totalt";"Kanthøymyr";"2018-2024";0.17;"Yellow"
"ENCREC_005";"Totalt";"Totalt";"Totalt";"Kilde-edellauvskog";"2018-2024";1.35;"Yellow"
"ENCREC_005";"Totalt";"Totalt";"Totalt";"Kroksjøer, flomdammer og meandrerende elveparti";"2018-2024";2.51;"Yellow"
"ENCREC_005";"Totalt";"Totalt";"Totalt";"Kystlynghei";"2018-2024";363.72;"Yellow"
"ENCREC_005";"Totalt";"Totalt";"Totalt";"Kystmyr";"2018-2024";0.17;"Yellow"
"ENCREC_005";"Totalt";"Totalt";"Totalt";"Lågurtalm-lind-hasselskog";"2018-2024";1.64;"Yellow"
"ENCREC_005";"Totalt";"Totalt";"Totalt";"Lågurtbøkeskog";"2018-2024";3.92;"Yellow"
"ENCREC_005";"Totalt";"Totalt";"Totalt";"Lågurtedellauvskog";"2018-2024";2.14;"Yellow"
"ENCREC_005";"Totalt";"Totalt";"Totalt";"Lågurteikeskog";"2018-2024";9.16;"Yellow"
"ENCREC_005";"Totalt";"Totalt";"Totalt";"Lågurtfuruskog";"2018-2024";15.17;"Yellow"
"ENCREC_005";"Totalt";"Totalt";"Totalt";"Middels kalkrik innsjø (Klar intermediær innsjø)";"2018-2024";0.35;"Yellow"
"ENCREC_005";"Totalt";"Totalt";"Totalt";"Mudderbank";"2018-2024";0.08;"Yellow"
"ENCREC_005";"Totalt";"Totalt";"Totalt";"Nakent tørkeutsatt kalkberg";"2018-2024";1.59;"Yellow"
"ENCREC_005";"Totalt";"Totalt";"Totalt";"Naturbeitemark";"2018-2024";99.52;"Yellow"
"ENCREC_005";"Totalt";"Totalt";"Totalt";"Parklandskap";"2018-2024";0.08;"Yellow"
"ENCREC_005";"Totalt";"Totalt";"Totalt";"Ravinedal";"2018-2024";16.6;"Yellow"
"ENCREC_005";"Totalt";"Totalt";"Totalt";"Regnskog";"2018-2024";7.44;"Yellow"
"ENCREC_005";"Totalt";"Totalt";"Totalt";"Rik barskog";"2018-2024";0;"Yellow"
"ENCREC_005";"Totalt";"Totalt";"Totalt";"Rik edellauvskog";"2018-2024";34.84;"Yellow"
"ENCREC_005";"Totalt";"Totalt";"Totalt";"Rik gransumpskog";"2018-2024";0.73;"Yellow"
"ENCREC_005";"Totalt";"Totalt";"Totalt";"Rik kulturlandskapssjø";"2018-2024";0.75;"Yellow"
"ENCREC_005";"Totalt";"Totalt";"Totalt";"Rik sandfuruskog";"2018-2024";0.16;"Yellow"
"ENCREC_005";"Totalt";"Totalt";"Totalt";"Rik sump- og kildeskog";"2018-2024";0.16;"Yellow"
"ENCREC_005";"Totalt";"Totalt";"Totalt";"Rik svartorsumpskog";"2018-2024";4.96;"Yellow"
"ENCREC_005";"Totalt";"Totalt";"Totalt";"Rik åpen jordvannsmyr i mellomboreal sone";"2018-2024";1.93;"Yellow"
"ENCREC_005";"Totalt";"Totalt";"Totalt";"Rik åpen sørlig jordvannsmyr";"2018-2024";0.53;"Yellow"
"ENCREC_005";"Totalt";"Totalt";"Totalt";"Rikmyr";"2018-2024";18.55;"Yellow"
"ENCREC_005";"Totalt";"Totalt";"Totalt";"Saltpåvirket svartorstrandskog";"2018-2024";0.71;"Yellow"
"ENCREC_005";"Totalt";"Totalt";"Totalt";"Sanddyne";"2018-2024";5.06;"Yellow"
"ENCREC_005";"Totalt";"Totalt";"Totalt";"Sandfuruskog";"2018-2024";0.23;"Yellow"
"ENCREC_005";"Totalt";"Totalt";"Totalt";"Semi-naturlig eng";"2018-2024";26.21;"Yellow"
"ENCREC_005";"Totalt";"Totalt";"Totalt";"Semi-naturlig strandeng";"2018-2024";3.33;"Yellow"
"ENCREC_005";"Totalt";"Totalt";"Totalt";"Slåtte- og beitemyr";"2018-2024";6.58;"Yellow"
"ENCREC_005";"Totalt";"Totalt";"Totalt";"Slåttemark";"2018-2024";12.43;"Yellow"
"ENCREC_005";"Totalt";"Totalt";"Totalt";"Slåttemyr";"2018-2024";0.46;"Yellow"
"ENCREC_005";"Totalt";"Totalt";"Totalt";"Store gamle trær";"2018-2024";1.58;"Yellow"
"ENCREC_005";"Totalt";"Totalt";"Totalt";"Strandeng";"2018-2024";1.31;"Yellow"
"ENCREC_005";"Totalt";"Totalt";"Totalt";"Strandeng og strandsump";"2018-2024";0.49;"Yellow"
"ENCREC_005";"Totalt";"Totalt";"Totalt";"Svært tørkeutsatt sørlig kalkberg";"2018-2024";0.3;"Yellow"
"ENCREC_005";"Totalt";"Totalt";"Totalt";"Sørlig nedbørsmyr";"2018-2024";6.67;"Yellow"
"ENCREC_005";"Totalt";"Totalt";"Totalt";"Viktig bekkedrag";"2018-2024";2.48;"Yellow"
"ENCREC_005";"Totalt";"Totalt";"Totalt";"Åpen flomfastmark";"2018-2024";23.73;"Yellow"
"ENCREC_005";"Totalt";"Totalt";"Totalt";"Åpen flommark";"2018-2024";8.48;"Yellow"
"ENCREC_005";"Totalt";"Totalt";"Totalt";"Åpen grunnlendt kalkmark i boreonemoral sone";"2018-2024";0.05;"Yellow"
"ENCREC_005";"Totalt";"Totalt";"Totalt";"Åpen kalkmark";"2018-2024";0.3;"Yellow"
"ENCREC_005";"Totalt";"Totalt";"Totalt";"Øyblandingsmyr";"2018-2024";0.29;"Yellow"
"ENCREC_006";"03";"0301";"Oslo";"Flomskogsmark";"2018-2024";0.44;"Yellow"
"ENCREC_006";"03";"0301";"Oslo";"Frisk kalkedellauvskog";"2018-2024";0.01;"Yellow"
"ENCREC_006";"03";"0301";"Oslo";"Frisk lågurtedellauvskog";"2018-2024";0.49;"Yellow"
"ENCREC_006";"03";"0301";"Oslo";"Gammel granskog";"2018-2024";0.13;"Green"
"ENCREC_006";"03";"0301";"Oslo";"Gammel høgstaudegråorskog";"2018-2024";0.28;"Yellow"
"ENCREC_006";"03";"0301";"Oslo";"Hule eiker";"2018-2024";0.61;"Yellow"
"ENCREC_006";"03";"0301";"Oslo";"Kalkedellauvskog";"2018-2024";0.03;"Yellow"
"ENCREC_006";"03";"0301";"Oslo";"Rik edellauvskog";"2018-2024";0.06;"Yellow"
"ENCREC_006";"03";"0301";"Oslo";"Slåttemark";"2018-2024";0.17;"Yellow"
"ENCREC_006";"03";"0301";"Oslo";"Store gamle trær";"2018-2024";0.21;"Yellow"
"ENCREC_006";"11";"1103";"Stavanger";"Eng-aktig sterkt endret fastmark";"2018-2024";0.01;"Yellow"
"ENCREC_006";"11";"1103";"Stavanger";"Hule eiker";"2018-2024";1.27;"Yellow"
"ENCREC_006";"11";"1103";"Stavanger";"Kystlynghei";"2018-2024";0.17;"Yellow"
"ENCREC_006";"11";"1103";"Stavanger";"Naturbeitemark";"2018-2024";0.68;"Green"
"ENCREC_006";"11";"1108";"Sandnes";"Gammel fattig edellauvskog";"2018-2024";0;"Yellow"
"ENCREC_006";"11";"1108";"Sandnes";"Hule eiker";"2018-2024";2.51;"Yellow"
"ENCREC_006";"11";"1108";"Sandnes";"Kystlynghei";"2018-2024";46.71;"Yellow"
"ENCREC_006";"11";"1108";"Sandnes";"Parklandskap";"2018-2024";0.07;"Orange"
"ENCREC_006";"11";"1119";"Hå";"Kystlynghei";"2018-2024";12.43;"Yellow"
"ENCREC_006";"11";"1119";"Hå";"Naturbeitemark";"2018-2024";13.71;"Yellow"
"ENCREC_006";"11";"1124";"Sola";"Semi-naturlig strandeng";"2018-2024";2.04;"Yellow"
"ENCREC_006";"11";"1130";"Strand";"Høstingsskog";"2018-2024";0.22;"Yellow"
"ENCREC_006";"11";"1130";"Strand";"Kystlynghei";"2018-2024";0.01;"Yellow"
"ENCREC_006";"11";"1134";"Suldal";"Boreal hei";"2018-2024";11.01;"Yellow"
"ENCREC_006";"11";"1134";"Suldal";"Kanthøymyr";"2018-2024";0.17;"Yellow"
"ENCREC_006";"11";"1135";"Sauda";"Hule eiker";"2018-2024";0.63;"Yellow"
"ENCREC_006";"11";"1145";"Bokn";"Eng-aktig sterkt endret fastmark";"2018-2024";0.27;"Yellow"
"ENCREC_006";"11";"1145";"Bokn";"Kystlynghei";"2018-2024";0.71;"Yellow"
"ENCREC_006";"11";"1145";"Bokn";"Naturbeitemark";"2018-2024";2.06;"Green"
"ENCREC_006";"11";"1149";"Karmøy";"Kystlynghei";"2018-2024";13.68;"Yellow"
"ENCREC_006";"11";"1149";"Karmøy";"Naturbeitemark";"2018-2024";0.3;"Yellow"
"ENCREC_006";"11";"1149";"Karmøy";"Øyblandingsmyr";"2018-2024";0.29;"Yellow"
"ENCREC_006";"11";"1151";"Utsira";"Naturbeitemark";"2018-2024";1.38;"Yellow"
"ENCREC_006";"15";"1505";"Kristiansund";"Kystlynghei";"2018-2024";3.08;"Yellow"
"ENCREC_006";"15";"1505";"Kristiansund";"Sørlig nedbørsmyr";"2018-2024";6.67;"Yellow"
"ENCREC_006";"15";"1506";"Molde";"Kystlynghei";"2018-2024";0.34;"Yellow"
"ENCREC_006";"15";"1506";"Molde";"Slåttemark";"2018-2024";0.03;"Yellow"
"ENCREC_006";"15";"1531";"Sula";"Kystlynghei";"2018-2024";0.06;"Yellow"
"ENCREC_006";"15";"1532";"Giske";"Strandeng";"2018-2024";0.21;"Yellow"
"ENCREC_006";"15";"1547";"Aukra";"Kystlynghei";"2018-2024";0.12;"Orange"
"ENCREC_006";"15";"1578";"Fjord";"Kalkskog";"2018-2024";0.18;"Orange"
"ENCREC_006";"15";"1578";"Fjord";"Naturbeitemark";"2018-2024";0.84;"Orange"
"ENCREC_006";"15";"1578";"Fjord";"Slåtte- og beitemyr";"2018-2024";6.49;"Yellow"
"ENCREC_006";"15";"1579";"Hustadvika";"Kystlynghei";"2018-2024";32.39;"Yellow"
"ENCREC_006";"15";"1579";"Hustadvika";"Viktig bekkedrag";"2018-2024";0.15;"Orange"
"ENCREC_006";"15";"1580";"Haram";"Kystlynghei";"2018-2024";0.56;"Yellow"
"ENCREC_006";"15";"1580";"Haram";"Kystmyr";"2018-2024";0.17;"Orange"
"ENCREC_006";"18";"1804";"Bodø";"Boreal hei";"2018-2024";2.02;"Yellow"
"ENCREC_006";"18";"1804";"Bodø";"Gammel lågurtselje-rogneskog";"2018-2024";0.16;"Yellow"
"ENCREC_006";"18";"1804";"Bodø";"Åpen flomfastmark";"2018-2024";0.04;"Yellow"
"ENCREC_006";"18";"1818";"Herøy (Nordland)";"Strandeng";"2018-2024";0.01;"Yellow"
"ENCREC_006";"18";"1838";"Gildeskål";"Boreal hei";"2018-2024";0.19;"Orange"
"ENCREC_006";"18";"1838";"Gildeskål";"Sanddyne";"2018-2024";3.9;"Orange"
"ENCREC_006";"18";"1841";"Fauske/Fuossko";"Lågurtfuruskog";"2018-2024";0.04;"Yellow"
"ENCREC_006";"18";"1845";"Sørfold";"Regnskog";"2018-2024";7.44;"Orange"
"ENCREC_006";"18";"1851";"Lødingen";"Strandeng og strandsump";"2018-2024";0.07;"Orange"
"ENCREC_006";"18";"1853";"Evenes/Evenášši";"Kalksjø";"2018-2024";7.31;"Yellow"
"ENCREC_006";"18";"1853";"Evenes/Evenášši";"Rikmyr";"2018-2024";14.75;"Yellow"
"ENCREC_006";"18";"1860";"Vestvågøy";"Kystlynghei";"2018-2024";5.33;"Yellow"
"ENCREC_006";"18";"1860";"Vestvågøy";"Slåttemark";"2018-2024";0.05;"Green"
"ENCREC_006";"18";"1865";"Vågan";"Boreal hei";"2018-2024";6.82;"Yellow"
"ENCREC_006";"31";"3101";"Halden";"Hule eiker";"2018-2024";0.01;"Yellow"
"ENCREC_006";"31";"3101";"Halden";"Rik edellauvskog";"2018-2024";2.07;"Orange"
"ENCREC_006";"31";"3101";"Halden";"Store gamle trær";"2018-2024";0.02;"Green"
"ENCREC_006";"31";"3103";"Moss";"Hule eiker";"2018-2024";2.99;"Yellow"
"ENCREC_006";"31";"3103";"Moss";"Naturbeitemark";"2018-2024";2.5;"Yellow"
"ENCREC_006";"31";"3103";"Moss";"Store gamle trær";"2018-2024";0.07;"Orange"
"ENCREC_006";"31";"3105";"Sarpsborg";"Hule eiker";"2018-2024";1.28;"Yellow"
"ENCREC_006";"31";"3105";"Sarpsborg";"Semi-naturlig eng";"2018-2024";0.01;"Yellow"
"ENCREC_006";"31";"3105";"Sarpsborg";"Store gamle trær";"2018-2024";0.07;"Yellow"
"ENCREC_006";"31";"3107";"Fredrikstad";"Gammel furudominert naturskog";"2018-2024";6.19;"Yellow"
"ENCREC_006";"31";"3107";"Fredrikstad";"Gammel furuskog med gamle trær";"2018-2024";6.86;"Yellow"
"ENCREC_006";"31";"3107";"Fredrikstad";"Hule eiker";"2018-2024";0.15;"Yellow"
"ENCREC_006";"31";"3110";"Hvaler";"Hule eiker";"2018-2024";0.2;"Yellow"
"ENCREC_006";"31";"3110";"Hvaler";"Kystlynghei";"2018-2024";5.67;"Yellow"
"ENCREC_006";"31";"3110";"Hvaler";"Lågurteikeskog";"2018-2024";0.07;"Yellow"
"ENCREC_006";"31";"3110";"Hvaler";"Naturbeitemark";"2018-2024";0.65;"Yellow"
"ENCREC_006";"31";"3112";"Råde";"Frisk lågurtedellauvskog";"2018-2024";0;"Yellow"
"ENCREC_006";"31";"3112";"Råde";"Hule eiker";"2018-2024";0.79;"Yellow"
"ENCREC_006";"31";"3112";"Råde";"Lågurtfuruskog";"2018-2024";0.01;"Yellow"
"ENCREC_006";"31";"3118";"Indre Østfold";"Rik kulturlandskapssjø";"2018-2024";0.13;"Orange"
"ENCREC_006";"31";"3120";"Rakkestad";"Intakt lavlandsmyr i innlandet";"2018-2024";0.34;"Orange"
"ENCREC_006";"32";"3201";"Bærum";"Flomskogsmark";"2018-2024";0.08;"Yellow"
"ENCREC_006";"32";"3201";"Bærum";"Frisk lågurtedellauvskog";"2018-2024";0.44;"Yellow"
"ENCREC_006";"32";"3201";"Bærum";"Frisk rik edellauvskog";"2018-2024";0.86;"Yellow"
"ENCREC_006";"32";"3201";"Bærum";"Gammel lågurtgranskog";"2018-2024";0.47;"Yellow"
"ENCREC_006";"32";"3201";"Bærum";"Hule eiker";"2018-2024";1.03;"Yellow"
"ENCREC_006";"32";"3201";"Bærum";"Kalkhasselskog";"2018-2024";0.09;"Yellow"
"ENCREC_006";"32";"3201";"Bærum";"Kalkrik alm-lind-hasselskog";"2018-2024";0.72;"Yellow"
"ENCREC_006";"32";"3201";"Bærum";"Lågurtfuruskog";"2018-2024";0.8;"Yellow"
"ENCREC_006";"32";"3201";"Bærum";"Rik edellauvskog";"2018-2024";4.36;"Yellow"
"ENCREC_006";"32";"3201";"Bærum";"Slåttemark";"2018-2024";1.26;"Yellow"
"ENCREC_006";"32";"3201";"Bærum";"Store gamle trær";"2018-2024";0.49;"Yellow"
"ENCREC_006";"32";"3201";"Bærum";"Svært tørkeutsatt sørlig kalkberg";"2018-2024";0.3;"Yellow"
"ENCREC_006";"32";"3201";"Bærum";"Åpen grunnlendt kalkmark i boreonemoral sone";"2018-2024";0.02;"Green"
"ENCREC_006";"32";"3203";"Asker";"Gammel furuskog med gamle trær";"2018-2024";1.06;"Yellow"
"ENCREC_006";"32";"3203";"Asker";"Høgstaude-edellauvskog";"2018-2024";0.09;"Yellow"
"ENCREC_006";"32";"3203";"Asker";"Kalkedellauvskog";"2018-2024";0.04;"Yellow"
"ENCREC_006";"32";"3203";"Asker";"Kalkfuruskog";"2018-2024";0.5;"Yellow"
"ENCREC_006";"32";"3203";"Asker";"Kalklindeskog";"2018-2024";0.18;"Yellow"
"ENCREC_006";"32";"3203";"Asker";"Lågurtfuruskog";"2018-2024";0.26;"Yellow"
"ENCREC_006";"32";"3203";"Asker";"Saltpåvirket svartorstrandskog";"2018-2024";0.02;"Yellow"
"ENCREC_006";"32";"3203";"Asker";"Slåttemark";"2018-2024";0.39;"Yellow"
"ENCREC_006";"32";"3203";"Asker";"Viktig bekkedrag";"2018-2024";0.01;"Yellow"
"ENCREC_006";"32";"3205";"Lillestrøm";"Gammel furuskog med gamle trær";"2018-2024";0.02;"Yellow"
"ENCREC_006";"32";"3205";"Lillestrøm";"Gammel granskog med gamle trær";"2018-2024";0.06;"Yellow"
"ENCREC_006";"32";"3205";"Lillestrøm";"Gammel lågurtgranskog";"2018-2024";1.44;"Yellow"
"ENCREC_006";"32";"3205";"Lillestrøm";"Hule eiker";"2018-2024";0;"Yellow"
"ENCREC_006";"32";"3205";"Lillestrøm";"Kroksjøer, flomdammer og meandrerende elveparti";"2018-2024";0;"Orange"
"ENCREC_006";"32";"3205";"Lillestrøm";"Lågurtalm-lind-hasselskog";"2018-2024";0.24;"Yellow"
"ENCREC_006";"32";"3205";"Lillestrøm";"Ravinedal";"2018-2024";1.6;"Orange"
"ENCREC_006";"32";"3205";"Lillestrøm";"Store gamle trær";"2018-2024";0.11;"Yellow"
"ENCREC_006";"32";"3207";"Nordre Follo";"Flomskogsmark";"2018-2024";0.57;"Yellow"
"ENCREC_006";"32";"3207";"Nordre Follo";"Hagemark";"2018-2024";2.45;"Yellow"
"ENCREC_006";"32";"3207";"Nordre Follo";"Lågurtfuruskog";"2018-2024";0.02;"Green"
"ENCREC_006";"32";"3207";"Nordre Follo";"Rik svartorsumpskog";"2018-2024";0.55;"Yellow"
"ENCREC_006";"32";"3209";"Ullensaker";"Gammel høgstaudegråorskog";"2018-2024";0.17;"Yellow"
"ENCREC_006";"32";"3212";"Nesodden";"Hule eiker";"2018-2024";0.29;"Yellow"
"ENCREC_006";"32";"3212";"Nesodden";"Lågurtalm-lind-hasselskog";"2018-2024";0.31;"Yellow"
"ENCREC_006";"32";"3212";"Nesodden";"Lågurtedellauvskog";"2018-2024";0;"Yellow"
"ENCREC_006";"32";"3212";"Nesodden";"Lågurteikeskog";"2018-2024";0.31;"Yellow"
"ENCREC_006";"32";"3212";"Nesodden";"Rik svartorsumpskog";"2018-2024";0.02;"Green"
"ENCREC_006";"32";"3214";"Frogn";"Hule eiker";"2018-2024";0.43;"Yellow"
"ENCREC_006";"32";"3214";"Frogn";"Høgstaude-edellauvskog";"2018-2024";0.02;"Green"
"ENCREC_006";"32";"3214";"Frogn";"Lågurteikeskog";"2018-2024";0.06;"Yellow"
"ENCREC_006";"32";"3216";"Vestby";"Hule eiker";"2018-2024";4.37;"Yellow"
"ENCREC_006";"32";"3216";"Vestby";"Lågurtalm-lind-hasselskog";"2018-2024";0.53;"Yellow"
"ENCREC_006";"32";"3216";"Vestby";"Store gamle trær";"2018-2024";0.44;"Yellow"
"ENCREC_006";"32";"3218";"Ås";"Gammel granskog med liggende død ved";"2018-2024";0.26;"Yellow"
"ENCREC_006";"32";"3218";"Ås";"Hule eiker";"2018-2024";0.95;"Yellow"
"ENCREC_006";"32";"3218";"Ås";"Kalk- og lågurtfuruskog";"2018-2024";1.74;"Yellow"
"ENCREC_006";"32";"3218";"Ås";"Lågurtalm-lind-hasselskog";"2018-2024";0.5;"Yellow"
"ENCREC_006";"32";"3218";"Ås";"Lågurtfuruskog";"2018-2024";1.02;"Yellow"
"ENCREC_006";"32";"3228";"Nes";"Flomskogsmark";"2018-2024";0.76;"Yellow"
"ENCREC_006";"32";"3228";"Nes";"Ravinedal";"2018-2024";14.51;"Yellow"
"ENCREC_006";"32";"3232";"Nittedal";"Frisk kalkgranskog";"2018-2024";0.49;"Yellow"
"ENCREC_006";"32";"3232";"Nittedal";"Gråor-heggeskog";"2018-2024";0.36;"Yellow"
"ENCREC_006";"32";"3232";"Nittedal";"Rik gransumpskog";"2018-2024";0.35;"Yellow"
"ENCREC_006";"32";"3232";"Nittedal";"Semi-naturlig eng";"2018-2024";0.71;"Yellow"
"ENCREC_006";"32";"3234";"Lunner";"Eng-aktig sterkt endret fastmark";"2018-2024";0;"Yellow"
"ENCREC_006";"32";"3234";"Lunner";"Flomskogsmark";"2018-2024";0;"Yellow"
"ENCREC_006";"32";"3234";"Lunner";"Gammel granskog";"2018-2024";0.29;"Yellow"
"ENCREC_006";"32";"3234";"Lunner";"Kalkbarskog, grandominert";"2018-2024";0;"Yellow"
"ENCREC_006";"32";"3234";"Lunner";"Kalkfuruskog";"2018-2024";0.03;"Yellow"
"ENCREC_006";"33";"3301";"Drammen";"Frisk lågurtedellauvskog";"2018-2024";0.42;"Yellow"
"ENCREC_006";"33";"3301";"Drammen";"Hule eiker";"2018-2024";0.52;"Yellow"
"ENCREC_006";"33";"3301";"Drammen";"Kalkbarskog";"2018-2024";0.03;"Yellow"
"ENCREC_006";"33";"3301";"Drammen";"Kalkbarskog, grandominert";"2018-2024";0.88;"Yellow"
"ENCREC_006";"33";"3301";"Drammen";"Kalkfuruskog";"2018-2024";2.22;"Yellow"
"ENCREC_006";"33";"3301";"Drammen";"Lågurteikeskog";"2018-2024";0.55;"Yellow"
"ENCREC_006";"33";"3301";"Drammen";"Lågurtfuruskog";"2018-2024";0.7;"Yellow"
"ENCREC_006";"33";"3301";"Drammen";"Semi-naturlig strandeng";"2018-2024";1.15;"Yellow"
"ENCREC_006";"33";"3303";"Kongsberg";"Slåttemark";"2018-2024";3.45;"Orange"
"ENCREC_006";"33";"3305";"Ringerike";"Flomskogsmark";"2018-2024";0.89;"Yellow"
"ENCREC_006";"33";"3305";"Ringerike";"Gammel furuskog med gamle trær";"2018-2024";2.06;"Yellow"
"ENCREC_006";"33";"3305";"Ringerike";"Gammel granskog med gamle trær";"2018-2024";4.74;"Yellow"
"ENCREC_006";"33";"3305";"Ringerike";"Kalkbarskog";"2018-2024";4.71;"Yellow"
"ENCREC_006";"33";"3305";"Ringerike";"Kalkfuruskog";"2018-2024";0.05;"Yellow"
"ENCREC_006";"33";"3305";"Ringerike";"Kroksjøer, flomdammer og meandrerende elveparti";"2018-2024";0;"Yellow"
"ENCREC_006";"33";"3305";"Ringerike";"Lågurtfuruskog";"2018-2024";0.28;"Yellow"
"ENCREC_006";"33";"3305";"Ringerike";"Rik sandfuruskog";"2018-2024";0.12;"Yellow"
"ENCREC_006";"33";"3310";"Hole";"Hule eiker";"2018-2024";0.15;"Yellow"
"ENCREC_006";"33";"3310";"Hole";"Kalkbarskog";"2018-2024";1.86;"Yellow"
"ENCREC_006";"33";"3310";"Hole";"Kalkedellauvskog";"2018-2024";0;"Yellow"
"ENCREC_006";"33";"3310";"Hole";"Lågurtedellauvskog";"2018-2024";0.39;"Yellow"
"ENCREC_006";"33";"3310";"Hole";"Lågurtfuruskog";"2018-2024";0.33;"Yellow"
"ENCREC_006";"33";"3310";"Hole";"Naturbeitemark";"2018-2024";1.06;"Orange"
"ENCREC_006";"33";"3310";"Hole";"Rik sandfuruskog";"2018-2024";0;"Green"
"ENCREC_006";"33";"3310";"Hole";"Åpen kalkmark";"2018-2024";0.3;"Orange"
"ENCREC_006";"33";"3312";"Lier";"Gammel furuskog med gamle trær";"2018-2024";0;"Green"
"ENCREC_006";"33";"3312";"Lier";"Hule eiker";"2018-2024";1.32;"Green"
"ENCREC_006";"33";"3312";"Lier";"Kalkrik alm-lind-hasselskog";"2018-2024";1.24;"Yellow"
"ENCREC_006";"33";"3312";"Lier";"Lågurtfuruskog";"2018-2024";4.45;"Yellow"
"ENCREC_006";"33";"3312";"Lier";"Rik edellauvskog";"2018-2024";2.72;"Yellow"
"ENCREC_006";"33";"3312";"Lier";"Slåttemark";"2018-2024";0.04;"Yellow"
"ENCREC_006";"33";"3314";"Øvre Eiker";"Kalkrik alm-lind-hasselskog";"2018-2024";4.19;"Yellow"
"ENCREC_006";"33";"3314";"Øvre Eiker";"Naturbeitemark";"2018-2024";0;"Orange"
"ENCREC_006";"33";"3314";"Øvre Eiker";"Ravinedal";"2018-2024";0.49;"Yellow"
"ENCREC_006";"33";"3318";"Krødsherad";"Boreal hei";"2018-2024";2.76;"Yellow"
"ENCREC_006";"33";"3318";"Krødsherad";"Gammel fattig sumpskog";"2018-2024";1.36;"Green"
"ENCREC_006";"33";"3318";"Krødsherad";"Gammel granskog med gamle trær";"2018-2024";0.02;"Yellow"
"ENCREC_006";"33";"3318";"Krødsherad";"Høgereligende og nordlig nedbørsmyr";"2018-2024";27.02;"Yellow"
"ENCREC_006";"33";"3318";"Krødsherad";"Lågurtfuruskog";"2018-2024";0.3;"Yellow"
"ENCREC_006";"33";"3320";"Flå";"Gammel grandominert naturskog";"2018-2024";2.09;"Yellow"
"ENCREC_006";"33";"3320";"Flå";"Gammel granskog";"2018-2024";11.23;"Yellow"
"ENCREC_006";"33";"3322";"Nesbyen";"Kroksjøer, flomdammer og meandrerende elveparti";"2018-2024";2.42;"Orange"
"ENCREC_006";"33";"3322";"Nesbyen";"Rik barskog";"2018-2024";0;"Yellow"
"ENCREC_006";"33";"3322";"Nesbyen";"Semi-naturlig eng";"2018-2024";0.63;"Yellow"
"ENCREC_006";"33";"3324";"Gol";"Boreal hei";"2018-2024";10.53;"Yellow"
"ENCREC_006";"33";"3324";"Gol";"Naturbeitemark";"2018-2024";11.31;"Yellow"
"ENCREC_006";"33";"3324";"Gol";"Slåttemark";"2018-2024";0.41;"Orange"
"ENCREC_006";"33";"3324";"Gol";"Slåttemyr";"2018-2024";0.46;"Yellow"
"ENCREC_006";"33";"3328";"Ål";"Boreal hei";"2018-2024";11.86;"Yellow"
"ENCREC_006";"33";"3328";"Ål";"Naturbeitemark";"2018-2024";1.47;"Yellow"
"ENCREC_006";"33";"3332";"Sigdal";"Boreal hei";"2018-2024";12.31;"Yellow"
"ENCREC_006";"33";"3332";"Sigdal";"Gammel granskog med gamle trær";"2018-2024";6.51;"Yellow"
"ENCREC_006";"33";"3332";"Sigdal";"Gammel granskog med liggende død ved";"2018-2024";0.48;"Green"
"ENCREC_006";"33";"3332";"Sigdal";"Semi-naturlig eng";"2018-2024";0.13;"Yellow"
"ENCREC_006";"33";"3332";"Sigdal";"Slåttemark";"2018-2024";0;"Yellow"
"ENCREC_006";"33";"3334";"Flesberg";"Eng-aktig sterkt endret fastmark";"2018-2024";0.1;"Yellow"
"ENCREC_006";"33";"3334";"Flesberg";"Gammel furuskog med stående død ved";"2018-2024";3.92;"Green"
"ENCREC_006";"33";"3334";"Flesberg";"Slåttemark";"2018-2024";1.63;"Orange"
"ENCREC_006";"33";"3336";"Rollag";"Boreal hei";"2018-2024";0.4;"Yellow"
"ENCREC_006";"33";"3336";"Rollag";"Gammel granskog med gamle trær";"2018-2024";5.82;"Yellow"
"ENCREC_006";"33";"3338";"Nore og Uvdal";"Boreal hei";"2018-2024";0.33;"Yellow"
"ENCREC_006";"34";"3401";"Kongsvinger";"Eng-aktig sterkt endret fastmark";"2018-2024";0.08;"Green"
"ENCREC_006";"34";"3401";"Kongsvinger";"Gammel lågurtgranskog";"2018-2024";0;"Yellow"
"ENCREC_006";"34";"3401";"Kongsvinger";"Semi-naturlig eng";"2018-2024";0.04;"Green"
"ENCREC_006";"34";"3411";"Ringsaker";"Gammel granskog med gamle trær";"2018-2024";0.26;"Yellow"
"ENCREC_006";"34";"3411";"Ringsaker";"Mudderbank";"2018-2024";0.08;"Orange"
"ENCREC_006";"34";"3411";"Ringsaker";"Naturbeitemark";"2018-2024";1.41;"Yellow"
"ENCREC_006";"34";"3412";"Løten";"Lågurtfuruskog";"2018-2024";4.12;"Yellow"
"ENCREC_006";"34";"3413";"Stange";"Hagemark";"2018-2024";1.79;"Yellow"
"ENCREC_006";"34";"3413";"Stange";"Rik kulturlandskapssjø";"2018-2024";0.62;"Yellow"
"ENCREC_006";"34";"3413";"Stange";"Viktig bekkedrag";"2018-2024";0.28;"Orange"
"ENCREC_006";"34";"3420";"Elverum";"Lågurtfuruskog";"2018-2024";0.18;"Yellow"
"ENCREC_006";"34";"3427";"Tynset";"Kroksjøer, flomdammer og meandrerende elveparti";"2018-2024";0.09;"Orange"
"ENCREC_006";"34";"3427";"Tynset";"Rikmyr";"2018-2024";1.41;"Orange"
"ENCREC_006";"34";"3428";"Alvdal";"Slåttemark";"2018-2024";0.02;"Orange"
"ENCREC_006";"34";"3428";"Alvdal";"Åpen flommark";"2018-2024";0.04;"Orange"
"ENCREC_006";"34";"3435";"Vågå";"Kalkbarskog";"2018-2024";2.8;"Yellow"
"ENCREC_006";"34";"3435";"Vågå";"Sandfuruskog";"2018-2024";0.22;"Orange"
"ENCREC_006";"34";"3437";"Sel";"Naturbeitemark";"2018-2024";0;"Yellow"
"ENCREC_006";"34";"3442";"Østre Toten";"Flomskogsmark";"2018-2024";1.86;"Yellow"
"ENCREC_006";"34";"3442";"Østre Toten";"Slåttemark";"2018-2024";0.06;"Yellow"
"ENCREC_006";"34";"3451";"Nord-Aurdal";"Boreal hei";"2018-2024";7.32;"Yellow"
"ENCREC_006";"34";"3451";"Nord-Aurdal";"Naturbeitemark";"2018-2024";0.08;"Yellow"
"ENCREC_006";"34";"3451";"Nord-Aurdal";"Semi-naturlig eng";"2018-2024";0.68;"Yellow"
"ENCREC_006";"34";"3454";"Vang";"Slåttemark";"2018-2024";0.19;"Yellow"
"ENCREC_006";"39";"3901";"Horten";"Frisk lågurtedellauvskog";"2018-2024";0.04;"Green"
"ENCREC_006";"39";"3901";"Horten";"Hule eiker";"2018-2024";0.02;"Yellow"
"ENCREC_006";"39";"3901";"Horten";"Lågurtedellauvskog";"2018-2024";0.34;"Yellow"
"ENCREC_006";"39";"3901";"Horten";"Saltpåvirket svartorstrandskog";"2018-2024";0.69;"Yellow"
"ENCREC_006";"39";"3901";"Horten";"Store gamle trær";"2018-2024";0.16;"Yellow"
"ENCREC_006";"39";"3903";"Holmestrand";"Frisk lågurtedellauvskog";"2018-2024";3.41;"Yellow"
"ENCREC_006";"39";"3903";"Holmestrand";"Gammel fattig edellauvskog";"2018-2024";0.08;"Yellow"
"ENCREC_006";"39";"3903";"Holmestrand";"Gammel høgstaudegråorskog";"2018-2024";0.12;"Yellow"
"ENCREC_006";"39";"3903";"Holmestrand";"Hule eiker";"2018-2024";0.68;"Yellow"
"ENCREC_006";"39";"3903";"Holmestrand";"Lågurtalm-lind-hasselskog";"2018-2024";0.06;"Yellow"
"ENCREC_006";"39";"3903";"Holmestrand";"Lågurteikeskog";"2018-2024";0.35;"Yellow"
"ENCREC_006";"39";"3903";"Holmestrand";"Lågurtfuruskog";"2018-2024";2.04;"Yellow"
"ENCREC_006";"39";"3903";"Holmestrand";"Semi-naturlig eng";"2018-2024";0.19;"Yellow"
"ENCREC_006";"39";"3903";"Holmestrand";"Strandeng";"2018-2024";0.03;"Yellow"
"ENCREC_006";"39";"3905";"Tønsberg";"Dam";"2018-2024";0.05;"Orange"
"ENCREC_006";"39";"3905";"Tønsberg";"Frisk lågurtedellauvskog";"2018-2024";4.04;"Yellow"
"ENCREC_006";"39";"3905";"Tønsberg";"Frisk rik edellauvskog";"2018-2024";2.62;"Yellow"
"ENCREC_006";"39";"3905";"Tønsberg";"Gammel fattig edellauvskog";"2018-2024";2.98;"Yellow"
"ENCREC_006";"39";"3905";"Tønsberg";"Gammel høgstaudegråorskog";"2018-2024";0.01;"Yellow"
"ENCREC_006";"39";"3905";"Tønsberg";"Hagemark";"2018-2024";5.35;"Green"
"ENCREC_006";"39";"3905";"Tønsberg";"Hule eiker";"2018-2024";5.45;"Yellow"
"ENCREC_006";"39";"3905";"Tønsberg";"Lågurtedellauvskog";"2018-2024";1.11;"Yellow"
"ENCREC_006";"39";"3905";"Tønsberg";"Lågurteikeskog";"2018-2024";2.75;"Yellow"
"ENCREC_006";"39";"3905";"Tønsberg";"Semi-naturlig eng";"2018-2024";0.51;"Yellow"
"ENCREC_006";"39";"3905";"Tønsberg";"Viktig bekkedrag";"2018-2024";2.04;"Yellow"
"ENCREC_006";"39";"3907";"Sandefjord";"Frisk lågurtbøkeskog";"2018-2024";0.02;"Yellow"
"ENCREC_006";"39";"3907";"Sandefjord";"Frisk lågurtedellauvskog";"2018-2024";1.13;"Yellow"
"ENCREC_006";"39";"3907";"Sandefjord";"Frisk rik edellauvskog";"2018-2024";0.01;"Yellow"
"ENCREC_006";"39";"3907";"Sandefjord";"Gammel fattig edellauvskog";"2018-2024";0.52;"Yellow"
"ENCREC_006";"39";"3907";"Sandefjord";"Hule eiker";"2018-2024";0.99;"Yellow"
"ENCREC_006";"39";"3907";"Sandefjord";"Lågurtbøkeskog";"2018-2024";0.2;"Yellow"
"ENCREC_006";"39";"3907";"Sandefjord";"Lågurteikeskog";"2018-2024";0.13;"Yellow"
"ENCREC_006";"39";"3907";"Sandefjord";"Naturbeitemark";"2018-2024";0.18;"Yellow"
"ENCREC_006";"39";"3909";"Larvik";"Gammel fattig edellauvskog";"2018-2024";4.75;"Yellow"
"ENCREC_006";"39";"3909";"Larvik";"Gammel furuskog med stående død ved";"2018-2024";0.17;"Yellow"
"ENCREC_006";"39";"3909";"Larvik";"Hule eiker";"2018-2024";2.85;"Yellow"
"ENCREC_006";"39";"3909";"Larvik";"Kilde-edellauvskog";"2018-2024";1.35;"Yellow"
"ENCREC_006";"39";"3909";"Larvik";"Lågurteikeskog";"2018-2024";1.04;"Yellow"
"ENCREC_006";"39";"3909";"Larvik";"Lågurtfuruskog";"2018-2024";0.08;"Yellow"
"ENCREC_006";"39";"3909";"Larvik";"Rik svartorsumpskog";"2018-2024";0.7;"Yellow"
"ENCREC_006";"39";"3909";"Larvik";"Slåttemark";"2018-2024";0.59;"Yellow"
"ENCREC_006";"39";"3911";"Færder";"Frisk lågurtedellauvskog";"2018-2024";0.15;"Yellow"
"ENCREC_006";"39";"3911";"Færder";"Gammel fattig edellauvskog";"2018-2024";0.02;"Yellow"
"ENCREC_006";"39";"3911";"Færder";"Gammel furuskog med gamle trær";"2018-2024";0.01;"Green"
"ENCREC_006";"39";"3911";"Færder";"Gammel lågurtospeskog";"2018-2024";0.54;"Yellow"
"ENCREC_006";"39";"3911";"Færder";"Hule eiker";"2018-2024";1.9;"Yellow"
"ENCREC_006";"39";"3911";"Færder";"Lågurtbøkeskog";"2018-2024";0.01;"Green"
"ENCREC_006";"39";"3911";"Færder";"Naturbeitemark";"2018-2024";2.06;"Yellow"
"ENCREC_006";"39";"3911";"Færder";"Slåttemark";"2018-2024";0.06;"Yellow"
"ENCREC_006";"40";"4003";"Skien";"Frisk lågurtedellauvskog";"2018-2024";9.94;"Yellow"
"ENCREC_006";"40";"4003";"Skien";"Gammel fattig edellauvskog";"2018-2024";0.85;"Orange"
"ENCREC_006";"40";"4003";"Skien";"Hule eiker";"2018-2024";0.46;"Yellow"
"ENCREC_006";"40";"4003";"Skien";"Middels kalkrik innsjø (Klar intermediær innsjø)";"2018-2024";0.35;"Yellow"
"ENCREC_006";"40";"4003";"Skien";"Naturbeitemark";"2018-2024";6.71;"Orange"
"ENCREC_006";"40";"4012";"Bamble";"Hule eiker";"2018-2024";0.78;"Yellow"
"ENCREC_006";"40";"4014";"Kragerø";"Parklandskap";"2018-2024";0.01;"Orange"
"ENCREC_006";"40";"4036";"Vinje";"Eng-aktig sterkt endret fastmark";"2018-2024";4.33;"Yellow"
"ENCREC_006";"42";"4202";"Grimstad";"Frisk lågurtedellauvskog";"2018-2024";0.02;"Yellow"
"ENCREC_006";"42";"4202";"Grimstad";"Hagemark";"2018-2024";0.21;"Orange"
"ENCREC_006";"42";"4202";"Grimstad";"Kystlynghei";"2018-2024";0.65;"Yellow"
"ENCREC_006";"42";"4202";"Grimstad";"Lågurteikeskog";"2018-2024";2.07;"Yellow"
"ENCREC_006";"42";"4203";"Arendal";"Frisk rik edellauvskog";"2018-2024";0.28;"Yellow"
"ENCREC_006";"42";"4203";"Arendal";"Gammel fattig edellauvskog";"2018-2024";1.53;"Yellow"
"ENCREC_006";"42";"4203";"Arendal";"Hule eiker";"2018-2024";0.01;"Yellow"
"ENCREC_006";"42";"4203";"Arendal";"Lågurteikeskog";"2018-2024";0.99;"Yellow"
"ENCREC_006";"42";"4203";"Arendal";"Lågurtfuruskog";"2018-2024";0.52;"Yellow"
"ENCREC_006";"42";"4203";"Arendal";"Strandeng";"2018-2024";0.02;"Yellow"
"ENCREC_006";"42";"4203";"Arendal";"Strandeng og strandsump";"2018-2024";0.42;"Orange"
"ENCREC_006";"42";"4204";"Kristiansand";"Gammel fattig edellauvskog";"2018-2024";0;"Yellow"
"ENCREC_006";"42";"4205";"Lindesnes";"Kystlynghei";"2018-2024";7.03;"Yellow"
"ENCREC_006";"42";"4205";"Lindesnes";"Lågurteikeskog";"2018-2024";0.22;"Yellow"
"ENCREC_006";"42";"4205";"Lindesnes";"Rik sump- og kildeskog";"2018-2024";0.16;"Orange"
"ENCREC_006";"42";"4206";"Farsund";"Kystlynghei";"2018-2024";0;"Yellow"
"ENCREC_006";"42";"4206";"Farsund";"Semi-naturlig eng";"2018-2024";0.05;"Green"
"ENCREC_006";"42";"4206";"Farsund";"Slåttemark";"2018-2024";0;"Yellow"
"ENCREC_006";"42";"4207";"Flekkefjord";"Kystlynghei";"2018-2024";2;"Orange"
"ENCREC_006";"42";"4213";"Tvedestrand";"Frisk lågurtedellauvskog";"2018-2024";0.01;"Green"
"ENCREC_006";"42";"4213";"Tvedestrand";"Gammel furuskog med gamle trær";"2018-2024";0.52;"Yellow"
"ENCREC_006";"42";"4213";"Tvedestrand";"Hule eiker";"2018-2024";0.04;"Yellow"
"ENCREC_006";"42";"4213";"Tvedestrand";"Lågurteikeskog";"2018-2024";0.62;"Green"
"ENCREC_006";"42";"4213";"Tvedestrand";"Strandeng";"2018-2024";0.42;"Yellow"
"ENCREC_006";"42";"4215";"Lillesand";"Eng-aktig sterkt endret fastmark";"2018-2024";0.06;"Yellow"
"ENCREC_006";"42";"4215";"Lillesand";"Hule eiker";"2018-2024";0.37;"Yellow"
"ENCREC_006";"42";"4215";"Lillesand";"Kystlynghei";"2018-2024";6.26;"Yellow"
"ENCREC_006";"42";"4215";"Lillesand";"Rik svartorsumpskog";"2018-2024";3.69;"Yellow"
"ENCREC_006";"42";"4215";"Lillesand";"Slåttemark";"2018-2024";0.01;"Orange"
"ENCREC_006";"46";"4601";"Bergen";"Gammel fattig edellauvskog";"2018-2024";0.01;"Yellow"
"ENCREC_006";"46";"4601";"Bergen";"Hule eiker";"2018-2024";0;"Yellow"
"ENCREC_006";"46";"4601";"Bergen";"Naturbeitemark";"2018-2024";0;"Yellow"
"ENCREC_006";"46";"4612";"Sveio";"Kystlynghei";"2018-2024";16.83;"Yellow"
"ENCREC_006";"46";"4613";"Bømlo";"Kystlynghei";"2018-2024";0.03;"Yellow"
"ENCREC_006";"46";"4613";"Bømlo";"Naturbeitemark";"2018-2024";2.73;"Yellow"
"ENCREC_006";"46";"4613";"Bømlo";"Rik åpen sørlig jordvannsmyr";"2018-2024";0.03;"Yellow"
"ENCREC_006";"46";"4616";"Tysnes";"Frisk lågurtedellauvskog";"2018-2024";0;"Yellow"
"ENCREC_006";"46";"4617";"Kvinnherad";"Store gamle trær";"2018-2024";0.01;"Yellow"
"ENCREC_006";"46";"4618";"Ullensvang";"Gammel barskog";"2018-2024";0.12;"Orange"
"ENCREC_006";"46";"4619";"Eidfjord";"Eng-aktig sterkt endret fastmark";"2018-2024";0.42;"Yellow"
"ENCREC_006";"46";"4619";"Eidfjord";"Semi-naturlig eng";"2018-2024";4.38;"Yellow"
"ENCREC_006";"46";"4622";"Kvam";"Boreal hei";"2018-2024";1.23;"Yellow"
"ENCREC_006";"46";"4622";"Kvam";"Rik edellauvskog";"2018-2024";14.41;"Yellow"
"ENCREC_006";"46";"4625";"Austevoll";"Kystlynghei";"2018-2024";0.32;"Orange"
"ENCREC_006";"46";"4626";"Øygarden";"Kystlynghei";"2018-2024";35.07;"Yellow"
"ENCREC_006";"46";"4626";"Øygarden";"Naturbeitemark";"2018-2024";13.92;"Yellow"
"ENCREC_006";"46";"4627";"Askøy";"Kystlynghei";"2018-2024";3.93;"Yellow"
"ENCREC_006";"46";"4627";"Askøy";"Naturbeitemark";"2018-2024";0.31;"Yellow"
"ENCREC_006";"46";"4636";"Solund";"Kystlynghei";"2018-2024";0.02;"Yellow"
"ENCREC_006";"46";"4640";"Sogndal";"Gammel barskog";"2018-2024";0.48;"Yellow"
"ENCREC_006";"46";"4640";"Sogndal";"Gammel fattig edellauvskog";"2018-2024";0.05;"Orange"
"ENCREC_006";"46";"4640";"Sogndal";"Rik edellauvskog";"2018-2024";2.84;"Yellow"
"ENCREC_006";"46";"4640";"Sogndal";"Slåttemark";"2018-2024";0.06;"Yellow"
"ENCREC_006";"46";"4644";"Luster";"Flomskogsmark";"2018-2024";0.01;"Green"
"ENCREC_006";"46";"4647";"Sunnfjord";"Elveslette";"2018-2024";0.09;"Orange"
"ENCREC_006";"46";"4647";"Sunnfjord";"Kalkfattig og intermediær fjellhei, leside og tundra";"2018-2024";1.53;"Yellow"
"ENCREC_006";"46";"4649";"Stad";"Boreal hei";"2018-2024";1.04;"Yellow"
"ENCREC_006";"46";"4649";"Stad";"Kalkfattig og intermediær fjellhei, leside og tundra";"2018-2024";13.68;"Yellow"
"ENCREC_006";"46";"4649";"Stad";"Slåttemark";"2018-2024";2.16;"Yellow"
"ENCREC_006";"46";"4651";"Stryn";"Flomskogsmark";"2018-2024";0.24;"Yellow"
"ENCREC_006";"46";"4651";"Stryn";"Naturbeitemark";"2018-2024";0.13;"Yellow"
"ENCREC_006";"50";"5001";"Trondheim";"Frisk lågurtedellauvskog";"2018-2024";0.02;"Yellow"
"ENCREC_006";"50";"5001";"Trondheim";"Gammel høgstaudegråorskog";"2018-2024";0.91;"Yellow"
"ENCREC_006";"50";"5001";"Trondheim";"Hagemark";"2018-2024";0.17;"Yellow"
"ENCREC_006";"50";"5001";"Trondheim";"Hule eiker";"2018-2024";0.14;"Yellow"
"ENCREC_006";"50";"5001";"Trondheim";"Kalk- og lågurtfuruskog";"2018-2024";0.02;"Yellow"
"ENCREC_006";"50";"5006";"Steinkjer";"Flomskogsmark";"2018-2024";0.82;"Yellow"
"ENCREC_006";"50";"5014";"Frøya";"Kystlynghei";"2018-2024";50.78;"Yellow"
"ENCREC_006";"50";"5014";"Frøya";"Naturbeitemark";"2018-2024";5.74;"Yellow"
"ENCREC_006";"50";"5014";"Frøya";"Semi-naturlig eng";"2018-2024";0.76;"Yellow"
"ENCREC_006";"50";"5021";"Oppdal";"Boreal hei";"2018-2024";16.6;"Yellow"
"ENCREC_006";"50";"5021";"Oppdal";"Eng-aktig sterkt endret fastmark";"2018-2024";0.01;"Yellow"
"ENCREC_006";"50";"5021";"Oppdal";"Gammel lågurtospeskog";"2018-2024";2.53;"Yellow"
"ENCREC_006";"50";"5021";"Oppdal";"Naturbeitemark";"2018-2024";5.27;"Yellow"
"ENCREC_006";"50";"5022";"Rennebu";"Gammel furuskog med stående død ved";"2018-2024";0;"Green"
"ENCREC_006";"50";"5025";"Røros";"Boreal hei";"2018-2024";0.11;"Yellow"
"ENCREC_006";"50";"5025";"Røros";"Naturbeitemark";"2018-2024";2.59;"Yellow"
"ENCREC_006";"50";"5025";"Røros";"Semi-naturlig eng";"2018-2024";16.44;"Yellow"
"ENCREC_006";"50";"5025";"Røros";"Åpen flomfastmark";"2018-2024";0;"Yellow"
"ENCREC_006";"50";"5026";"Holtålen";"Gammel lågurtospeskog";"2018-2024";1.78;"Yellow"
"ENCREC_006";"50";"5028";"Melhus";"Eng-aktig sterkt endret fastmark";"2018-2024";0.1;"Yellow"
"ENCREC_006";"50";"5028";"Melhus";"Flomskogsmark";"2018-2024";1.37;"Yellow"
"ENCREC_006";"50";"5028";"Melhus";"Åpen flomfastmark";"2018-2024";0.19;"Yellow"
"ENCREC_006";"50";"5028";"Melhus";"Åpen flommark";"2018-2024";8.44;"Green"
"ENCREC_006";"50";"5031";"Malvik";"Gammel granskog med liggende død ved";"2018-2024";0.26;"Yellow"
"ENCREC_006";"50";"5033";"Tydal";"Rikmyr";"2018-2024";2.14;"Orange"
"ENCREC_006";"50";"5035";"Stjørdal";"Frisk rik edellauvskog";"2018-2024";0.88;"Yellow"
"ENCREC_006";"50";"5035";"Stjørdal";"Gammel lågurtospeskog";"2018-2024";0;"Yellow"
"ENCREC_006";"50";"5035";"Stjørdal";"Rik gransumpskog";"2018-2024";0.38;"Yellow"
"ENCREC_006";"50";"5035";"Stjørdal";"Rik åpen sørlig jordvannsmyr";"2018-2024";0.01;"Yellow"
"ENCREC_006";"50";"5035";"Stjørdal";"Sørlig nedbørsmyr";"2018-2024";0;"Yellow"
"ENCREC_006";"50";"5037";"Levanger";"Frisk lågurtedellauvskog";"2018-2024";0.09;"Yellow"
"ENCREC_006";"50";"5037";"Levanger";"Kalk- og lågurtfuruskog";"2018-2024";0.01;"Yellow"
"ENCREC_006";"50";"5037";"Levanger";"Nakent tørkeutsatt kalkberg";"2018-2024";1.57;"Yellow"
"ENCREC_006";"50";"5037";"Levanger";"Strandeng";"2018-2024";0.44;"Yellow"
"ENCREC_006";"50";"5045";"Grong";"Boreal regnskog";"2018-2024";0.02;"Green"
"ENCREC_006";"50";"5053";"Inderøy";"Strandeng";"2018-2024";0.15;"Yellow"
"ENCREC_006";"50";"5054";"Indre Fosen";"Lågurtfuruskog";"2018-2024";0.02;"Yellow"
"ENCREC_006";"50";"5055";"Heim";"Kalkfattig og klar bekk eller elv";"2018-2024";0.13;"Yellow"
"ENCREC_006";"50";"5056";"Hitra";"Kalkfattig og intermediær fjellhei, leside og tundra";"2018-2024";0.27;"Yellow"
"ENCREC_006";"50";"5056";"Hitra";"Kystlynghei";"2018-2024";12.79;"Yellow"
"ENCREC_006";"50";"5057";"Ørland";"Boreal hei";"2018-2024";1.19;"Green"
"ENCREC_006";"50";"5057";"Ørland";"Hagemark";"2018-2024";0.13;"Yellow"
"ENCREC_006";"50";"5057";"Ørland";"Kystlynghei";"2018-2024";2.1;"Yellow"
"ENCREC_006";"50";"5057";"Ørland";"Naturbeitemark";"2018-2024";2.18;"Yellow"
"ENCREC_006";"50";"5057";"Ørland";"Semi-naturlig strandeng";"2018-2024";0.06;"Yellow"
"ENCREC_006";"50";"5058";"Åfjord";"Kystlynghei";"2018-2024";0.44;"Yellow"
"ENCREC_006";"50";"5059";"Orkland";"Gammel høgstaudegråorskog";"2018-2024";0.09;"Yellow"
"ENCREC_006";"50";"5060";"Nærøysund";"Kystlynghei";"2018-2024";5.88;"Yellow"
"ENCREC_006";"55";"5501";"Tromsø";"Boreal hei";"2018-2024";0.45;"Yellow"
"ENCREC_006";"55";"5501";"Tromsø";"Flomskogsmark";"2018-2024";0.02;"Yellow"
"ENCREC_006";"55";"5501";"Tromsø";"Hagemark";"2018-2024";0.22;"Yellow"
"ENCREC_006";"55";"5501";"Tromsø";"Rik åpen jordvannsmyr i mellomboreal sone";"2018-2024";0.33;"Yellow"
"ENCREC_006";"55";"5503";"Harstad/Hárstták";"Naturbeitemark";"2018-2024";0.03;"Yellow"
"ENCREC_006";"55";"5512";"Dielddanuorri/Tjeldsund";"Kalkrik åpen jordvannsmyr i boreonemoral til nordboreal sone";"2018-2024";0.98;"Yellow"
"ENCREC_006";"55";"5512";"Dielddanuorri/Tjeldsund";"Naturbeitemark";"2018-2024";2.58;"Yellow"
"ENCREC_006";"55";"5524";"Målselv";"Flomskogsmark";"2018-2024";0.04;"Yellow"
"ENCREC_006";"55";"5538";"Storfjord/Omasvuotna/Omasvuono";"Brakkvannsdelta";"2018-2024";3.45;"Orange"
"ENCREC_006";"55";"5538";"Storfjord/Omasvuotna/Omasvuono";"Flomskogsmark";"2018-2024";0.88;"Yellow"
"ENCREC_006";"55";"5540";"Gáivuotna/Kåfjord/Kaivuono";"Flomskogsmark";"2018-2024";0.08;"Yellow"
"ENCREC_006";"55";"5540";"Gáivuotna/Kåfjord/Kaivuono";"Naturbeitemark";"2018-2024";3.72;"Yellow"
"ENCREC_006";"56";"5601";"Alta";"Flomskogsmark";"2018-2024";17.04;"Yellow"
"ENCREC_006";"56";"5601";"Alta";"Åpen flomfastmark";"2018-2024";20.61;"Yellow"
"ENCREC_006";"56";"5603";"Hammerfest/Hámmerfeasta";"Sanddyne";"2018-2024";1.13;"Yellow"
"ENCREC_006";"56";"5620";"Nordkapp";"Kalkrik fjellhei, leside og tundra";"2018-2024";0.1;"Yellow"
"ENCREC_006";"56";"5622";"Porsanger/Porsáŋgu/Porsanki";"Aktiv skredmark";"2018-2024";0.39;"Yellow"
"ENCREC_006";"56";"5622";"Porsanger/Porsáŋgu/Porsanki";"Boreal hei";"2018-2024";0.01;"Yellow"
"ENCREC_006";"56";"5622";"Porsanger/Porsáŋgu/Porsanki";"Flomskogsmark";"2018-2024";0.59;"Yellow"
"ENCREC_006";"56";"5622";"Porsanger/Porsáŋgu/Porsanki";"Åpen flomfastmark";"2018-2024";2.65;"Yellow"
"ENCREC_006";"56";"5628";"Deatnu/Tana";"Sanddyne";"2018-2024";0.03;"Orange"
"ENCREC_006";"56";"5632";"Båtsfjord";"Naturbeitemark";"2018-2024";2.22;"Yellow"
"ENCREC_006";"Totalt";"Totalt";"Totalt";"Aktiv skredmark";"2018-2024";0.39;"Yellow"
"ENCREC_006";"Totalt";"Totalt";"Totalt";"Boreal hei";"2018-2024";86.18;"Yellow"
"ENCREC_006";"Totalt";"Totalt";"Totalt";"Boreal regnskog";"2018-2024";0.02;"Yellow"
"ENCREC_006";"Totalt";"Totalt";"Totalt";"Brakkvannsdelta";"2018-2024";3.45;"Yellow"
"ENCREC_006";"Totalt";"Totalt";"Totalt";"Dam";"2018-2024";0.05;"Yellow"
"ENCREC_006";"Totalt";"Totalt";"Totalt";"Elveslette";"2018-2024";0.09;"Yellow"
"ENCREC_006";"Totalt";"Totalt";"Totalt";"Eng-aktig sterkt endret fastmark";"2018-2024";5.38;"Yellow"
"ENCREC_006";"Totalt";"Totalt";"Totalt";"Flomskogsmark";"2018-2024";25.69;"Yellow"
"ENCREC_006";"Totalt";"Totalt";"Totalt";"Frisk kalkedellauvskog";"2018-2024";0.01;"Yellow"
"ENCREC_006";"Totalt";"Totalt";"Totalt";"Frisk kalkgranskog";"2018-2024";0.49;"Yellow"
"ENCREC_006";"Totalt";"Totalt";"Totalt";"Frisk lågurtbøkeskog";"2018-2024";0.02;"Yellow"
"ENCREC_006";"Totalt";"Totalt";"Totalt";"Frisk lågurtedellauvskog";"2018-2024";20.2;"Yellow"
"ENCREC_006";"Totalt";"Totalt";"Totalt";"Frisk rik edellauvskog";"2018-2024";4.65;"Yellow"
"ENCREC_006";"Totalt";"Totalt";"Totalt";"Gammel barskog";"2018-2024";0.6;"Yellow"
"ENCREC_006";"Totalt";"Totalt";"Totalt";"Gammel fattig edellauvskog";"2018-2024";10.79;"Yellow"
"ENCREC_006";"Totalt";"Totalt";"Totalt";"Gammel fattig sumpskog";"2018-2024";1.36;"Yellow"
"ENCREC_006";"Totalt";"Totalt";"Totalt";"Gammel furudominert naturskog";"2018-2024";6.19;"Yellow"
"ENCREC_006";"Totalt";"Totalt";"Totalt";"Gammel furuskog med gamle trær";"2018-2024";10.53;"Yellow"
"ENCREC_006";"Totalt";"Totalt";"Totalt";"Gammel furuskog med stående død ved";"2018-2024";4.09;"Yellow"
"ENCREC_006";"Totalt";"Totalt";"Totalt";"Gammel grandominert naturskog";"2018-2024";2.09;"Yellow"
"ENCREC_006";"Totalt";"Totalt";"Totalt";"Gammel granskog";"2018-2024";11.65;"Yellow"
"ENCREC_006";"Totalt";"Totalt";"Totalt";"Gammel granskog med gamle trær";"2018-2024";17.41;"Yellow"
"ENCREC_006";"Totalt";"Totalt";"Totalt";"Gammel granskog med liggende død ved";"2018-2024";1;"Yellow"
"ENCREC_006";"Totalt";"Totalt";"Totalt";"Gammel høgstaudegråorskog";"2018-2024";1.58;"Yellow"
"ENCREC_006";"Totalt";"Totalt";"Totalt";"Gammel lågurtgranskog";"2018-2024";1.91;"Yellow"
"ENCREC_006";"Totalt";"Totalt";"Totalt";"Gammel lågurtospeskog";"2018-2024";4.85;"Yellow"
"ENCREC_006";"Totalt";"Totalt";"Totalt";"Gammel lågurtselje-rogneskog";"2018-2024";0.16;"Yellow"
"ENCREC_006";"Totalt";"Totalt";"Totalt";"Gråor-heggeskog";"2018-2024";0.36;"Yellow"
"ENCREC_006";"Totalt";"Totalt";"Totalt";"Hagemark";"2018-2024";10.32;"Yellow"
"ENCREC_006";"Totalt";"Totalt";"Totalt";"Hule eiker";"2018-2024";33.19;"Yellow"
"ENCREC_006";"Totalt";"Totalt";"Totalt";"Høgereligende og nordlig nedbørsmyr";"2018-2024";27.02;"Yellow"
"ENCREC_006";"Totalt";"Totalt";"Totalt";"Høgstaude-edellauvskog";"2018-2024";0.11;"Yellow"
"ENCREC_006";"Totalt";"Totalt";"Totalt";"Høstingsskog";"2018-2024";0.22;"Yellow"
"ENCREC_006";"Totalt";"Totalt";"Totalt";"Intakt lavlandsmyr i innlandet";"2018-2024";0.34;"Yellow"
"ENCREC_006";"Totalt";"Totalt";"Totalt";"Kalk- og lågurtfuruskog";"2018-2024";1.77;"Yellow"
"ENCREC_006";"Totalt";"Totalt";"Totalt";"Kalkbarskog";"2018-2024";9.4;"Yellow"
"ENCREC_006";"Totalt";"Totalt";"Totalt";"Kalkbarskog, grandominert";"2018-2024";0.88;"Yellow"
"ENCREC_006";"Totalt";"Totalt";"Totalt";"Kalkedellauvskog";"2018-2024";0.07;"Yellow"
"ENCREC_006";"Totalt";"Totalt";"Totalt";"Kalkfattig og intermediær fjellhei, leside og tundra";"2018-2024";15.48;"Yellow"
"ENCREC_006";"Totalt";"Totalt";"Totalt";"Kalkfattig og klar bekk eller elv";"2018-2024";0.13;"Yellow"
"ENCREC_006";"Totalt";"Totalt";"Totalt";"Kalkfuruskog";"2018-2024";2.8;"Yellow"
"ENCREC_006";"Totalt";"Totalt";"Totalt";"Kalkhasselskog";"2018-2024";0.09;"Yellow"
"ENCREC_006";"Totalt";"Totalt";"Totalt";"Kalklindeskog";"2018-2024";0.18;"Yellow"
"ENCREC_006";"Totalt";"Totalt";"Totalt";"Kalkrik alm-lind-hasselskog";"2018-2024";6.15;"Yellow"
"ENCREC_006";"Totalt";"Totalt";"Totalt";"Kalkrik fjellhei, leside og tundra";"2018-2024";0.1;"Yellow"
"ENCREC_006";"Totalt";"Totalt";"Totalt";"Kalkrik åpen jordvannsmyr i boreonemoral til nordboreal sone";"2018-2024";0.98;"Yellow"
"ENCREC_006";"Totalt";"Totalt";"Totalt";"Kalksjø";"2018-2024";7.31;"Yellow"
"ENCREC_006";"Totalt";"Totalt";"Totalt";"Kalkskog";"2018-2024";0.18;"Yellow"
"ENCREC_006";"Totalt";"Totalt";"Totalt";"Kanthøymyr";"2018-2024";0.17;"Yellow"
"ENCREC_006";"Totalt";"Totalt";"Totalt";"Kilde-edellauvskog";"2018-2024";1.35;"Yellow"
"ENCREC_006";"Totalt";"Totalt";"Totalt";"Kroksjøer, flomdammer og meandrerende elveparti";"2018-2024";2.51;"Yellow"
"ENCREC_006";"Totalt";"Totalt";"Totalt";"Kystlynghei";"2018-2024";265.39;"Yellow"
"ENCREC_006";"Totalt";"Totalt";"Totalt";"Kystmyr";"2018-2024";0.17;"Yellow"
"ENCREC_006";"Totalt";"Totalt";"Totalt";"Lågurtalm-lind-hasselskog";"2018-2024";1.64;"Yellow"
"ENCREC_006";"Totalt";"Totalt";"Totalt";"Lågurtbøkeskog";"2018-2024";0.21;"Yellow"
"ENCREC_006";"Totalt";"Totalt";"Totalt";"Lågurtedellauvskog";"2018-2024";1.84;"Yellow"
"ENCREC_006";"Totalt";"Totalt";"Totalt";"Lågurteikeskog";"2018-2024";9.16;"Yellow"
"ENCREC_006";"Totalt";"Totalt";"Totalt";"Lågurtfuruskog";"2018-2024";15.17;"Yellow"
"ENCREC_006";"Totalt";"Totalt";"Totalt";"Middels kalkrik innsjø (Klar intermediær innsjø)";"2018-2024";0.35;"Yellow"
"ENCREC_006";"Totalt";"Totalt";"Totalt";"Mudderbank";"2018-2024";0.08;"Yellow"
"ENCREC_006";"Totalt";"Totalt";"Totalt";"Nakent tørkeutsatt kalkberg";"2018-2024";1.57;"Yellow"
"ENCREC_006";"Totalt";"Totalt";"Totalt";"Naturbeitemark";"2018-2024";87.82;"Yellow"
"ENCREC_006";"Totalt";"Totalt";"Totalt";"Parklandskap";"2018-2024";0.08;"Yellow"
"ENCREC_006";"Totalt";"Totalt";"Totalt";"Ravinedal";"2018-2024";16.6;"Yellow"
"ENCREC_006";"Totalt";"Totalt";"Totalt";"Regnskog";"2018-2024";7.44;"Yellow"
"ENCREC_006";"Totalt";"Totalt";"Totalt";"Rik barskog";"2018-2024";0;"Yellow"
"ENCREC_006";"Totalt";"Totalt";"Totalt";"Rik edellauvskog";"2018-2024";26.46;"Yellow"
"ENCREC_006";"Totalt";"Totalt";"Totalt";"Rik gransumpskog";"2018-2024";0.73;"Yellow"
"ENCREC_006";"Totalt";"Totalt";"Totalt";"Rik kulturlandskapssjø";"2018-2024";0.75;"Yellow"
"ENCREC_006";"Totalt";"Totalt";"Totalt";"Rik sandfuruskog";"2018-2024";0.12;"Yellow"
"ENCREC_006";"Totalt";"Totalt";"Totalt";"Rik sump- og kildeskog";"2018-2024";0.16;"Yellow"
"ENCREC_006";"Totalt";"Totalt";"Totalt";"Rik svartorsumpskog";"2018-2024";4.96;"Yellow"
"ENCREC_006";"Totalt";"Totalt";"Totalt";"Rik åpen jordvannsmyr i mellomboreal sone";"2018-2024";0.33;"Yellow"
"ENCREC_006";"Totalt";"Totalt";"Totalt";"Rik åpen sørlig jordvannsmyr";"2018-2024";0.04;"Yellow"
"ENCREC_006";"Totalt";"Totalt";"Totalt";"Rikmyr";"2018-2024";18.3;"Yellow"
"ENCREC_006";"Totalt";"Totalt";"Totalt";"Saltpåvirket svartorstrandskog";"2018-2024";0.71;"Yellow"
"ENCREC_006";"Totalt";"Totalt";"Totalt";"Sanddyne";"2018-2024";5.06;"Yellow"
"ENCREC_006";"Totalt";"Totalt";"Totalt";"Sandfuruskog";"2018-2024";0.22;"Yellow"
"ENCREC_006";"Totalt";"Totalt";"Totalt";"Semi-naturlig eng";"2018-2024";24.53;"Yellow"
"ENCREC_006";"Totalt";"Totalt";"Totalt";"Semi-naturlig strandeng";"2018-2024";3.25;"Yellow"
"ENCREC_006";"Totalt";"Totalt";"Totalt";"Slåtte- og beitemyr";"2018-2024";6.49;"Yellow"
"ENCREC_006";"Totalt";"Totalt";"Totalt";"Slåttemark";"2018-2024";10.58;"Yellow"
"ENCREC_006";"Totalt";"Totalt";"Totalt";"Slåttemyr";"2018-2024";0.46;"Yellow"
"ENCREC_006";"Totalt";"Totalt";"Totalt";"Store gamle trær";"2018-2024";1.58;"Yellow"
"ENCREC_006";"Totalt";"Totalt";"Totalt";"Strandeng";"2018-2024";1.28;"Yellow"
"ENCREC_006";"Totalt";"Totalt";"Totalt";"Strandeng og strandsump";"2018-2024";0.49;"Yellow"
"ENCREC_006";"Totalt";"Totalt";"Totalt";"Svært tørkeutsatt sørlig kalkberg";"2018-2024";0.3;"Yellow"
"ENCREC_006";"Totalt";"Totalt";"Totalt";"Sørlig nedbørsmyr";"2018-2024";6.67;"Yellow"
"ENCREC_006";"Totalt";"Totalt";"Totalt";"Viktig bekkedrag";"2018-2024";2.48;"Yellow"
"ENCREC_006";"Totalt";"Totalt";"Totalt";"Åpen flomfastmark";"2018-2024";23.49;"Yellow"
"ENCREC_006";"Totalt";"Totalt";"Totalt";"Åpen flommark";"2018-2024";8.48;"Yellow"
"ENCREC_006";"Totalt";"Totalt";"Totalt";"Åpen grunnlendt kalkmark i boreonemoral sone";"2018-2024";0.02;"Yellow"
"ENCREC_006";"Totalt";"Totalt";"Totalt";"Åpen kalkmark";"2018-2024";0.3;"Yellow"
"ENCREC_006";"Totalt";"Totalt";"Totalt";"Øyblandingsmyr";"2018-2024";0.29;"Yellow"
"ENCREC_005";"11";"1120";"Klepp";"Ingen";"2018-2024";0;"Data ikke tilgjengelig"
"ENCREC_005";"11";"1120";"Klepp";"Ingen";"2018-2024";0;"Data ikke tilgjengelig"
"ENCREC_005";"11";"1120";"Klepp";"Ingen";"2018-2024";0;"Data ikke tilgjengelig"
"ENCREC_005";"11";"1120";"Klepp";"Ingen";"2018-2024";0;"Data ikke tilgjengelig"
"ENCREC_005";"11";"1120";"Klepp";"Ingen";"2018-2024";0;"Data ikke tilgjengelig"
"ENCREC_005";"11";"1120";"Klepp";"Ingen";"2018-2024";0;"Data ikke tilgjengelig"
"ENCREC_005";"11";"1120";"Klepp";"Ingen";"2018-2024";0;"Data ikke tilgjengelig"
"ENCREC_005";"11";"1120";"Klepp";"Ingen";"2018-2024";NA;"Data ikke tilgjengelig"
"ENCREC_005";"11";"1121";"Time";"Ingen";"2018-2024";0;"Data ikke tilgjengelig"
"ENCREC_005";"11";"1121";"Time";"Ingen";"2018-2024";0;"Data ikke tilgjengelig"
"ENCREC_005";"11";"1121";"Time";"Ingen";"2018-2024";0;"Data ikke tilgjengelig"
"ENCREC_005";"11";"1121";"Time";"Ingen";"2018-2024";0;"Data ikke tilgjengelig"
"ENCREC_005";"11";"1121";"Time";"Ingen";"2018-2024";0;"Data ikke tilgjengelig"
"ENCREC_005";"11";"1121";"Time";"Ingen";"2018-2024";0;"Data ikke tilgjengelig"
"ENCREC_005";"11";"1121";"Time";"Ingen";"2018-2024";0;"Data ikke tilgjengelig"
"ENCREC_005";"11";"1121";"Time";"Ingen";"2018-2024";NA;"Data ikke tilgjengelig"
"ENCREC_005";"11";"1122";"Gjesdal";"Ingen";"2018-2024";0;"Data ikke tilgjengelig"
"ENCREC_005";"11";"1122";"Gjesdal";"Ingen";"2018-2024";0;"Data ikke tilgjengelig"
"ENCREC_005";"11";"1122";"Gjesdal";"Ingen";"2018-2024";0;"Data ikke tilgjengelig"
"ENCREC_005";"11";"1122";"Gjesdal";"Ingen";"2018-2024";0;"Data ikke tilgjengelig"
"ENCREC_005";"11";"1122";"Gjesdal";"Ingen";"2018-2024";0;"Data ikke tilgjengelig"
"ENCREC_005";"11";"1122";"Gjesdal";"Ingen";"2018-2024";0;"Data ikke tilgjengelig"
"ENCREC_005";"11";"1122";"Gjesdal";"Ingen";"2018-2024";0;"Data ikke tilgjengelig"
"ENCREC_005";"11";"1122";"Gjesdal";"Ingen";"2018-2024";NA;"Data ikke tilgjengelig"
"ENCREC_005";"11";"1127";"Randaberg";"Ingen";"2018-2024";0;"Data ikke tilgjengelig"
"ENCREC_005";"11";"1127";"Randaberg";"Ingen";"2018-2024";0;"Data ikke tilgjengelig"
"ENCREC_005";"11";"1127";"Randaberg";"Ingen";"2018-2024";0;"Data ikke tilgjengelig"
"ENCREC_005";"11";"1127";"Randaberg";"Ingen";"2018-2024";0;"Data ikke tilgjengelig"
"ENCREC_005";"11";"1127";"Randaberg";"Ingen";"2018-2024";0;"Data ikke tilgjengelig"
"ENCREC_005";"11";"1127";"Randaberg";"Ingen";"2018-2024";0;"Data ikke tilgjengelig"
"ENCREC_005";"11";"1127";"Randaberg";"Ingen";"2018-2024";0;"Data ikke tilgjengelig"
"ENCREC_005";"11";"1127";"Randaberg";"Ingen";"2018-2024";NA;"Data ikke tilgjengelig"
"ENCREC_005";"11";"1133";"Hjelmeland";"Ingen";"2018-2024";0;"Data ikke tilgjengelig"
"ENCREC_005";"11";"1133";"Hjelmeland";"Ingen";"2018-2024";0;"Data ikke tilgjengelig"
"ENCREC_005";"11";"1133";"Hjelmeland";"Ingen";"2018-2024";0;"Data ikke tilgjengelig"
"ENCREC_005";"11";"1133";"Hjelmeland";"Ingen";"2018-2024";0;"Data ikke tilgjengelig"
"ENCREC_005";"11";"1133";"Hjelmeland";"Ingen";"2018-2024";0;"Data ikke tilgjengelig"
"ENCREC_005";"11";"1133";"Hjelmeland";"Ingen";"2018-2024";0;"Data ikke tilgjengelig"
"ENCREC_005";"11";"1133";"Hjelmeland";"Ingen";"2018-2024";0;"Data ikke tilgjengelig"
"ENCREC_005";"11";"1133";"Hjelmeland";"Ingen";"2018-2024";NA;"Data ikke tilgjengelig"
"ENCREC_005";"11";"1144";"Kvitsøy";"Ingen";"2018-2024";0;"Data ikke tilgjengelig"
"ENCREC_005";"11";"1144";"Kvitsøy";"Ingen";"2018-2024";0;"Data ikke tilgjengelig"
"ENCREC_005";"11";"1144";"Kvitsøy";"Ingen";"2018-2024";0;"Data ikke tilgjengelig"
"ENCREC_005";"11";"1144";"Kvitsøy";"Ingen";"2018-2024";0;"Data ikke tilgjengelig"
"ENCREC_005";"11";"1144";"Kvitsøy";"Ingen";"2018-2024";0;"Data ikke tilgjengelig"
"ENCREC_005";"11";"1144";"Kvitsøy";"Ingen";"2018-2024";0;"Data ikke tilgjengelig"
"ENCREC_005";"11";"1144";"Kvitsøy";"Ingen";"2018-2024";0;"Data ikke tilgjengelig"
"ENCREC_005";"11";"1144";"Kvitsøy";"Ingen";"2018-2024";NA;"Data ikke tilgjengelig"
"ENCREC_005";"11";"1146";"Tysvær";"Ingen";"2018-2024";0;"Data ikke tilgjengelig"
"ENCREC_005";"11";"1146";"Tysvær";"Ingen";"2018-2024";0;"Data ikke tilgjengelig"
"ENCREC_005";"11";"1146";"Tysvær";"Ingen";"2018-2024";0;"Data ikke tilgjengelig"
"ENCREC_005";"11";"1146";"Tysvær";"Ingen";"2018-2024";0;"Data ikke tilgjengelig"
"ENCREC_005";"11";"1146";"Tysvær";"Ingen";"2018-2024";0;"Data ikke tilgjengelig"
"ENCREC_005";"11";"1146";"Tysvær";"Ingen";"2018-2024";0;"Data ikke tilgjengelig"
"ENCREC_005";"11";"1146";"Tysvær";"Ingen";"2018-2024";0;"Data ikke tilgjengelig"
"ENCREC_005";"11";"1146";"Tysvær";"Ingen";"2018-2024";NA;"Data ikke tilgjengelig"
"ENCREC_005";"11";"1160";"Vindafjord";"Ingen";"2018-2024";0;"Data ikke tilgjengelig"
"ENCREC_005";"11";"1160";"Vindafjord";"Ingen";"2018-2024";0;"Data ikke tilgjengelig"
"ENCREC_005";"11";"1160";"Vindafjord";"Ingen";"2018-2024";0;"Data ikke tilgjengelig"
"ENCREC_005";"11";"1160";"Vindafjord";"Ingen";"2018-2024";0;"Data ikke tilgjengelig"
"ENCREC_005";"11";"1160";"Vindafjord";"Ingen";"2018-2024";0;"Data ikke tilgjengelig"
"ENCREC_005";"11";"1160";"Vindafjord";"Ingen";"2018-2024";0;"Data ikke tilgjengelig"
"ENCREC_005";"11";"1160";"Vindafjord";"Ingen";"2018-2024";0;"Data ikke tilgjengelig"
"ENCREC_005";"11";"1160";"Vindafjord";"Ingen";"2018-2024";NA;"Data ikke tilgjengelig"
"ENCREC_005";"15";"1516";"Ulstein";"Ingen";"2018-2024";0;"Data ikke tilgjengelig"
"ENCREC_005";"15";"1516";"Ulstein";"Ingen";"2018-2024";0;"Data ikke tilgjengelig"
"ENCREC_005";"15";"1516";"Ulstein";"Ingen";"2018-2024";0;"Data ikke tilgjengelig"
"ENCREC_005";"15";"1516";"Ulstein";"Ingen";"2018-2024";0;"Data ikke tilgjengelig"
"ENCREC_005";"15";"1516";"Ulstein";"Ingen";"2018-2024";0;"Data ikke tilgjengelig"
"ENCREC_005";"15";"1516";"Ulstein";"Ingen";"2018-2024";0;"Data ikke tilgjengelig"
"ENCREC_005";"15";"1516";"Ulstein";"Ingen";"2018-2024";0;"Data ikke tilgjengelig"
"ENCREC_005";"15";"1516";"Ulstein";"Ingen";"2018-2024";NA;"Data ikke tilgjengelig"
"ENCREC_005";"15";"1517";"Hareid";"Ingen";"2018-2024";0;"Data ikke tilgjengelig"
"ENCREC_005";"15";"1517";"Hareid";"Ingen";"2018-2024";0;"Data ikke tilgjengelig"
"ENCREC_005";"15";"1517";"Hareid";"Ingen";"2018-2024";0;"Data ikke tilgjengelig"
"ENCREC_005";"15";"1517";"Hareid";"Ingen";"2018-2024";0;"Data ikke tilgjengelig"
"ENCREC_005";"15";"1517";"Hareid";"Ingen";"2018-2024";0;"Data ikke tilgjengelig"
"ENCREC_005";"15";"1517";"Hareid";"Ingen";"2018-2024";0;"Data ikke tilgjengelig"
"ENCREC_005";"15";"1517";"Hareid";"Ingen";"2018-2024";0;"Data ikke tilgjengelig"
"ENCREC_005";"15";"1517";"Hareid";"Ingen";"2018-2024";NA;"Data ikke tilgjengelig"
"ENCREC_005";"15";"1520";"Ørsta";"Ingen";"2018-2024";0;"Data ikke tilgjengelig"
"ENCREC_005";"15";"1520";"Ørsta";"Ingen";"2018-2024";0;"Data ikke tilgjengelig"
"ENCREC_005";"15";"1520";"Ørsta";"Ingen";"2018-2024";0;"Data ikke tilgjengelig"
"ENCREC_005";"15";"1520";"Ørsta";"Ingen";"2018-2024";0;"Data ikke tilgjengelig"
"ENCREC_005";"15";"1520";"Ørsta";"Ingen";"2018-2024";0;"Data ikke tilgjengelig"
"ENCREC_005";"15";"1520";"Ørsta";"Ingen";"2018-2024";0;"Data ikke tilgjengelig"
"ENCREC_005";"15";"1520";"Ørsta";"Ingen";"2018-2024";0;"Data ikke tilgjengelig"
"ENCREC_005";"15";"1520";"Ørsta";"Ingen";"2018-2024";NA;"Data ikke tilgjengelig"
"ENCREC_005";"15";"1563";"Sunndal";"Ingen";"2018-2024";0;"Data ikke tilgjengelig"
"ENCREC_005";"15";"1563";"Sunndal";"Ingen";"2018-2024";0;"Data ikke tilgjengelig"
"ENCREC_005";"15";"1563";"Sunndal";"Ingen";"2018-2024";0;"Data ikke tilgjengelig"
"ENCREC_005";"15";"1563";"Sunndal";"Ingen";"2018-2024";0;"Data ikke tilgjengelig"
"ENCREC_005";"15";"1563";"Sunndal";"Ingen";"2018-2024";0;"Data ikke tilgjengelig"
"ENCREC_005";"15";"1563";"Sunndal";"Ingen";"2018-2024";0;"Data ikke tilgjengelig"
"ENCREC_005";"15";"1563";"Sunndal";"Ingen";"2018-2024";0;"Data ikke tilgjengelig"
"ENCREC_005";"15";"1563";"Sunndal";"Ingen";"2018-2024";NA;"Data ikke tilgjengelig"
"ENCREC_005";"15";"1566";"Surnadal";"Ingen";"2018-2024";0;"Data ikke tilgjengelig"
"ENCREC_005";"15";"1566";"Surnadal";"Ingen";"2018-2024";0;"Data ikke tilgjengelig"
"ENCREC_005";"15";"1566";"Surnadal";"Ingen";"2018-2024";0;"Data ikke tilgjengelig"
"ENCREC_005";"15";"1566";"Surnadal";"Ingen";"2018-2024";0;"Data ikke tilgjengelig"
"ENCREC_005";"15";"1566";"Surnadal";"Ingen";"2018-2024";0;"Data ikke tilgjengelig"
"ENCREC_005";"15";"1566";"Surnadal";"Ingen";"2018-2024";0;"Data ikke tilgjengelig"
"ENCREC_005";"15";"1566";"Surnadal";"Ingen";"2018-2024";0;"Data ikke tilgjengelig"
"ENCREC_005";"15";"1566";"Surnadal";"Ingen";"2018-2024";NA;"Data ikke tilgjengelig"
"ENCREC_005";"15";"1577";"Volda";"Ingen";"2018-2024";0;"Data ikke tilgjengelig"
"ENCREC_005";"15";"1577";"Volda";"Ingen";"2018-2024";0;"Data ikke tilgjengelig"
"ENCREC_005";"15";"1577";"Volda";"Ingen";"2018-2024";0;"Data ikke tilgjengelig"
"ENCREC_005";"15";"1577";"Volda";"Ingen";"2018-2024";0;"Data ikke tilgjengelig"
"ENCREC_005";"15";"1577";"Volda";"Ingen";"2018-2024";0;"Data ikke tilgjengelig"
"ENCREC_005";"15";"1577";"Volda";"Ingen";"2018-2024";0;"Data ikke tilgjengelig"
"ENCREC_005";"15";"1577";"Volda";"Ingen";"2018-2024";0;"Data ikke tilgjengelig"
"ENCREC_005";"15";"1577";"Volda";"Ingen";"2018-2024";NA;"Data ikke tilgjengelig"
"ENCREC_005";"18";"1806";"Narvik";"Ingen";"2018-2024";0;"Data ikke tilgjengelig"
"ENCREC_005";"18";"1806";"Narvik";"Ingen";"2018-2024";0;"Data ikke tilgjengelig"
"ENCREC_005";"18";"1806";"Narvik";"Ingen";"2018-2024";0;"Data ikke tilgjengelig"
"ENCREC_005";"18";"1806";"Narvik";"Ingen";"2018-2024";0;"Data ikke tilgjengelig"
"ENCREC_005";"18";"1806";"Narvik";"Ingen";"2018-2024";0;"Data ikke tilgjengelig"
"ENCREC_005";"18";"1806";"Narvik";"Ingen";"2018-2024";0;"Data ikke tilgjengelig"
"ENCREC_005";"18";"1806";"Narvik";"Ingen";"2018-2024";0;"Data ikke tilgjengelig"
"ENCREC_005";"18";"1806";"Narvik";"Ingen";"2018-2024";NA;"Data ikke tilgjengelig"
"ENCREC_005";"18";"1811";"Bindal";"Ingen";"2018-2024";0;"Data ikke tilgjengelig"
"ENCREC_005";"18";"1811";"Bindal";"Ingen";"2018-2024";0;"Data ikke tilgjengelig"
"ENCREC_005";"18";"1811";"Bindal";"Ingen";"2018-2024";0;"Data ikke tilgjengelig"
"ENCREC_005";"18";"1811";"Bindal";"Ingen";"2018-2024";0;"Data ikke tilgjengelig"
"ENCREC_005";"18";"1811";"Bindal";"Ingen";"2018-2024";0;"Data ikke tilgjengelig"
"ENCREC_005";"18";"1811";"Bindal";"Ingen";"2018-2024";0;"Data ikke tilgjengelig"
"ENCREC_005";"18";"1811";"Bindal";"Ingen";"2018-2024";0;"Data ikke tilgjengelig"
"ENCREC_005";"18";"1811";"Bindal";"Ingen";"2018-2024";NA;"Data ikke tilgjengelig"
"ENCREC_005";"18";"1812";"Sømna";"Ingen";"2018-2024";0;"Data ikke tilgjengelig"
"ENCREC_005";"18";"1812";"Sømna";"Ingen";"2018-2024";0;"Data ikke tilgjengelig"
"ENCREC_005";"18";"1812";"Sømna";"Ingen";"2018-2024";0;"Data ikke tilgjengelig"
"ENCREC_005";"18";"1812";"Sømna";"Ingen";"2018-2024";0;"Data ikke tilgjengelig"
"ENCREC_005";"18";"1812";"Sømna";"Ingen";"2018-2024";0;"Data ikke tilgjengelig"
"ENCREC_005";"18";"1812";"Sømna";"Ingen";"2018-2024";0;"Data ikke tilgjengelig"
"ENCREC_005";"18";"1812";"Sømna";"Ingen";"2018-2024";0;"Data ikke tilgjengelig"
"ENCREC_005";"18";"1812";"Sømna";"Ingen";"2018-2024";NA;"Data ikke tilgjengelig"
"ENCREC_005";"18";"1813";"Brønnøy";"Ingen";"2018-2024";0;"Data ikke tilgjengelig"
"ENCREC_005";"18";"1813";"Brønnøy";"Ingen";"2018-2024";0;"Data ikke tilgjengelig"
"ENCREC_005";"18";"1813";"Brønnøy";"Ingen";"2018-2024";0;"Data ikke tilgjengelig"
"ENCREC_005";"18";"1813";"Brønnøy";"Ingen";"2018-2024";0;"Data ikke tilgjengelig"
"ENCREC_005";"18";"1813";"Brønnøy";"Ingen";"2018-2024";0;"Data ikke tilgjengelig"
"ENCREC_005";"18";"1813";"Brønnøy";"Ingen";"2018-2024";0;"Data ikke tilgjengelig"
"ENCREC_005";"18";"1813";"Brønnøy";"Ingen";"2018-2024";0;"Data ikke tilgjengelig"
"ENCREC_005";"18";"1813";"Brønnøy";"Ingen";"2018-2024";NA;"Data ikke tilgjengelig"
"ENCREC_005";"18";"1815";"Vega";"Ingen";"2018-2024";0;"Data ikke tilgjengelig"
"ENCREC_005";"18";"1815";"Vega";"Ingen";"2018-2024";0;"Data ikke tilgjengelig"
"ENCREC_005";"18";"1815";"Vega";"Ingen";"2018-2024";0;"Data ikke tilgjengelig"
"ENCREC_005";"18";"1815";"Vega";"Ingen";"2018-2024";0;"Data ikke tilgjengelig"
"ENCREC_005";"18";"1815";"Vega";"Ingen";"2018-2024";0;"Data ikke tilgjengelig"
"ENCREC_005";"18";"1815";"Vega";"Ingen";"2018-2024";0;"Data ikke tilgjengelig"
"ENCREC_005";"18";"1815";"Vega";"Ingen";"2018-2024";0;"Data ikke tilgjengelig"
"ENCREC_005";"18";"1815";"Vega";"Ingen";"2018-2024";NA;"Data ikke tilgjengelig"
"ENCREC_005";"18";"1816";"Vevelstad";"Ingen";"2018-2024";0;"Data ikke tilgjengelig"
"ENCREC_005";"18";"1816";"Vevelstad";"Ingen";"2018-2024";0;"Data ikke tilgjengelig"
"ENCREC_005";"18";"1816";"Vevelstad";"Ingen";"2018-2024";0;"Data ikke tilgjengelig"
"ENCREC_005";"18";"1816";"Vevelstad";"Ingen";"2018-2024";0;"Data ikke tilgjengelig"
"ENCREC_005";"18";"1816";"Vevelstad";"Ingen";"2018-2024";0;"Data ikke tilgjengelig"
"ENCREC_005";"18";"1816";"Vevelstad";"Ingen";"2018-2024";0;"Data ikke tilgjengelig"
"ENCREC_005";"18";"1816";"Vevelstad";"Ingen";"2018-2024";0;"Data ikke tilgjengelig"
"ENCREC_005";"18";"1816";"Vevelstad";"Ingen";"2018-2024";NA;"Data ikke tilgjengelig"
"ENCREC_005";"18";"1820";"Alstahaug";"Ingen";"2018-2024";0;"Data ikke tilgjengelig"
"ENCREC_005";"18";"1820";"Alstahaug";"Ingen";"2018-2024";0;"Data ikke tilgjengelig"
"ENCREC_005";"18";"1820";"Alstahaug";"Ingen";"2018-2024";0;"Data ikke tilgjengelig"
"ENCREC_005";"18";"1820";"Alstahaug";"Ingen";"2018-2024";0;"Data ikke tilgjengelig"
"ENCREC_005";"18";"1820";"Alstahaug";"Ingen";"2018-2024";0;"Data ikke tilgjengelig"
"ENCREC_005";"18";"1820";"Alstahaug";"Ingen";"2018-2024";0;"Data ikke tilgjengelig"
"ENCREC_005";"18";"1820";"Alstahaug";"Ingen";"2018-2024";0;"Data ikke tilgjengelig"
"ENCREC_005";"18";"1820";"Alstahaug";"Ingen";"2018-2024";NA;"Data ikke tilgjengelig"
"ENCREC_005";"18";"1822";"Leirfjord";"Ingen";"2018-2024";0;"Data ikke tilgjengelig"
"ENCREC_005";"18";"1822";"Leirfjord";"Ingen";"2018-2024";0;"Data ikke tilgjengelig"
"ENCREC_005";"18";"1822";"Leirfjord";"Ingen";"2018-2024";0;"Data ikke tilgjengelig"
"ENCREC_005";"18";"1822";"Leirfjord";"Ingen";"2018-2024";0;"Data ikke tilgjengelig"
"ENCREC_005";"18";"1822";"Leirfjord";"Ingen";"2018-2024";0;"Data ikke tilgjengelig"
"ENCREC_005";"18";"1822";"Leirfjord";"Ingen";"2018-2024";0;"Data ikke tilgjengelig"
"ENCREC_005";"18";"1822";"Leirfjord";"Ingen";"2018-2024";0;"Data ikke tilgjengelig"
"ENCREC_005";"18";"1822";"Leirfjord";"Ingen";"2018-2024";NA;"Data ikke tilgjengelig"
"ENCREC_005";"18";"1824";"Vefsn";"Ingen";"2018-2024";0;"Data ikke tilgjengelig"
"ENCREC_005";"18";"1824";"Vefsn";"Ingen";"2018-2024";0;"Data ikke tilgjengelig"
"ENCREC_005";"18";"1824";"Vefsn";"Ingen";"2018-2024";0;"Data ikke tilgjengelig"
"ENCREC_005";"18";"1824";"Vefsn";"Ingen";"2018-2024";0;"Data ikke tilgjengelig"
"ENCREC_005";"18";"1824";"Vefsn";"Ingen";"2018-2024";0;"Data ikke tilgjengelig"
"ENCREC_005";"18";"1824";"Vefsn";"Ingen";"2018-2024";0;"Data ikke tilgjengelig"
"ENCREC_005";"18";"1824";"Vefsn";"Ingen";"2018-2024";0;"Data ikke tilgjengelig"
"ENCREC_005";"18";"1824";"Vefsn";"Ingen";"2018-2024";NA;"Data ikke tilgjengelig"
"ENCREC_005";"18";"1825";"Grane";"Ingen";"2018-2024";0;"Data ikke tilgjengelig"
"ENCREC_005";"18";"1825";"Grane";"Ingen";"2018-2024";0;"Data ikke tilgjengelig"
"ENCREC_005";"18";"1825";"Grane";"Ingen";"2018-2024";0;"Data ikke tilgjengelig"
"ENCREC_005";"18";"1825";"Grane";"Ingen";"2018-2024";0;"Data ikke tilgjengelig"
"ENCREC_005";"18";"1825";"Grane";"Ingen";"2018-2024";0;"Data ikke tilgjengelig"
"ENCREC_005";"18";"1825";"Grane";"Ingen";"2018-2024";0;"Data ikke tilgjengelig"
"ENCREC_005";"18";"1825";"Grane";"Ingen";"2018-2024";0;"Data ikke tilgjengelig"
"ENCREC_005";"18";"1825";"Grane";"Ingen";"2018-2024";NA;"Data ikke tilgjengelig"
"ENCREC_005";"18";"1826";"Aarborte/Hattfjelldal";"Ingen";"2018-2024";0;"Data ikke tilgjengelig"
"ENCREC_005";"18";"1826";"Aarborte/Hattfjelldal";"Ingen";"2018-2024";0;"Data ikke tilgjengelig"
"ENCREC_005";"18";"1826";"Aarborte/Hattfjelldal";"Ingen";"2018-2024";0;"Data ikke tilgjengelig"
"ENCREC_005";"18";"1826";"Aarborte/Hattfjelldal";"Ingen";"2018-2024";0;"Data ikke tilgjengelig"
"ENCREC_005";"18";"1826";"Aarborte/Hattfjelldal";"Ingen";"2018-2024";0;"Data ikke tilgjengelig"
"ENCREC_005";"18";"1826";"Aarborte/Hattfjelldal";"Ingen";"2018-2024";0;"Data ikke tilgjengelig"
"ENCREC_005";"18";"1826";"Aarborte/Hattfjelldal";"Ingen";"2018-2024";0;"Data ikke tilgjengelig"
"ENCREC_005";"18";"1826";"Aarborte/Hattfjelldal";"Ingen";"2018-2024";NA;"Data ikke tilgjengelig"
"ENCREC_005";"18";"1827";"Dønna";"Ingen";"2018-2024";0;"Data ikke tilgjengelig"
"ENCREC_005";"18";"1827";"Dønna";"Ingen";"2018-2024";0;"Data ikke tilgjengelig"
"ENCREC_005";"18";"1827";"Dønna";"Ingen";"2018-2024";0;"Data ikke tilgjengelig"
"ENCREC_005";"18";"1827";"Dønna";"Ingen";"2018-2024";0;"Data ikke tilgjengelig"
"ENCREC_005";"18";"1827";"Dønna";"Ingen";"2018-2024";0;"Data ikke tilgjengelig"
"ENCREC_005";"18";"1827";"Dønna";"Ingen";"2018-2024";0;"Data ikke tilgjengelig"
"ENCREC_005";"18";"1827";"Dønna";"Ingen";"2018-2024";0;"Data ikke tilgjengelig"
"ENCREC_005";"18";"1827";"Dønna";"Ingen";"2018-2024";NA;"Data ikke tilgjengelig"
"ENCREC_005";"18";"1828";"Nesna";"Ingen";"2018-2024";0;"Data ikke tilgjengelig"
"ENCREC_005";"18";"1828";"Nesna";"Ingen";"2018-2024";0;"Data ikke tilgjengelig"
"ENCREC_005";"18";"1828";"Nesna";"Ingen";"2018-2024";0;"Data ikke tilgjengelig"
"ENCREC_005";"18";"1828";"Nesna";"Ingen";"2018-2024";0;"Data ikke tilgjengelig"
"ENCREC_005";"18";"1828";"Nesna";"Ingen";"2018-2024";0;"Data ikke tilgjengelig"
"ENCREC_005";"18";"1828";"Nesna";"Ingen";"2018-2024";0;"Data ikke tilgjengelig"
"ENCREC_005";"18";"1828";"Nesna";"Ingen";"2018-2024";0;"Data ikke tilgjengelig"
"ENCREC_005";"18";"1828";"Nesna";"Ingen";"2018-2024";NA;"Data ikke tilgjengelig"
"ENCREC_005";"18";"1832";"Hemnes";"Ingen";"2018-2024";0;"Data ikke tilgjengelig"
"ENCREC_005";"18";"1832";"Hemnes";"Ingen";"2018-2024";0;"Data ikke tilgjengelig"
"ENCREC_005";"18";"1832";"Hemnes";"Ingen";"2018-2024";0;"Data ikke tilgjengelig"
"ENCREC_005";"18";"1832";"Hemnes";"Ingen";"2018-2024";0;"Data ikke tilgjengelig"
"ENCREC_005";"18";"1832";"Hemnes";"Ingen";"2018-2024";0;"Data ikke tilgjengelig"
"ENCREC_005";"18";"1832";"Hemnes";"Ingen";"2018-2024";0;"Data ikke tilgjengelig"
"ENCREC_005";"18";"1832";"Hemnes";"Ingen";"2018-2024";0;"Data ikke tilgjengelig"
"ENCREC_005";"18";"1832";"Hemnes";"Ingen";"2018-2024";NA;"Data ikke tilgjengelig"
"ENCREC_005";"18";"1834";"Lurøy";"Ingen";"2018-2024";0;"Data ikke tilgjengelig"
"ENCREC_005";"18";"1834";"Lurøy";"Ingen";"2018-2024";0;"Data ikke tilgjengelig"
"ENCREC_005";"18";"1834";"Lurøy";"Ingen";"2018-2024";0;"Data ikke tilgjengelig"
"ENCREC_005";"18";"1834";"Lurøy";"Ingen";"2018-2024";0;"Data ikke tilgjengelig"
"ENCREC_005";"18";"1834";"Lurøy";"Ingen";"2018-2024";0;"Data ikke tilgjengelig"
"ENCREC_005";"18";"1834";"Lurøy";"Ingen";"2018-2024";0;"Data ikke tilgjengelig"
"ENCREC_005";"18";"1834";"Lurøy";"Ingen";"2018-2024";0;"Data ikke tilgjengelig"
"ENCREC_005";"18";"1834";"Lurøy";"Ingen";"2018-2024";NA;"Data ikke tilgjengelig"
"ENCREC_005";"18";"1835";"Træna";"Ingen";"2018-2024";0;"Data ikke tilgjengelig"
"ENCREC_005";"18";"1835";"Træna";"Ingen";"2018-2024";0;"Data ikke tilgjengelig"
"ENCREC_005";"18";"1835";"Træna";"Ingen";"2018-2024";0;"Data ikke tilgjengelig"
"ENCREC_005";"18";"1835";"Træna";"Ingen";"2018-2024";0;"Data ikke tilgjengelig"
"ENCREC_005";"18";"1835";"Træna";"Ingen";"2018-2024";0;"Data ikke tilgjengelig"
"ENCREC_005";"18";"1835";"Træna";"Ingen";"2018-2024";0;"Data ikke tilgjengelig"
"ENCREC_005";"18";"1835";"Træna";"Ingen";"2018-2024";0;"Data ikke tilgjengelig"
"ENCREC_005";"18";"1835";"Træna";"Ingen";"2018-2024";NA;"Data ikke tilgjengelig"
"ENCREC_005";"18";"1836";"Rødøy";"Ingen";"2018-2024";0;"Data ikke tilgjengelig"
"ENCREC_005";"18";"1836";"Rødøy";"Ingen";"2018-2024";0;"Data ikke tilgjengelig"
"ENCREC_005";"18";"1836";"Rødøy";"Ingen";"2018-2024";0;"Data ikke tilgjengelig"
"ENCREC_005";"18";"1836";"Rødøy";"Ingen";"2018-2024";0;"Data ikke tilgjengelig"
"ENCREC_005";"18";"1836";"Rødøy";"Ingen";"2018-2024";0;"Data ikke tilgjengelig"
"ENCREC_005";"18";"1836";"Rødøy";"Ingen";"2018-2024";0;"Data ikke tilgjengelig"
"ENCREC_005";"18";"1836";"Rødøy";"Ingen";"2018-2024";0;"Data ikke tilgjengelig"
"ENCREC_005";"18";"1836";"Rødøy";"Ingen";"2018-2024";NA;"Data ikke tilgjengelig"
"ENCREC_005";"18";"1837";"Meløy";"Ingen";"2018-2024";0;"Data ikke tilgjengelig"
"ENCREC_005";"18";"1837";"Meløy";"Ingen";"2018-2024";0;"Data ikke tilgjengelig"
"ENCREC_005";"18";"1837";"Meløy";"Ingen";"2018-2024";0;"Data ikke tilgjengelig"
"ENCREC_005";"18";"1837";"Meløy";"Ingen";"2018-2024";0;"Data ikke tilgjengelig"
"ENCREC_005";"18";"1837";"Meløy";"Ingen";"2018-2024";0;"Data ikke tilgjengelig"
"ENCREC_005";"18";"1837";"Meløy";"Ingen";"2018-2024";0;"Data ikke tilgjengelig"
"ENCREC_005";"18";"1837";"Meløy";"Ingen";"2018-2024";0;"Data ikke tilgjengelig"
"ENCREC_005";"18";"1837";"Meløy";"Ingen";"2018-2024";NA;"Data ikke tilgjengelig"
"ENCREC_005";"18";"1839";"Beiarn";"Ingen";"2018-2024";0;"Data ikke tilgjengelig"
"ENCREC_005";"18";"1839";"Beiarn";"Ingen";"2018-2024";0;"Data ikke tilgjengelig"
"ENCREC_005";"18";"1839";"Beiarn";"Ingen";"2018-2024";0;"Data ikke tilgjengelig"
"ENCREC_005";"18";"1839";"Beiarn";"Ingen";"2018-2024";0;"Data ikke tilgjengelig"
"ENCREC_005";"18";"1839";"Beiarn";"Ingen";"2018-2024";0;"Data ikke tilgjengelig"
"ENCREC_005";"18";"1839";"Beiarn";"Ingen";"2018-2024";0;"Data ikke tilgjengelig"
"ENCREC_005";"18";"1839";"Beiarn";"Ingen";"2018-2024";0;"Data ikke tilgjengelig"
"ENCREC_005";"18";"1839";"Beiarn";"Ingen";"2018-2024";NA;"Data ikke tilgjengelig"
"ENCREC_005";"18";"1840";"Saltdal";"Ingen";"2018-2024";0;"Data ikke tilgjengelig"
"ENCREC_005";"18";"1840";"Saltdal";"Ingen";"2018-2024";0;"Data ikke tilgjengelig"
"ENCREC_005";"18";"1840";"Saltdal";"Ingen";"2018-2024";0;"Data ikke tilgjengelig"
"ENCREC_005";"18";"1840";"Saltdal";"Ingen";"2018-2024";0;"Data ikke tilgjengelig"
"ENCREC_005";"18";"1840";"Saltdal";"Ingen";"2018-2024";0;"Data ikke tilgjengelig"
"ENCREC_005";"18";"1840";"Saltdal";"Ingen";"2018-2024";0;"Data ikke tilgjengelig"
"ENCREC_005";"18";"1840";"Saltdal";"Ingen";"2018-2024";0;"Data ikke tilgjengelig"
"ENCREC_005";"18";"1840";"Saltdal";"Ingen";"2018-2024";NA;"Data ikke tilgjengelig"
"ENCREC_005";"18";"1856";"Røst";"Ingen";"2018-2024";0;"Data ikke tilgjengelig"
"ENCREC_005";"18";"1856";"Røst";"Ingen";"2018-2024";0;"Data ikke tilgjengelig"
"ENCREC_005";"18";"1856";"Røst";"Ingen";"2018-2024";0;"Data ikke tilgjengelig"
"ENCREC_005";"18";"1856";"Røst";"Ingen";"2018-2024";0;"Data ikke tilgjengelig"
"ENCREC_005";"18";"1856";"Røst";"Ingen";"2018-2024";0;"Data ikke tilgjengelig"
"ENCREC_005";"18";"1856";"Røst";"Ingen";"2018-2024";0;"Data ikke tilgjengelig"
"ENCREC_005";"18";"1856";"Røst";"Ingen";"2018-2024";0;"Data ikke tilgjengelig"
"ENCREC_005";"18";"1856";"Røst";"Ingen";"2018-2024";NA;"Data ikke tilgjengelig"
"ENCREC_005";"18";"1857";"Værøy";"Ingen";"2018-2024";0;"Data ikke tilgjengelig"
"ENCREC_005";"18";"1857";"Værøy";"Ingen";"2018-2024";0;"Data ikke tilgjengelig"
"ENCREC_005";"18";"1857";"Værøy";"Ingen";"2018-2024";0;"Data ikke tilgjengelig"
"ENCREC_005";"18";"1857";"Værøy";"Ingen";"2018-2024";0;"Data ikke tilgjengelig"
"ENCREC_005";"18";"1857";"Værøy";"Ingen";"2018-2024";0;"Data ikke tilgjengelig"
"ENCREC_005";"18";"1857";"Værøy";"Ingen";"2018-2024";0;"Data ikke tilgjengelig"
"ENCREC_005";"18";"1857";"Værøy";"Ingen";"2018-2024";0;"Data ikke tilgjengelig"
"ENCREC_005";"18";"1857";"Værøy";"Ingen";"2018-2024";NA;"Data ikke tilgjengelig"
"ENCREC_005";"18";"1859";"Flakstad";"Ingen";"2018-2024";0;"Data ikke tilgjengelig"
"ENCREC_005";"18";"1859";"Flakstad";"Ingen";"2018-2024";0;"Data ikke tilgjengelig"
"ENCREC_005";"18";"1859";"Flakstad";"Ingen";"2018-2024";0;"Data ikke tilgjengelig"
"ENCREC_005";"18";"1859";"Flakstad";"Ingen";"2018-2024";0;"Data ikke tilgjengelig"
"ENCREC_005";"18";"1859";"Flakstad";"Ingen";"2018-2024";0;"Data ikke tilgjengelig"
"ENCREC_005";"18";"1859";"Flakstad";"Ingen";"2018-2024";0;"Data ikke tilgjengelig"
"ENCREC_005";"18";"1859";"Flakstad";"Ingen";"2018-2024";0;"Data ikke tilgjengelig"
"ENCREC_005";"18";"1859";"Flakstad";"Ingen";"2018-2024";NA;"Data ikke tilgjengelig"
"ENCREC_005";"18";"1866";"Hadsel";"Ingen";"2018-2024";0;"Data ikke tilgjengelig"
"ENCREC_005";"18";"1866";"Hadsel";"Ingen";"2018-2024";0;"Data ikke tilgjengelig"
"ENCREC_005";"18";"1866";"Hadsel";"Ingen";"2018-2024";0;"Data ikke tilgjengelig"
"ENCREC_005";"18";"1866";"Hadsel";"Ingen";"2018-2024";0;"Data ikke tilgjengelig"
"ENCREC_005";"18";"1866";"Hadsel";"Ingen";"2018-2024";0;"Data ikke tilgjengelig"
"ENCREC_005";"18";"1866";"Hadsel";"Ingen";"2018-2024";0;"Data ikke tilgjengelig"
"ENCREC_005";"18";"1866";"Hadsel";"Ingen";"2018-2024";0;"Data ikke tilgjengelig"
"ENCREC_005";"18";"1866";"Hadsel";"Ingen";"2018-2024";NA;"Data ikke tilgjengelig"
"ENCREC_005";"18";"1867";"Bø";"Ingen";"2018-2024";0;"Data ikke tilgjengelig"
"ENCREC_005";"18";"1867";"Bø";"Ingen";"2018-2024";0;"Data ikke tilgjengelig"
"ENCREC_005";"18";"1867";"Bø";"Ingen";"2018-2024";0;"Data ikke tilgjengelig"
"ENCREC_005";"18";"1867";"Bø";"Ingen";"2018-2024";0;"Data ikke tilgjengelig"
"ENCREC_005";"18";"1867";"Bø";"Ingen";"2018-2024";0;"Data ikke tilgjengelig"
"ENCREC_005";"18";"1867";"Bø";"Ingen";"2018-2024";0;"Data ikke tilgjengelig"
"ENCREC_005";"18";"1867";"Bø";"Ingen";"2018-2024";0;"Data ikke tilgjengelig"
"ENCREC_005";"18";"1867";"Bø";"Ingen";"2018-2024";NA;"Data ikke tilgjengelig"
"ENCREC_005";"18";"1868";"Øksnes";"Ingen";"2018-2024";0;"Data ikke tilgjengelig"
"ENCREC_005";"18";"1868";"Øksnes";"Ingen";"2018-2024";0;"Data ikke tilgjengelig"
"ENCREC_005";"18";"1868";"Øksnes";"Ingen";"2018-2024";0;"Data ikke tilgjengelig"
"ENCREC_005";"18";"1868";"Øksnes";"Ingen";"2018-2024";0;"Data ikke tilgjengelig"
"ENCREC_005";"18";"1868";"Øksnes";"Ingen";"2018-2024";0;"Data ikke tilgjengelig"
"ENCREC_005";"18";"1868";"Øksnes";"Ingen";"2018-2024";0;"Data ikke tilgjengelig"
"ENCREC_005";"18";"1868";"Øksnes";"Ingen";"2018-2024";0;"Data ikke tilgjengelig"
"ENCREC_005";"18";"1868";"Øksnes";"Ingen";"2018-2024";NA;"Data ikke tilgjengelig"
"ENCREC_005";"18";"1870";"Sortland/Suortá";"Ingen";"2018-2024";0;"Data ikke tilgjengelig"
"ENCREC_005";"18";"1870";"Sortland/Suortá";"Ingen";"2018-2024";0;"Data ikke tilgjengelig"
"ENCREC_005";"18";"1870";"Sortland/Suortá";"Ingen";"2018-2024";0;"Data ikke tilgjengelig"
"ENCREC_005";"18";"1870";"Sortland/Suortá";"Ingen";"2018-2024";0;"Data ikke tilgjengelig"
"ENCREC_005";"18";"1870";"Sortland/Suortá";"Ingen";"2018-2024";0;"Data ikke tilgjengelig"
"ENCREC_005";"18";"1870";"Sortland/Suortá";"Ingen";"2018-2024";0;"Data ikke tilgjengelig"
"ENCREC_005";"18";"1870";"Sortland/Suortá";"Ingen";"2018-2024";0;"Data ikke tilgjengelig"
"ENCREC_005";"18";"1870";"Sortland/Suortá";"Ingen";"2018-2024";NA;"Data ikke tilgjengelig"
"ENCREC_005";"18";"1871";"Andøy";"Ingen";"2018-2024";0;"Data ikke tilgjengelig"
"ENCREC_005";"18";"1871";"Andøy";"Ingen";"2018-2024";0;"Data ikke tilgjengelig"
"ENCREC_005";"18";"1871";"Andøy";"Ingen";"2018-2024";0;"Data ikke tilgjengelig"
"ENCREC_005";"18";"1871";"Andøy";"Ingen";"2018-2024";0;"Data ikke tilgjengelig"
"ENCREC_005";"18";"1871";"Andøy";"Ingen";"2018-2024";0;"Data ikke tilgjengelig"
"ENCREC_005";"18";"1871";"Andøy";"Ingen";"2018-2024";0;"Data ikke tilgjengelig"
"ENCREC_005";"18";"1871";"Andøy";"Ingen";"2018-2024";0;"Data ikke tilgjengelig"
"ENCREC_005";"18";"1871";"Andøy";"Ingen";"2018-2024";NA;"Data ikke tilgjengelig"
"ENCREC_005";"18";"1874";"Moskenes";"Ingen";"2018-2024";0;"Data ikke tilgjengelig"
"ENCREC_005";"18";"1874";"Moskenes";"Ingen";"2018-2024";0;"Data ikke tilgjengelig"
"ENCREC_005";"18";"1874";"Moskenes";"Ingen";"2018-2024";0;"Data ikke tilgjengelig"
"ENCREC_005";"18";"1874";"Moskenes";"Ingen";"2018-2024";0;"Data ikke tilgjengelig"
"ENCREC_005";"18";"1874";"Moskenes";"Ingen";"2018-2024";0;"Data ikke tilgjengelig"
"ENCREC_005";"18";"1874";"Moskenes";"Ingen";"2018-2024";0;"Data ikke tilgjengelig"
"ENCREC_005";"18";"1874";"Moskenes";"Ingen";"2018-2024";0;"Data ikke tilgjengelig"
"ENCREC_005";"18";"1874";"Moskenes";"Ingen";"2018-2024";NA;"Data ikke tilgjengelig"
"ENCREC_005";"18";"1875";"Hábmer/Hamarøy";"Ingen";"2018-2024";0;"Data ikke tilgjengelig"
"ENCREC_005";"18";"1875";"Hábmer/Hamarøy";"Ingen";"2018-2024";0;"Data ikke tilgjengelig"
"ENCREC_005";"18";"1875";"Hábmer/Hamarøy";"Ingen";"2018-2024";0;"Data ikke tilgjengelig"
"ENCREC_005";"18";"1875";"Hábmer/Hamarøy";"Ingen";"2018-2024";0;"Data ikke tilgjengelig"
"ENCREC_005";"18";"1875";"Hábmer/Hamarøy";"Ingen";"2018-2024";0;"Data ikke tilgjengelig"
"ENCREC_005";"18";"1875";"Hábmer/Hamarøy";"Ingen";"2018-2024";0;"Data ikke tilgjengelig"
"ENCREC_005";"18";"1875";"Hábmer/Hamarøy";"Ingen";"2018-2024";0;"Data ikke tilgjengelig"
"ENCREC_005";"18";"1875";"Hábmer/Hamarøy";"Ingen";"2018-2024";NA;"Data ikke tilgjengelig"
"ENCREC_005";"31";"3114";"Våler (Viken)";"Ingen";"2018-2024";0;"Data ikke tilgjengelig"
"ENCREC_005";"31";"3114";"Våler (Viken)";"Ingen";"2018-2024";0;"Data ikke tilgjengelig"
"ENCREC_005";"31";"3114";"Våler (Viken)";"Ingen";"2018-2024";0;"Data ikke tilgjengelig"
"ENCREC_005";"31";"3114";"Våler (Viken)";"Ingen";"2018-2024";0;"Data ikke tilgjengelig"
"ENCREC_005";"31";"3114";"Våler (Viken)";"Ingen";"2018-2024";0;"Data ikke tilgjengelig"
"ENCREC_005";"31";"3114";"Våler (Viken)";"Ingen";"2018-2024";0;"Data ikke tilgjengelig"
"ENCREC_005";"31";"3114";"Våler (Viken)";"Ingen";"2018-2024";0;"Data ikke tilgjengelig"
"ENCREC_005";"31";"3114";"Våler (Viken)";"Ingen";"2018-2024";NA;"Data ikke tilgjengelig"
"ENCREC_005";"31";"3122";"Marker";"Ingen";"2018-2024";0;"Data ikke tilgjengelig"
"ENCREC_005";"31";"3122";"Marker";"Ingen";"2018-2024";0;"Data ikke tilgjengelig"
"ENCREC_005";"31";"3122";"Marker";"Ingen";"2018-2024";0;"Data ikke tilgjengelig"
"ENCREC_005";"31";"3122";"Marker";"Ingen";"2018-2024";0;"Data ikke tilgjengelig"
"ENCREC_005";"31";"3122";"Marker";"Ingen";"2018-2024";0;"Data ikke tilgjengelig"
"ENCREC_005";"31";"3122";"Marker";"Ingen";"2018-2024";0;"Data ikke tilgjengelig"
"ENCREC_005";"31";"3122";"Marker";"Ingen";"2018-2024";0;"Data ikke tilgjengelig"
"ENCREC_005";"31";"3122";"Marker";"Ingen";"2018-2024";NA;"Data ikke tilgjengelig"
"ENCREC_005";"32";"3224";"Rælingen";"Ingen";"2018-2024";0;"Data ikke tilgjengelig"
"ENCREC_005";"32";"3224";"Rælingen";"Ingen";"2018-2024";0;"Data ikke tilgjengelig"
"ENCREC_005";"32";"3224";"Rælingen";"Ingen";"2018-2024";0;"Data ikke tilgjengelig"
"ENCREC_005";"32";"3224";"Rælingen";"Ingen";"2018-2024";0;"Data ikke tilgjengelig"
"ENCREC_005";"32";"3224";"Rælingen";"Ingen";"2018-2024";0;"Data ikke tilgjengelig"
"ENCREC_005";"32";"3224";"Rælingen";"Ingen";"2018-2024";0;"Data ikke tilgjengelig"
"ENCREC_005";"32";"3224";"Rælingen";"Ingen";"2018-2024";0;"Data ikke tilgjengelig"
"ENCREC_005";"32";"3224";"Rælingen";"Ingen";"2018-2024";NA;"Data ikke tilgjengelig"
"ENCREC_005";"32";"3226";"Aurskog-Høland";"Ingen";"2018-2024";0;"Data ikke tilgjengelig"
"ENCREC_005";"32";"3226";"Aurskog-Høland";"Ingen";"2018-2024";0;"Data ikke tilgjengelig"
"ENCREC_005";"32";"3226";"Aurskog-Høland";"Ingen";"2018-2024";0;"Data ikke tilgjengelig"
"ENCREC_005";"32";"3226";"Aurskog-Høland";"Ingen";"2018-2024";0;"Data ikke tilgjengelig"
"ENCREC_005";"32";"3226";"Aurskog-Høland";"Ingen";"2018-2024";0;"Data ikke tilgjengelig"
"ENCREC_005";"32";"3226";"Aurskog-Høland";"Ingen";"2018-2024";0;"Data ikke tilgjengelig"
"ENCREC_005";"32";"3226";"Aurskog-Høland";"Ingen";"2018-2024";0;"Data ikke tilgjengelig"
"ENCREC_005";"32";"3226";"Aurskog-Høland";"Ingen";"2018-2024";NA;"Data ikke tilgjengelig"
"ENCREC_005";"32";"3230";"Gjerdrum";"Ingen";"2018-2024";0;"Data ikke tilgjengelig"
"ENCREC_005";"32";"3230";"Gjerdrum";"Ingen";"2018-2024";0;"Data ikke tilgjengelig"
"ENCREC_005";"32";"3230";"Gjerdrum";"Ingen";"2018-2024";0;"Data ikke tilgjengelig"
"ENCREC_005";"32";"3230";"Gjerdrum";"Ingen";"2018-2024";0;"Data ikke tilgjengelig"
"ENCREC_005";"32";"3230";"Gjerdrum";"Ingen";"2018-2024";0;"Data ikke tilgjengelig"
"ENCREC_005";"32";"3230";"Gjerdrum";"Ingen";"2018-2024";0;"Data ikke tilgjengelig"
"ENCREC_005";"32";"3230";"Gjerdrum";"Ingen";"2018-2024";0;"Data ikke tilgjengelig"
"ENCREC_005";"32";"3230";"Gjerdrum";"Ingen";"2018-2024";NA;"Data ikke tilgjengelig"
"ENCREC_005";"32";"3238";"Nannestad";"Ingen";"2018-2024";0;"Data ikke tilgjengelig"
"ENCREC_005";"32";"3238";"Nannestad";"Ingen";"2018-2024";0;"Data ikke tilgjengelig"
"ENCREC_005";"32";"3238";"Nannestad";"Ingen";"2018-2024";0;"Data ikke tilgjengelig"
"ENCREC_005";"32";"3238";"Nannestad";"Ingen";"2018-2024";0;"Data ikke tilgjengelig"
"ENCREC_005";"32";"3238";"Nannestad";"Ingen";"2018-2024";0;"Data ikke tilgjengelig"
"ENCREC_005";"32";"3238";"Nannestad";"Ingen";"2018-2024";0;"Data ikke tilgjengelig"
"ENCREC_005";"32";"3238";"Nannestad";"Ingen";"2018-2024";0;"Data ikke tilgjengelig"
"ENCREC_005";"32";"3238";"Nannestad";"Ingen";"2018-2024";NA;"Data ikke tilgjengelig"
"ENCREC_005";"32";"3240";"Eidsvoll";"Ingen";"2018-2024";0;"Data ikke tilgjengelig"
"ENCREC_005";"32";"3240";"Eidsvoll";"Ingen";"2018-2024";0;"Data ikke tilgjengelig"
"ENCREC_005";"32";"3240";"Eidsvoll";"Ingen";"2018-2024";0;"Data ikke tilgjengelig"
"ENCREC_005";"32";"3240";"Eidsvoll";"Ingen";"2018-2024";0;"Data ikke tilgjengelig"
"ENCREC_005";"32";"3240";"Eidsvoll";"Ingen";"2018-2024";0;"Data ikke tilgjengelig"
"ENCREC_005";"32";"3240";"Eidsvoll";"Ingen";"2018-2024";0;"Data ikke tilgjengelig"
"ENCREC_005";"32";"3240";"Eidsvoll";"Ingen";"2018-2024";0;"Data ikke tilgjengelig"
"ENCREC_005";"32";"3240";"Eidsvoll";"Ingen";"2018-2024";NA;"Data ikke tilgjengelig"
"ENCREC_005";"32";"3242";"Hurdal";"Ingen";"2018-2024";0;"Data ikke tilgjengelig"
"ENCREC_005";"32";"3242";"Hurdal";"Ingen";"2018-2024";0;"Data ikke tilgjengelig"
"ENCREC_005";"32";"3242";"Hurdal";"Ingen";"2018-2024";0;"Data ikke tilgjengelig"
"ENCREC_005";"32";"3242";"Hurdal";"Ingen";"2018-2024";0;"Data ikke tilgjengelig"
"ENCREC_005";"32";"3242";"Hurdal";"Ingen";"2018-2024";0;"Data ikke tilgjengelig"
"ENCREC_005";"32";"3242";"Hurdal";"Ingen";"2018-2024";0;"Data ikke tilgjengelig"
"ENCREC_005";"32";"3242";"Hurdal";"Ingen";"2018-2024";0;"Data ikke tilgjengelig"
"ENCREC_005";"32";"3242";"Hurdal";"Ingen";"2018-2024";NA;"Data ikke tilgjengelig"
"ENCREC_005";"33";"3316";"Modum";"Ingen";"2018-2024";0;"Data ikke tilgjengelig"
"ENCREC_005";"33";"3316";"Modum";"Ingen";"2018-2024";0;"Data ikke tilgjengelig"
"ENCREC_005";"33";"3316";"Modum";"Ingen";"2018-2024";0;"Data ikke tilgjengelig"
"ENCREC_005";"33";"3316";"Modum";"Ingen";"2018-2024";0;"Data ikke tilgjengelig"
"ENCREC_005";"33";"3316";"Modum";"Ingen";"2018-2024";0;"Data ikke tilgjengelig"
"ENCREC_005";"33";"3316";"Modum";"Ingen";"2018-2024";0;"Data ikke tilgjengelig"
"ENCREC_005";"33";"3316";"Modum";"Ingen";"2018-2024";0;"Data ikke tilgjengelig"
"ENCREC_005";"33";"3316";"Modum";"Ingen";"2018-2024";NA;"Data ikke tilgjengelig"
"ENCREC_005";"34";"3403";"Hamar";"Ingen";"2018-2024";0;"Data ikke tilgjengelig"
"ENCREC_005";"34";"3403";"Hamar";"Ingen";"2018-2024";0;"Data ikke tilgjengelig"
"ENCREC_005";"34";"3403";"Hamar";"Ingen";"2018-2024";0;"Data ikke tilgjengelig"
"ENCREC_005";"34";"3403";"Hamar";"Ingen";"2018-2024";0;"Data ikke tilgjengelig"
"ENCREC_005";"34";"3403";"Hamar";"Ingen";"2018-2024";0;"Data ikke tilgjengelig"
"ENCREC_005";"34";"3403";"Hamar";"Ingen";"2018-2024";0;"Data ikke tilgjengelig"
"ENCREC_005";"34";"3403";"Hamar";"Ingen";"2018-2024";0;"Data ikke tilgjengelig"
"ENCREC_005";"34";"3403";"Hamar";"Ingen";"2018-2024";NA;"Data ikke tilgjengelig"
"ENCREC_005";"34";"3405";"Lillehammer";"Ingen";"2018-2024";0;"Data ikke tilgjengelig"
"ENCREC_005";"34";"3405";"Lillehammer";"Ingen";"2018-2024";0;"Data ikke tilgjengelig"
"ENCREC_005";"34";"3405";"Lillehammer";"Ingen";"2018-2024";0;"Data ikke tilgjengelig"
"ENCREC_005";"34";"3405";"Lillehammer";"Ingen";"2018-2024";0;"Data ikke tilgjengelig"
"ENCREC_005";"34";"3405";"Lillehammer";"Ingen";"2018-2024";0;"Data ikke tilgjengelig"
"ENCREC_005";"34";"3405";"Lillehammer";"Ingen";"2018-2024";0;"Data ikke tilgjengelig"
"ENCREC_005";"34";"3405";"Lillehammer";"Ingen";"2018-2024";0;"Data ikke tilgjengelig"
"ENCREC_005";"34";"3405";"Lillehammer";"Ingen";"2018-2024";NA;"Data ikke tilgjengelig"
"ENCREC_005";"34";"3414";"Nord-Odal";"Ingen";"2018-2024";0;"Data ikke tilgjengelig"
"ENCREC_005";"34";"3414";"Nord-Odal";"Ingen";"2018-2024";0;"Data ikke tilgjengelig"
"ENCREC_005";"34";"3414";"Nord-Odal";"Ingen";"2018-2024";0;"Data ikke tilgjengelig"
"ENCREC_005";"34";"3414";"Nord-Odal";"Ingen";"2018-2024";0;"Data ikke tilgjengelig"
"ENCREC_005";"34";"3414";"Nord-Odal";"Ingen";"2018-2024";0;"Data ikke tilgjengelig"
"ENCREC_005";"34";"3414";"Nord-Odal";"Ingen";"2018-2024";0;"Data ikke tilgjengelig"
"ENCREC_005";"34";"3414";"Nord-Odal";"Ingen";"2018-2024";0;"Data ikke tilgjengelig"
"ENCREC_005";"34";"3414";"Nord-Odal";"Ingen";"2018-2024";NA;"Data ikke tilgjengelig"
"ENCREC_005";"34";"3415";"Sør-Odal";"Ingen";"2018-2024";0;"Data ikke tilgjengelig"
"ENCREC_005";"34";"3415";"Sør-Odal";"Ingen";"2018-2024";0;"Data ikke tilgjengelig"
"ENCREC_005";"34";"3415";"Sør-Odal";"Ingen";"2018-2024";0;"Data ikke tilgjengelig"
"ENCREC_005";"34";"3415";"Sør-Odal";"Ingen";"2018-2024";0;"Data ikke tilgjengelig"
"ENCREC_005";"34";"3415";"Sør-Odal";"Ingen";"2018-2024";0;"Data ikke tilgjengelig"
"ENCREC_005";"34";"3415";"Sør-Odal";"Ingen";"2018-2024";0;"Data ikke tilgjengelig"
"ENCREC_005";"34";"3415";"Sør-Odal";"Ingen";"2018-2024";0;"Data ikke tilgjengelig"
"ENCREC_005";"34";"3415";"Sør-Odal";"Ingen";"2018-2024";NA;"Data ikke tilgjengelig"
"ENCREC_005";"34";"3416";"Eidskog";"Ingen";"2018-2024";0;"Data ikke tilgjengelig"
"ENCREC_005";"34";"3416";"Eidskog";"Ingen";"2018-2024";0;"Data ikke tilgjengelig"
"ENCREC_005";"34";"3416";"Eidskog";"Ingen";"2018-2024";0;"Data ikke tilgjengelig"
"ENCREC_005";"34";"3416";"Eidskog";"Ingen";"2018-2024";0;"Data ikke tilgjengelig"
"ENCREC_005";"34";"3416";"Eidskog";"Ingen";"2018-2024";0;"Data ikke tilgjengelig"
"ENCREC_005";"34";"3416";"Eidskog";"Ingen";"2018-2024";0;"Data ikke tilgjengelig"
"ENCREC_005";"34";"3416";"Eidskog";"Ingen";"2018-2024";0;"Data ikke tilgjengelig"
"ENCREC_005";"34";"3416";"Eidskog";"Ingen";"2018-2024";NA;"Data ikke tilgjengelig"
"ENCREC_005";"34";"3419";"Våler (Innlandet)";"Ingen";"2018-2024";0;"Data ikke tilgjengelig"
"ENCREC_005";"34";"3419";"Våler (Innlandet)";"Ingen";"2018-2024";0;"Data ikke tilgjengelig"
"ENCREC_005";"34";"3419";"Våler (Innlandet)";"Ingen";"2018-2024";0;"Data ikke tilgjengelig"
"ENCREC_005";"34";"3419";"Våler (Innlandet)";"Ingen";"2018-2024";0;"Data ikke tilgjengelig"
"ENCREC_005";"34";"3419";"Våler (Innlandet)";"Ingen";"2018-2024";0;"Data ikke tilgjengelig"
"ENCREC_005";"34";"3419";"Våler (Innlandet)";"Ingen";"2018-2024";0;"Data ikke tilgjengelig"
"ENCREC_005";"34";"3419";"Våler (Innlandet)";"Ingen";"2018-2024";0;"Data ikke tilgjengelig"
"ENCREC_005";"34";"3419";"Våler (Innlandet)";"Ingen";"2018-2024";NA;"Data ikke tilgjengelig"
"ENCREC_005";"34";"3421";"Trysil";"Ingen";"2018-2024";0;"Data ikke tilgjengelig"
"ENCREC_005";"34";"3421";"Trysil";"Ingen";"2018-2024";0;"Data ikke tilgjengelig"
"ENCREC_005";"34";"3421";"Trysil";"Ingen";"2018-2024";0;"Data ikke tilgjengelig"
"ENCREC_005";"34";"3421";"Trysil";"Ingen";"2018-2024";0;"Data ikke tilgjengelig"
"ENCREC_005";"34";"3421";"Trysil";"Ingen";"2018-2024";0;"Data ikke tilgjengelig"
"ENCREC_005";"34";"3421";"Trysil";"Ingen";"2018-2024";0;"Data ikke tilgjengelig"
"ENCREC_005";"34";"3421";"Trysil";"Ingen";"2018-2024";0;"Data ikke tilgjengelig"
"ENCREC_005";"34";"3421";"Trysil";"Ingen";"2018-2024";NA;"Data ikke tilgjengelig"
"ENCREC_005";"34";"3422";"Åmot";"Ingen";"2018-2024";0;"Data ikke tilgjengelig"
"ENCREC_005";"34";"3422";"Åmot";"Ingen";"2018-2024";0;"Data ikke tilgjengelig"
"ENCREC_005";"34";"3422";"Åmot";"Ingen";"2018-2024";0;"Data ikke tilgjengelig"
"ENCREC_005";"34";"3422";"Åmot";"Ingen";"2018-2024";0;"Data ikke tilgjengelig"
"ENCREC_005";"34";"3422";"Åmot";"Ingen";"2018-2024";0;"Data ikke tilgjengelig"
"ENCREC_005";"34";"3422";"Åmot";"Ingen";"2018-2024";0;"Data ikke tilgjengelig"
"ENCREC_005";"34";"3422";"Åmot";"Ingen";"2018-2024";0;"Data ikke tilgjengelig"
"ENCREC_005";"34";"3422";"Åmot";"Ingen";"2018-2024";NA;"Data ikke tilgjengelig"
"ENCREC_005";"34";"3423";"Stor-Elvdal";"Ingen";"2018-2024";0;"Data ikke tilgjengelig"
"ENCREC_005";"34";"3423";"Stor-Elvdal";"Ingen";"2018-2024";0;"Data ikke tilgjengelig"
"ENCREC_005";"34";"3423";"Stor-Elvdal";"Ingen";"2018-2024";0;"Data ikke tilgjengelig"
"ENCREC_005";"34";"3423";"Stor-Elvdal";"Ingen";"2018-2024";0;"Data ikke tilgjengelig"
"ENCREC_005";"34";"3423";"Stor-Elvdal";"Ingen";"2018-2024";0;"Data ikke tilgjengelig"
"ENCREC_005";"34";"3423";"Stor-Elvdal";"Ingen";"2018-2024";0;"Data ikke tilgjengelig"
"ENCREC_005";"34";"3423";"Stor-Elvdal";"Ingen";"2018-2024";0;"Data ikke tilgjengelig"
"ENCREC_005";"34";"3423";"Stor-Elvdal";"Ingen";"2018-2024";NA;"Data ikke tilgjengelig"
"ENCREC_005";"34";"3424";"Rendalen";"Ingen";"2018-2024";0;"Data ikke tilgjengelig"
"ENCREC_005";"34";"3424";"Rendalen";"Ingen";"2018-2024";0;"Data ikke tilgjengelig"
"ENCREC_005";"34";"3424";"Rendalen";"Ingen";"2018-2024";0;"Data ikke tilgjengelig"
"ENCREC_005";"34";"3424";"Rendalen";"Ingen";"2018-2024";0;"Data ikke tilgjengelig"
"ENCREC_005";"34";"3424";"Rendalen";"Ingen";"2018-2024";0;"Data ikke tilgjengelig"
"ENCREC_005";"34";"3424";"Rendalen";"Ingen";"2018-2024";0;"Data ikke tilgjengelig"
"ENCREC_005";"34";"3424";"Rendalen";"Ingen";"2018-2024";0;"Data ikke tilgjengelig"
"ENCREC_005";"34";"3424";"Rendalen";"Ingen";"2018-2024";NA;"Data ikke tilgjengelig"
"ENCREC_005";"34";"3425";"Engerdal";"Ingen";"2018-2024";0;"Data ikke tilgjengelig"
"ENCREC_005";"34";"3425";"Engerdal";"Ingen";"2018-2024";0;"Data ikke tilgjengelig"
"ENCREC_005";"34";"3425";"Engerdal";"Ingen";"2018-2024";0;"Data ikke tilgjengelig"
"ENCREC_005";"34";"3425";"Engerdal";"Ingen";"2018-2024";0;"Data ikke tilgjengelig"
"ENCREC_005";"34";"3425";"Engerdal";"Ingen";"2018-2024";0;"Data ikke tilgjengelig"
"ENCREC_005";"34";"3425";"Engerdal";"Ingen";"2018-2024";0;"Data ikke tilgjengelig"
"ENCREC_005";"34";"3425";"Engerdal";"Ingen";"2018-2024";0;"Data ikke tilgjengelig"
"ENCREC_005";"34";"3425";"Engerdal";"Ingen";"2018-2024";NA;"Data ikke tilgjengelig"
"ENCREC_005";"34";"3426";"Tolga";"Ingen";"2018-2024";0;"Data ikke tilgjengelig"
"ENCREC_005";"34";"3426";"Tolga";"Ingen";"2018-2024";0;"Data ikke tilgjengelig"
"ENCREC_005";"34";"3426";"Tolga";"Ingen";"2018-2024";0;"Data ikke tilgjengelig"
"ENCREC_005";"34";"3426";"Tolga";"Ingen";"2018-2024";0;"Data ikke tilgjengelig"
"ENCREC_005";"34";"3426";"Tolga";"Ingen";"2018-2024";0;"Data ikke tilgjengelig"
"ENCREC_005";"34";"3426";"Tolga";"Ingen";"2018-2024";0;"Data ikke tilgjengelig"
"ENCREC_005";"34";"3426";"Tolga";"Ingen";"2018-2024";0;"Data ikke tilgjengelig"
"ENCREC_005";"34";"3426";"Tolga";"Ingen";"2018-2024";NA;"Data ikke tilgjengelig"
"ENCREC_005";"34";"3429";"Folldal";"Ingen";"2018-2024";0;"Data ikke tilgjengelig"
"ENCREC_005";"34";"3429";"Folldal";"Ingen";"2018-2024";0;"Data ikke tilgjengelig"
"ENCREC_005";"34";"3429";"Folldal";"Ingen";"2018-2024";0;"Data ikke tilgjengelig"
"ENCREC_005";"34";"3429";"Folldal";"Ingen";"2018-2024";0;"Data ikke tilgjengelig"
"ENCREC_005";"34";"3429";"Folldal";"Ingen";"2018-2024";0;"Data ikke tilgjengelig"
"ENCREC_005";"34";"3429";"Folldal";"Ingen";"2018-2024";0;"Data ikke tilgjengelig"
"ENCREC_005";"34";"3429";"Folldal";"Ingen";"2018-2024";0;"Data ikke tilgjengelig"
"ENCREC_005";"34";"3429";"Folldal";"Ingen";"2018-2024";NA;"Data ikke tilgjengelig"
"ENCREC_005";"34";"3433";"Skjåk";"Ingen";"2018-2024";0;"Data ikke tilgjengelig"
"ENCREC_005";"34";"3433";"Skjåk";"Ingen";"2018-2024";0;"Data ikke tilgjengelig"
"ENCREC_005";"34";"3433";"Skjåk";"Ingen";"2018-2024";0;"Data ikke tilgjengelig"
"ENCREC_005";"34";"3433";"Skjåk";"Ingen";"2018-2024";0;"Data ikke tilgjengelig"
"ENCREC_005";"34";"3433";"Skjåk";"Ingen";"2018-2024";0;"Data ikke tilgjengelig"
"ENCREC_005";"34";"3433";"Skjåk";"Ingen";"2018-2024";0;"Data ikke tilgjengelig"
"ENCREC_005";"34";"3433";"Skjåk";"Ingen";"2018-2024";0;"Data ikke tilgjengelig"
"ENCREC_005";"34";"3433";"Skjåk";"Ingen";"2018-2024";NA;"Data ikke tilgjengelig"
"ENCREC_005";"34";"3440";"Øyer";"Ingen";"2018-2024";0;"Data ikke tilgjengelig"
"ENCREC_005";"34";"3440";"Øyer";"Ingen";"2018-2024";0;"Data ikke tilgjengelig"
"ENCREC_005";"34";"3440";"Øyer";"Ingen";"2018-2024";0;"Data ikke tilgjengelig"
"ENCREC_005";"34";"3440";"Øyer";"Ingen";"2018-2024";0;"Data ikke tilgjengelig"
"ENCREC_005";"34";"3440";"Øyer";"Ingen";"2018-2024";0;"Data ikke tilgjengelig"
"ENCREC_005";"34";"3440";"Øyer";"Ingen";"2018-2024";0;"Data ikke tilgjengelig"
"ENCREC_005";"34";"3440";"Øyer";"Ingen";"2018-2024";0;"Data ikke tilgjengelig"
"ENCREC_005";"34";"3440";"Øyer";"Ingen";"2018-2024";NA;"Data ikke tilgjengelig"
"ENCREC_005";"34";"3450";"Etnedal";"Ingen";"2018-2024";0;"Data ikke tilgjengelig"
"ENCREC_005";"34";"3450";"Etnedal";"Ingen";"2018-2024";0;"Data ikke tilgjengelig"
"ENCREC_005";"34";"3450";"Etnedal";"Ingen";"2018-2024";0;"Data ikke tilgjengelig"
"ENCREC_005";"34";"3450";"Etnedal";"Ingen";"2018-2024";0;"Data ikke tilgjengelig"
"ENCREC_005";"34";"3450";"Etnedal";"Ingen";"2018-2024";0;"Data ikke tilgjengelig"
"ENCREC_005";"34";"3450";"Etnedal";"Ingen";"2018-2024";0;"Data ikke tilgjengelig"
"ENCREC_005";"34";"3450";"Etnedal";"Ingen";"2018-2024";0;"Data ikke tilgjengelig"
"ENCREC_005";"34";"3450";"Etnedal";"Ingen";"2018-2024";NA;"Data ikke tilgjengelig"
"ENCREC_005";"40";"4010";"Siljan";"Ingen";"2018-2024";0;"Data ikke tilgjengelig"
"ENCREC_005";"40";"4010";"Siljan";"Ingen";"2018-2024";0;"Data ikke tilgjengelig"
"ENCREC_005";"40";"4010";"Siljan";"Ingen";"2018-2024";0;"Data ikke tilgjengelig"
"ENCREC_005";"40";"4010";"Siljan";"Ingen";"2018-2024";0;"Data ikke tilgjengelig"
"ENCREC_005";"40";"4010";"Siljan";"Ingen";"2018-2024";0;"Data ikke tilgjengelig"
"ENCREC_005";"40";"4010";"Siljan";"Ingen";"2018-2024";0;"Data ikke tilgjengelig"
"ENCREC_005";"40";"4010";"Siljan";"Ingen";"2018-2024";0;"Data ikke tilgjengelig"
"ENCREC_005";"40";"4010";"Siljan";"Ingen";"2018-2024";NA;"Data ikke tilgjengelig"
"ENCREC_005";"40";"4016";"Drangedal";"Ingen";"2018-2024";0;"Data ikke tilgjengelig"
"ENCREC_005";"40";"4016";"Drangedal";"Ingen";"2018-2024";0;"Data ikke tilgjengelig"
"ENCREC_005";"40";"4016";"Drangedal";"Ingen";"2018-2024";0;"Data ikke tilgjengelig"
"ENCREC_005";"40";"4016";"Drangedal";"Ingen";"2018-2024";0;"Data ikke tilgjengelig"
"ENCREC_005";"40";"4016";"Drangedal";"Ingen";"2018-2024";0;"Data ikke tilgjengelig"
"ENCREC_005";"40";"4016";"Drangedal";"Ingen";"2018-2024";0;"Data ikke tilgjengelig"
"ENCREC_005";"40";"4016";"Drangedal";"Ingen";"2018-2024";0;"Data ikke tilgjengelig"
"ENCREC_005";"40";"4016";"Drangedal";"Ingen";"2018-2024";NA;"Data ikke tilgjengelig"
"ENCREC_005";"40";"4020";"Midt-Telemark";"Ingen";"2018-2024";0;"Data ikke tilgjengelig"
"ENCREC_005";"40";"4020";"Midt-Telemark";"Ingen";"2018-2024";0;"Data ikke tilgjengelig"
"ENCREC_005";"40";"4020";"Midt-Telemark";"Ingen";"2018-2024";0;"Data ikke tilgjengelig"
"ENCREC_005";"40";"4020";"Midt-Telemark";"Ingen";"2018-2024";0;"Data ikke tilgjengelig"
"ENCREC_005";"40";"4020";"Midt-Telemark";"Ingen";"2018-2024";0;"Data ikke tilgjengelig"
"ENCREC_005";"40";"4020";"Midt-Telemark";"Ingen";"2018-2024";0;"Data ikke tilgjengelig"
"ENCREC_005";"40";"4020";"Midt-Telemark";"Ingen";"2018-2024";0;"Data ikke tilgjengelig"
"ENCREC_005";"40";"4020";"Midt-Telemark";"Ingen";"2018-2024";NA;"Data ikke tilgjengelig"
"ENCREC_005";"42";"4201";"Risør";"Ingen";"2018-2024";0;"Data ikke tilgjengelig"
"ENCREC_005";"42";"4201";"Risør";"Ingen";"2018-2024";0;"Data ikke tilgjengelig"
"ENCREC_005";"42";"4201";"Risør";"Ingen";"2018-2024";0;"Data ikke tilgjengelig"
"ENCREC_005";"42";"4201";"Risør";"Ingen";"2018-2024";0;"Data ikke tilgjengelig"
"ENCREC_005";"42";"4201";"Risør";"Ingen";"2018-2024";0;"Data ikke tilgjengelig"
"ENCREC_005";"42";"4201";"Risør";"Ingen";"2018-2024";0;"Data ikke tilgjengelig"
"ENCREC_005";"42";"4201";"Risør";"Ingen";"2018-2024";0;"Data ikke tilgjengelig"
"ENCREC_005";"42";"4201";"Risør";"Ingen";"2018-2024";NA;"Data ikke tilgjengelig"
"ENCREC_005";"42";"4211";"Gjerstad";"Ingen";"2018-2024";0;"Data ikke tilgjengelig"
"ENCREC_005";"42";"4211";"Gjerstad";"Ingen";"2018-2024";0;"Data ikke tilgjengelig"
"ENCREC_005";"42";"4211";"Gjerstad";"Ingen";"2018-2024";0;"Data ikke tilgjengelig"
"ENCREC_005";"42";"4211";"Gjerstad";"Ingen";"2018-2024";0;"Data ikke tilgjengelig"
"ENCREC_005";"42";"4211";"Gjerstad";"Ingen";"2018-2024";0;"Data ikke tilgjengelig"
"ENCREC_005";"42";"4211";"Gjerstad";"Ingen";"2018-2024";0;"Data ikke tilgjengelig"
"ENCREC_005";"42";"4211";"Gjerstad";"Ingen";"2018-2024";0;"Data ikke tilgjengelig"
"ENCREC_005";"42";"4211";"Gjerstad";"Ingen";"2018-2024";NA;"Data ikke tilgjengelig"
"ENCREC_005";"42";"4212";"Vegårshei";"Ingen";"2018-2024";0;"Data ikke tilgjengelig"
"ENCREC_005";"42";"4212";"Vegårshei";"Ingen";"2018-2024";0;"Data ikke tilgjengelig"
"ENCREC_005";"42";"4212";"Vegårshei";"Ingen";"2018-2024";0;"Data ikke tilgjengelig"
"ENCREC_005";"42";"4212";"Vegårshei";"Ingen";"2018-2024";0;"Data ikke tilgjengelig"
"ENCREC_005";"42";"4212";"Vegårshei";"Ingen";"2018-2024";0;"Data ikke tilgjengelig"
"ENCREC_005";"42";"4212";"Vegårshei";"Ingen";"2018-2024";0;"Data ikke tilgjengelig"
"ENCREC_005";"42";"4212";"Vegårshei";"Ingen";"2018-2024";0;"Data ikke tilgjengelig"
"ENCREC_005";"42";"4212";"Vegårshei";"Ingen";"2018-2024";NA;"Data ikke tilgjengelig"
"ENCREC_005";"42";"4214";"Froland";"Ingen";"2018-2024";0;"Data ikke tilgjengelig"
"ENCREC_005";"42";"4214";"Froland";"Ingen";"2018-2024";0;"Data ikke tilgjengelig"
"ENCREC_005";"42";"4214";"Froland";"Ingen";"2018-2024";0;"Data ikke tilgjengelig"
"ENCREC_005";"42";"4214";"Froland";"Ingen";"2018-2024";0;"Data ikke tilgjengelig"
"ENCREC_005";"42";"4214";"Froland";"Ingen";"2018-2024";0;"Data ikke tilgjengelig"
"ENCREC_005";"42";"4214";"Froland";"Ingen";"2018-2024";0;"Data ikke tilgjengelig"
"ENCREC_005";"42";"4214";"Froland";"Ingen";"2018-2024";0;"Data ikke tilgjengelig"
"ENCREC_005";"42";"4214";"Froland";"Ingen";"2018-2024";NA;"Data ikke tilgjengelig"
"ENCREC_005";"42";"4216";"Birkenes";"Ingen";"2018-2024";0;"Data ikke tilgjengelig"
"ENCREC_005";"42";"4216";"Birkenes";"Ingen";"2018-2024";0;"Data ikke tilgjengelig"
"ENCREC_005";"42";"4216";"Birkenes";"Ingen";"2018-2024";0;"Data ikke tilgjengelig"
"ENCREC_005";"42";"4216";"Birkenes";"Ingen";"2018-2024";0;"Data ikke tilgjengelig"
"ENCREC_005";"42";"4216";"Birkenes";"Ingen";"2018-2024";0;"Data ikke tilgjengelig"
"ENCREC_005";"42";"4216";"Birkenes";"Ingen";"2018-2024";0;"Data ikke tilgjengelig"
"ENCREC_005";"42";"4216";"Birkenes";"Ingen";"2018-2024";0;"Data ikke tilgjengelig"
"ENCREC_005";"42";"4216";"Birkenes";"Ingen";"2018-2024";NA;"Data ikke tilgjengelig"
"ENCREC_005";"42";"4219";"Evje og Hornnes";"Ingen";"2018-2024";0;"Data ikke tilgjengelig"
"ENCREC_005";"42";"4219";"Evje og Hornnes";"Ingen";"2018-2024";0;"Data ikke tilgjengelig"
"ENCREC_005";"42";"4219";"Evje og Hornnes";"Ingen";"2018-2024";0;"Data ikke tilgjengelig"
"ENCREC_005";"42";"4219";"Evje og Hornnes";"Ingen";"2018-2024";0;"Data ikke tilgjengelig"
"ENCREC_005";"42";"4219";"Evje og Hornnes";"Ingen";"2018-2024";0;"Data ikke tilgjengelig"
"ENCREC_005";"42";"4219";"Evje og Hornnes";"Ingen";"2018-2024";0;"Data ikke tilgjengelig"
"ENCREC_005";"42";"4219";"Evje og Hornnes";"Ingen";"2018-2024";0;"Data ikke tilgjengelig"
"ENCREC_005";"42";"4219";"Evje og Hornnes";"Ingen";"2018-2024";NA;"Data ikke tilgjengelig"
"ENCREC_005";"42";"4225";"Lyngdal";"Ingen";"2018-2024";0;"Data ikke tilgjengelig"
"ENCREC_005";"42";"4225";"Lyngdal";"Ingen";"2018-2024";0;"Data ikke tilgjengelig"
"ENCREC_005";"42";"4225";"Lyngdal";"Ingen";"2018-2024";0;"Data ikke tilgjengelig"
"ENCREC_005";"42";"4225";"Lyngdal";"Ingen";"2018-2024";0;"Data ikke tilgjengelig"
"ENCREC_005";"42";"4225";"Lyngdal";"Ingen";"2018-2024";0;"Data ikke tilgjengelig"
"ENCREC_005";"42";"4225";"Lyngdal";"Ingen";"2018-2024";0;"Data ikke tilgjengelig"
"ENCREC_005";"42";"4225";"Lyngdal";"Ingen";"2018-2024";0;"Data ikke tilgjengelig"
"ENCREC_005";"42";"4225";"Lyngdal";"Ingen";"2018-2024";NA;"Data ikke tilgjengelig"
"ENCREC_005";"42";"4227";"Kvinesdal";"Ingen";"2018-2024";0;"Data ikke tilgjengelig"
"ENCREC_005";"42";"4227";"Kvinesdal";"Ingen";"2018-2024";0;"Data ikke tilgjengelig"
"ENCREC_005";"42";"4227";"Kvinesdal";"Ingen";"2018-2024";0;"Data ikke tilgjengelig"
"ENCREC_005";"42";"4227";"Kvinesdal";"Ingen";"2018-2024";0;"Data ikke tilgjengelig"
"ENCREC_005";"42";"4227";"Kvinesdal";"Ingen";"2018-2024";0;"Data ikke tilgjengelig"
"ENCREC_005";"42";"4227";"Kvinesdal";"Ingen";"2018-2024";0;"Data ikke tilgjengelig"
"ENCREC_005";"42";"4227";"Kvinesdal";"Ingen";"2018-2024";0;"Data ikke tilgjengelig"
"ENCREC_005";"42";"4227";"Kvinesdal";"Ingen";"2018-2024";NA;"Data ikke tilgjengelig"
"ENCREC_005";"46";"4602";"Kinn";"Ingen";"2018-2024";0;"Data ikke tilgjengelig"
"ENCREC_005";"46";"4602";"Kinn";"Ingen";"2018-2024";0;"Data ikke tilgjengelig"
"ENCREC_005";"46";"4602";"Kinn";"Ingen";"2018-2024";0;"Data ikke tilgjengelig"
"ENCREC_005";"46";"4602";"Kinn";"Ingen";"2018-2024";0;"Data ikke tilgjengelig"
"ENCREC_005";"46";"4602";"Kinn";"Ingen";"2018-2024";0;"Data ikke tilgjengelig"
"ENCREC_005";"46";"4602";"Kinn";"Ingen";"2018-2024";0;"Data ikke tilgjengelig"
"ENCREC_005";"46";"4602";"Kinn";"Ingen";"2018-2024";0;"Data ikke tilgjengelig"
"ENCREC_005";"46";"4602";"Kinn";"Ingen";"2018-2024";NA;"Data ikke tilgjengelig"
"ENCREC_005";"46";"4611";"Etne";"Ingen";"2018-2024";0;"Data ikke tilgjengelig"
"ENCREC_005";"46";"4611";"Etne";"Ingen";"2018-2024";0;"Data ikke tilgjengelig"
"ENCREC_005";"46";"4611";"Etne";"Ingen";"2018-2024";0;"Data ikke tilgjengelig"
"ENCREC_005";"46";"4611";"Etne";"Ingen";"2018-2024";0;"Data ikke tilgjengelig"
"ENCREC_005";"46";"4611";"Etne";"Ingen";"2018-2024";0;"Data ikke tilgjengelig"
"ENCREC_005";"46";"4611";"Etne";"Ingen";"2018-2024";0;"Data ikke tilgjengelig"
"ENCREC_005";"46";"4611";"Etne";"Ingen";"2018-2024";0;"Data ikke tilgjengelig"
"ENCREC_005";"46";"4611";"Etne";"Ingen";"2018-2024";NA;"Data ikke tilgjengelig"
"ENCREC_005";"46";"4614";"Stord";"Ingen";"2018-2024";0;"Data ikke tilgjengelig"
"ENCREC_005";"46";"4614";"Stord";"Ingen";"2018-2024";0;"Data ikke tilgjengelig"
"ENCREC_005";"46";"4614";"Stord";"Ingen";"2018-2024";0;"Data ikke tilgjengelig"
"ENCREC_005";"46";"4614";"Stord";"Ingen";"2018-2024";0;"Data ikke tilgjengelig"
"ENCREC_005";"46";"4614";"Stord";"Ingen";"2018-2024";0;"Data ikke tilgjengelig"
"ENCREC_005";"46";"4614";"Stord";"Ingen";"2018-2024";0;"Data ikke tilgjengelig"
"ENCREC_005";"46";"4614";"Stord";"Ingen";"2018-2024";0;"Data ikke tilgjengelig"
"ENCREC_005";"46";"4614";"Stord";"Ingen";"2018-2024";NA;"Data ikke tilgjengelig"
"ENCREC_005";"46";"4620";"Ulvik";"Ingen";"2018-2024";0;"Data ikke tilgjengelig"
"ENCREC_005";"46";"4620";"Ulvik";"Ingen";"2018-2024";0;"Data ikke tilgjengelig"
"ENCREC_005";"46";"4620";"Ulvik";"Ingen";"2018-2024";0;"Data ikke tilgjengelig"
"ENCREC_005";"46";"4620";"Ulvik";"Ingen";"2018-2024";0;"Data ikke tilgjengelig"
"ENCREC_005";"46";"4620";"Ulvik";"Ingen";"2018-2024";0;"Data ikke tilgjengelig"
"ENCREC_005";"46";"4620";"Ulvik";"Ingen";"2018-2024";0;"Data ikke tilgjengelig"
"ENCREC_005";"46";"4620";"Ulvik";"Ingen";"2018-2024";0;"Data ikke tilgjengelig"
"ENCREC_005";"46";"4620";"Ulvik";"Ingen";"2018-2024";NA;"Data ikke tilgjengelig"
"ENCREC_005";"46";"4621";"Voss";"Ingen";"2018-2024";0;"Data ikke tilgjengelig"
"ENCREC_005";"46";"4621";"Voss";"Ingen";"2018-2024";0;"Data ikke tilgjengelig"
"ENCREC_005";"46";"4621";"Voss";"Ingen";"2018-2024";0;"Data ikke tilgjengelig"
"ENCREC_005";"46";"4621";"Voss";"Ingen";"2018-2024";0;"Data ikke tilgjengelig"
"ENCREC_005";"46";"4621";"Voss";"Ingen";"2018-2024";0;"Data ikke tilgjengelig"
"ENCREC_005";"46";"4621";"Voss";"Ingen";"2018-2024";0;"Data ikke tilgjengelig"
"ENCREC_005";"46";"4621";"Voss";"Ingen";"2018-2024";0;"Data ikke tilgjengelig"
"ENCREC_005";"46";"4621";"Voss";"Ingen";"2018-2024";NA;"Data ikke tilgjengelig"
"ENCREC_005";"46";"4623";"Samnanger";"Ingen";"2018-2024";0;"Data ikke tilgjengelig"
"ENCREC_005";"46";"4623";"Samnanger";"Ingen";"2018-2024";0;"Data ikke tilgjengelig"
"ENCREC_005";"46";"4623";"Samnanger";"Ingen";"2018-2024";0;"Data ikke tilgjengelig"
"ENCREC_005";"46";"4623";"Samnanger";"Ingen";"2018-2024";0;"Data ikke tilgjengelig"
"ENCREC_005";"46";"4623";"Samnanger";"Ingen";"2018-2024";0;"Data ikke tilgjengelig"
"ENCREC_005";"46";"4623";"Samnanger";"Ingen";"2018-2024";0;"Data ikke tilgjengelig"
"ENCREC_005";"46";"4623";"Samnanger";"Ingen";"2018-2024";0;"Data ikke tilgjengelig"
"ENCREC_005";"46";"4623";"Samnanger";"Ingen";"2018-2024";NA;"Data ikke tilgjengelig"
"ENCREC_005";"46";"4624";"Bjørnafjorden";"Ingen";"2018-2024";0;"Data ikke tilgjengelig"
"ENCREC_005";"46";"4624";"Bjørnafjorden";"Ingen";"2018-2024";0;"Data ikke tilgjengelig"
"ENCREC_005";"46";"4624";"Bjørnafjorden";"Ingen";"2018-2024";0;"Data ikke tilgjengelig"
"ENCREC_005";"46";"4624";"Bjørnafjorden";"Ingen";"2018-2024";0;"Data ikke tilgjengelig"
"ENCREC_005";"46";"4624";"Bjørnafjorden";"Ingen";"2018-2024";0;"Data ikke tilgjengelig"
"ENCREC_005";"46";"4624";"Bjørnafjorden";"Ingen";"2018-2024";0;"Data ikke tilgjengelig"
"ENCREC_005";"46";"4624";"Bjørnafjorden";"Ingen";"2018-2024";0;"Data ikke tilgjengelig"
"ENCREC_005";"46";"4624";"Bjørnafjorden";"Ingen";"2018-2024";NA;"Data ikke tilgjengelig"
"ENCREC_005";"46";"4628";"Vaksdal";"Ingen";"2018-2024";0;"Data ikke tilgjengelig"
"ENCREC_005";"46";"4628";"Vaksdal";"Ingen";"2018-2024";0;"Data ikke tilgjengelig"
"ENCREC_005";"46";"4628";"Vaksdal";"Ingen";"2018-2024";0;"Data ikke tilgjengelig"
"ENCREC_005";"46";"4628";"Vaksdal";"Ingen";"2018-2024";0;"Data ikke tilgjengelig"
"ENCREC_005";"46";"4628";"Vaksdal";"Ingen";"2018-2024";0;"Data ikke tilgjengelig"
"ENCREC_005";"46";"4628";"Vaksdal";"Ingen";"2018-2024";0;"Data ikke tilgjengelig"
"ENCREC_005";"46";"4628";"Vaksdal";"Ingen";"2018-2024";0;"Data ikke tilgjengelig"
"ENCREC_005";"46";"4628";"Vaksdal";"Ingen";"2018-2024";NA;"Data ikke tilgjengelig"
"ENCREC_005";"46";"4629";"Modalen";"Ingen";"2018-2024";0;"Data ikke tilgjengelig"
"ENCREC_005";"46";"4629";"Modalen";"Ingen";"2018-2024";0;"Data ikke tilgjengelig"
"ENCREC_005";"46";"4629";"Modalen";"Ingen";"2018-2024";0;"Data ikke tilgjengelig"
"ENCREC_005";"46";"4629";"Modalen";"Ingen";"2018-2024";0;"Data ikke tilgjengelig"
"ENCREC_005";"46";"4629";"Modalen";"Ingen";"2018-2024";0;"Data ikke tilgjengelig"
"ENCREC_005";"46";"4629";"Modalen";"Ingen";"2018-2024";0;"Data ikke tilgjengelig"
"ENCREC_005";"46";"4629";"Modalen";"Ingen";"2018-2024";0;"Data ikke tilgjengelig"
"ENCREC_005";"46";"4629";"Modalen";"Ingen";"2018-2024";NA;"Data ikke tilgjengelig"
"ENCREC_005";"46";"4630";"Osterøy";"Ingen";"2018-2024";0;"Data ikke tilgjengelig"
"ENCREC_005";"46";"4630";"Osterøy";"Ingen";"2018-2024";0;"Data ikke tilgjengelig"
"ENCREC_005";"46";"4630";"Osterøy";"Ingen";"2018-2024";0;"Data ikke tilgjengelig"
"ENCREC_005";"46";"4630";"Osterøy";"Ingen";"2018-2024";0;"Data ikke tilgjengelig"
"ENCREC_005";"46";"4630";"Osterøy";"Ingen";"2018-2024";0;"Data ikke tilgjengelig"
"ENCREC_005";"46";"4630";"Osterøy";"Ingen";"2018-2024";0;"Data ikke tilgjengelig"
"ENCREC_005";"46";"4630";"Osterøy";"Ingen";"2018-2024";0;"Data ikke tilgjengelig"
"ENCREC_005";"46";"4630";"Osterøy";"Ingen";"2018-2024";NA;"Data ikke tilgjengelig"
"ENCREC_005";"46";"4631";"Alver";"Ingen";"2018-2024";0;"Data ikke tilgjengelig"
"ENCREC_005";"46";"4631";"Alver";"Ingen";"2018-2024";0;"Data ikke tilgjengelig"
"ENCREC_005";"46";"4631";"Alver";"Ingen";"2018-2024";0;"Data ikke tilgjengelig"
"ENCREC_005";"46";"4631";"Alver";"Ingen";"2018-2024";0;"Data ikke tilgjengelig"
"ENCREC_005";"46";"4631";"Alver";"Ingen";"2018-2024";0;"Data ikke tilgjengelig"
"ENCREC_005";"46";"4631";"Alver";"Ingen";"2018-2024";0;"Data ikke tilgjengelig"
"ENCREC_005";"46";"4631";"Alver";"Ingen";"2018-2024";0;"Data ikke tilgjengelig"
"ENCREC_005";"46";"4631";"Alver";"Ingen";"2018-2024";NA;"Data ikke tilgjengelig"
"ENCREC_005";"46";"4632";"Austrheim";"Ingen";"2018-2024";0;"Data ikke tilgjengelig"
"ENCREC_005";"46";"4632";"Austrheim";"Ingen";"2018-2024";0;"Data ikke tilgjengelig"
"ENCREC_005";"46";"4632";"Austrheim";"Ingen";"2018-2024";0;"Data ikke tilgjengelig"
"ENCREC_005";"46";"4632";"Austrheim";"Ingen";"2018-2024";0;"Data ikke tilgjengelig"
"ENCREC_005";"46";"4632";"Austrheim";"Ingen";"2018-2024";0;"Data ikke tilgjengelig"
"ENCREC_005";"46";"4632";"Austrheim";"Ingen";"2018-2024";0;"Data ikke tilgjengelig"
"ENCREC_005";"46";"4632";"Austrheim";"Ingen";"2018-2024";0;"Data ikke tilgjengelig"
"ENCREC_005";"46";"4632";"Austrheim";"Ingen";"2018-2024";NA;"Data ikke tilgjengelig"
"ENCREC_005";"46";"4633";"Fedje";"Ingen";"2018-2024";0;"Data ikke tilgjengelig"
"ENCREC_005";"46";"4633";"Fedje";"Ingen";"2018-2024";0;"Data ikke tilgjengelig"
"ENCREC_005";"46";"4633";"Fedje";"Ingen";"2018-2024";0;"Data ikke tilgjengelig"
"ENCREC_005";"46";"4633";"Fedje";"Ingen";"2018-2024";0;"Data ikke tilgjengelig"
"ENCREC_005";"46";"4633";"Fedje";"Ingen";"2018-2024";0;"Data ikke tilgjengelig"
"ENCREC_005";"46";"4633";"Fedje";"Ingen";"2018-2024";0;"Data ikke tilgjengelig"
"ENCREC_005";"46";"4633";"Fedje";"Ingen";"2018-2024";0;"Data ikke tilgjengelig"
"ENCREC_005";"46";"4633";"Fedje";"Ingen";"2018-2024";NA;"Data ikke tilgjengelig"
"ENCREC_005";"46";"4634";"Masfjorden";"Ingen";"2018-2024";0;"Data ikke tilgjengelig"
"ENCREC_005";"46";"4634";"Masfjorden";"Ingen";"2018-2024";0;"Data ikke tilgjengelig"
"ENCREC_005";"46";"4634";"Masfjorden";"Ingen";"2018-2024";0;"Data ikke tilgjengelig"
"ENCREC_005";"46";"4634";"Masfjorden";"Ingen";"2018-2024";0;"Data ikke tilgjengelig"
"ENCREC_005";"46";"4634";"Masfjorden";"Ingen";"2018-2024";0;"Data ikke tilgjengelig"
"ENCREC_005";"46";"4634";"Masfjorden";"Ingen";"2018-2024";0;"Data ikke tilgjengelig"
"ENCREC_005";"46";"4634";"Masfjorden";"Ingen";"2018-2024";0;"Data ikke tilgjengelig"
"ENCREC_005";"46";"4634";"Masfjorden";"Ingen";"2018-2024";NA;"Data ikke tilgjengelig"
"ENCREC_005";"46";"4637";"Hyllestad";"Ingen";"2018-2024";0;"Data ikke tilgjengelig"
"ENCREC_005";"46";"4637";"Hyllestad";"Ingen";"2018-2024";0;"Data ikke tilgjengelig"
"ENCREC_005";"46";"4637";"Hyllestad";"Ingen";"2018-2024";0;"Data ikke tilgjengelig"
"ENCREC_005";"46";"4637";"Hyllestad";"Ingen";"2018-2024";0;"Data ikke tilgjengelig"
"ENCREC_005";"46";"4637";"Hyllestad";"Ingen";"2018-2024";0;"Data ikke tilgjengelig"
"ENCREC_005";"46";"4637";"Hyllestad";"Ingen";"2018-2024";0;"Data ikke tilgjengelig"
"ENCREC_005";"46";"4637";"Hyllestad";"Ingen";"2018-2024";0;"Data ikke tilgjengelig"
"ENCREC_005";"46";"4637";"Hyllestad";"Ingen";"2018-2024";NA;"Data ikke tilgjengelig"
"ENCREC_005";"46";"4638";"Høyanger";"Ingen";"2018-2024";0;"Data ikke tilgjengelig"
"ENCREC_005";"46";"4638";"Høyanger";"Ingen";"2018-2024";0;"Data ikke tilgjengelig"
"ENCREC_005";"46";"4638";"Høyanger";"Ingen";"2018-2024";0;"Data ikke tilgjengelig"
"ENCREC_005";"46";"4638";"Høyanger";"Ingen";"2018-2024";0;"Data ikke tilgjengelig"
"ENCREC_005";"46";"4638";"Høyanger";"Ingen";"2018-2024";0;"Data ikke tilgjengelig"
"ENCREC_005";"46";"4638";"Høyanger";"Ingen";"2018-2024";0;"Data ikke tilgjengelig"
"ENCREC_005";"46";"4638";"Høyanger";"Ingen";"2018-2024";0;"Data ikke tilgjengelig"
"ENCREC_005";"46";"4638";"Høyanger";"Ingen";"2018-2024";NA;"Data ikke tilgjengelig"
"ENCREC_005";"46";"4639";"Vik";"Ingen";"2018-2024";0;"Data ikke tilgjengelig"
"ENCREC_005";"46";"4639";"Vik";"Ingen";"2018-2024";0;"Data ikke tilgjengelig"
"ENCREC_005";"46";"4639";"Vik";"Ingen";"2018-2024";0;"Data ikke tilgjengelig"
"ENCREC_005";"46";"4639";"Vik";"Ingen";"2018-2024";0;"Data ikke tilgjengelig"
"ENCREC_005";"46";"4639";"Vik";"Ingen";"2018-2024";0;"Data ikke tilgjengelig"
"ENCREC_005";"46";"4639";"Vik";"Ingen";"2018-2024";0;"Data ikke tilgjengelig"
"ENCREC_005";"46";"4639";"Vik";"Ingen";"2018-2024";0;"Data ikke tilgjengelig"
"ENCREC_005";"46";"4639";"Vik";"Ingen";"2018-2024";NA;"Data ikke tilgjengelig"
"ENCREC_005";"46";"4641";"Aurland";"Ingen";"2018-2024";0;"Data ikke tilgjengelig"
"ENCREC_005";"46";"4641";"Aurland";"Ingen";"2018-2024";0;"Data ikke tilgjengelig"
"ENCREC_005";"46";"4641";"Aurland";"Ingen";"2018-2024";0;"Data ikke tilgjengelig"
"ENCREC_005";"46";"4641";"Aurland";"Ingen";"2018-2024";0;"Data ikke tilgjengelig"
"ENCREC_005";"46";"4641";"Aurland";"Ingen";"2018-2024";0;"Data ikke tilgjengelig"
"ENCREC_005";"46";"4641";"Aurland";"Ingen";"2018-2024";0;"Data ikke tilgjengelig"
"ENCREC_005";"46";"4641";"Aurland";"Ingen";"2018-2024";0;"Data ikke tilgjengelig"
"ENCREC_005";"46";"4641";"Aurland";"Ingen";"2018-2024";NA;"Data ikke tilgjengelig"
"ENCREC_005";"46";"4643";"Årdal";"Ingen";"2018-2024";0;"Data ikke tilgjengelig"
"ENCREC_005";"46";"4643";"Årdal";"Ingen";"2018-2024";0;"Data ikke tilgjengelig"
"ENCREC_005";"46";"4643";"Årdal";"Ingen";"2018-2024";0;"Data ikke tilgjengelig"
"ENCREC_005";"46";"4643";"Årdal";"Ingen";"2018-2024";0;"Data ikke tilgjengelig"
"ENCREC_005";"46";"4643";"Årdal";"Ingen";"2018-2024";0;"Data ikke tilgjengelig"
"ENCREC_005";"46";"4643";"Årdal";"Ingen";"2018-2024";0;"Data ikke tilgjengelig"
"ENCREC_005";"46";"4643";"Årdal";"Ingen";"2018-2024";0;"Data ikke tilgjengelig"
"ENCREC_005";"46";"4643";"Årdal";"Ingen";"2018-2024";NA;"Data ikke tilgjengelig"
"ENCREC_005";"46";"4646";"Fjaler";"Ingen";"2018-2024";0;"Data ikke tilgjengelig"
"ENCREC_005";"46";"4646";"Fjaler";"Ingen";"2018-2024";0;"Data ikke tilgjengelig"
"ENCREC_005";"46";"4646";"Fjaler";"Ingen";"2018-2024";0;"Data ikke tilgjengelig"
"ENCREC_005";"46";"4646";"Fjaler";"Ingen";"2018-2024";0;"Data ikke tilgjengelig"
"ENCREC_005";"46";"4646";"Fjaler";"Ingen";"2018-2024";0;"Data ikke tilgjengelig"
"ENCREC_005";"46";"4646";"Fjaler";"Ingen";"2018-2024";0;"Data ikke tilgjengelig"
"ENCREC_005";"46";"4646";"Fjaler";"Ingen";"2018-2024";0;"Data ikke tilgjengelig"
"ENCREC_005";"46";"4646";"Fjaler";"Ingen";"2018-2024";NA;"Data ikke tilgjengelig"
"ENCREC_005";"46";"4648";"Bremanger";"Ingen";"2018-2024";0;"Data ikke tilgjengelig"
"ENCREC_005";"46";"4648";"Bremanger";"Ingen";"2018-2024";0;"Data ikke tilgjengelig"
"ENCREC_005";"46";"4648";"Bremanger";"Ingen";"2018-2024";0;"Data ikke tilgjengelig"
"ENCREC_005";"46";"4648";"Bremanger";"Ingen";"2018-2024";0;"Data ikke tilgjengelig"
"ENCREC_005";"46";"4648";"Bremanger";"Ingen";"2018-2024";0;"Data ikke tilgjengelig"
"ENCREC_005";"46";"4648";"Bremanger";"Ingen";"2018-2024";0;"Data ikke tilgjengelig"
"ENCREC_005";"46";"4648";"Bremanger";"Ingen";"2018-2024";0;"Data ikke tilgjengelig"
"ENCREC_005";"46";"4648";"Bremanger";"Ingen";"2018-2024";NA;"Data ikke tilgjengelig"
"ENCREC_005";"46";"4650";"Gloppen";"Ingen";"2018-2024";0;"Data ikke tilgjengelig"
"ENCREC_005";"46";"4650";"Gloppen";"Ingen";"2018-2024";0;"Data ikke tilgjengelig"
"ENCREC_005";"46";"4650";"Gloppen";"Ingen";"2018-2024";0;"Data ikke tilgjengelig"
"ENCREC_005";"46";"4650";"Gloppen";"Ingen";"2018-2024";0;"Data ikke tilgjengelig"
"ENCREC_005";"46";"4650";"Gloppen";"Ingen";"2018-2024";0;"Data ikke tilgjengelig"
"ENCREC_005";"46";"4650";"Gloppen";"Ingen";"2018-2024";0;"Data ikke tilgjengelig"
"ENCREC_005";"46";"4650";"Gloppen";"Ingen";"2018-2024";0;"Data ikke tilgjengelig"
"ENCREC_005";"46";"4650";"Gloppen";"Ingen";"2018-2024";NA;"Data ikke tilgjengelig"
"ENCREC_005";"50";"5007";"Namsos/Nåavmesjenjaelmie";"Ingen";"2018-2024";0;"Data ikke tilgjengelig"
"ENCREC_005";"50";"5007";"Namsos/Nåavmesjenjaelmie";"Ingen";"2018-2024";0;"Data ikke tilgjengelig"
"ENCREC_005";"50";"5007";"Namsos/Nåavmesjenjaelmie";"Ingen";"2018-2024";0;"Data ikke tilgjengelig"
"ENCREC_005";"50";"5007";"Namsos/Nåavmesjenjaelmie";"Ingen";"2018-2024";0;"Data ikke tilgjengelig"
"ENCREC_005";"50";"5007";"Namsos/Nåavmesjenjaelmie";"Ingen";"2018-2024";0;"Data ikke tilgjengelig"
"ENCREC_005";"50";"5007";"Namsos/Nåavmesjenjaelmie";"Ingen";"2018-2024";0;"Data ikke tilgjengelig"
"ENCREC_005";"50";"5007";"Namsos/Nåavmesjenjaelmie";"Ingen";"2018-2024";0;"Data ikke tilgjengelig"
"ENCREC_005";"50";"5007";"Namsos/Nåavmesjenjaelmie";"Ingen";"2018-2024";NA;"Data ikke tilgjengelig"
"ENCREC_005";"50";"5020";"Osen";"Ingen";"2018-2024";0;"Data ikke tilgjengelig"
"ENCREC_005";"50";"5020";"Osen";"Ingen";"2018-2024";0;"Data ikke tilgjengelig"
"ENCREC_005";"50";"5020";"Osen";"Ingen";"2018-2024";0;"Data ikke tilgjengelig"
"ENCREC_005";"50";"5020";"Osen";"Ingen";"2018-2024";0;"Data ikke tilgjengelig"
"ENCREC_005";"50";"5020";"Osen";"Ingen";"2018-2024";0;"Data ikke tilgjengelig"
"ENCREC_005";"50";"5020";"Osen";"Ingen";"2018-2024";0;"Data ikke tilgjengelig"
"ENCREC_005";"50";"5020";"Osen";"Ingen";"2018-2024";0;"Data ikke tilgjengelig"
"ENCREC_005";"50";"5020";"Osen";"Ingen";"2018-2024";NA;"Data ikke tilgjengelig"
"ENCREC_005";"50";"5027";"Midtre Gauldal";"Ingen";"2018-2024";0;"Data ikke tilgjengelig"
"ENCREC_005";"50";"5027";"Midtre Gauldal";"Ingen";"2018-2024";0;"Data ikke tilgjengelig"
"ENCREC_005";"50";"5027";"Midtre Gauldal";"Ingen";"2018-2024";0;"Data ikke tilgjengelig"
"ENCREC_005";"50";"5027";"Midtre Gauldal";"Ingen";"2018-2024";0;"Data ikke tilgjengelig"
"ENCREC_005";"50";"5027";"Midtre Gauldal";"Ingen";"2018-2024";0;"Data ikke tilgjengelig"
"ENCREC_005";"50";"5027";"Midtre Gauldal";"Ingen";"2018-2024";0;"Data ikke tilgjengelig"
"ENCREC_005";"50";"5027";"Midtre Gauldal";"Ingen";"2018-2024";0;"Data ikke tilgjengelig"
"ENCREC_005";"50";"5027";"Midtre Gauldal";"Ingen";"2018-2024";NA;"Data ikke tilgjengelig"
"ENCREC_005";"50";"5029";"Skaun";"Ingen";"2018-2024";0;"Data ikke tilgjengelig"
"ENCREC_005";"50";"5029";"Skaun";"Ingen";"2018-2024";0;"Data ikke tilgjengelig"
"ENCREC_005";"50";"5029";"Skaun";"Ingen";"2018-2024";0;"Data ikke tilgjengelig"
"ENCREC_005";"50";"5029";"Skaun";"Ingen";"2018-2024";0;"Data ikke tilgjengelig"
"ENCREC_005";"50";"5029";"Skaun";"Ingen";"2018-2024";0;"Data ikke tilgjengelig"
"ENCREC_005";"50";"5029";"Skaun";"Ingen";"2018-2024";0;"Data ikke tilgjengelig"
"ENCREC_005";"50";"5029";"Skaun";"Ingen";"2018-2024";0;"Data ikke tilgjengelig"
"ENCREC_005";"50";"5029";"Skaun";"Ingen";"2018-2024";NA;"Data ikke tilgjengelig"
"ENCREC_005";"50";"5034";"Meråker";"Ingen";"2018-2024";0;"Data ikke tilgjengelig"
"ENCREC_005";"50";"5034";"Meråker";"Ingen";"2018-2024";0;"Data ikke tilgjengelig"
"ENCREC_005";"50";"5034";"Meråker";"Ingen";"2018-2024";0;"Data ikke tilgjengelig"
"ENCREC_005";"50";"5034";"Meråker";"Ingen";"2018-2024";0;"Data ikke tilgjengelig"
"ENCREC_005";"50";"5034";"Meråker";"Ingen";"2018-2024";0;"Data ikke tilgjengelig"
"ENCREC_005";"50";"5034";"Meråker";"Ingen";"2018-2024";0;"Data ikke tilgjengelig"
"ENCREC_005";"50";"5034";"Meråker";"Ingen";"2018-2024";0;"Data ikke tilgjengelig"
"ENCREC_005";"50";"5034";"Meråker";"Ingen";"2018-2024";NA;"Data ikke tilgjengelig"
"ENCREC_005";"50";"5036";"Frosta";"Ingen";"2018-2024";0;"Data ikke tilgjengelig"
"ENCREC_005";"50";"5036";"Frosta";"Ingen";"2018-2024";0;"Data ikke tilgjengelig"
"ENCREC_005";"50";"5036";"Frosta";"Ingen";"2018-2024";0;"Data ikke tilgjengelig"
"ENCREC_005";"50";"5036";"Frosta";"Ingen";"2018-2024";0;"Data ikke tilgjengelig"
"ENCREC_005";"50";"5036";"Frosta";"Ingen";"2018-2024";0;"Data ikke tilgjengelig"
"ENCREC_005";"50";"5036";"Frosta";"Ingen";"2018-2024";0;"Data ikke tilgjengelig"
"ENCREC_005";"50";"5036";"Frosta";"Ingen";"2018-2024";0;"Data ikke tilgjengelig"
"ENCREC_005";"50";"5036";"Frosta";"Ingen";"2018-2024";NA;"Data ikke tilgjengelig"
"ENCREC_005";"50";"5041";"Snåase/Snåsa";"Ingen";"2018-2024";0;"Data ikke tilgjengelig"
"ENCREC_005";"50";"5041";"Snåase/Snåsa";"Ingen";"2018-2024";0;"Data ikke tilgjengelig"
"ENCREC_005";"50";"5041";"Snåase/Snåsa";"Ingen";"2018-2024";0;"Data ikke tilgjengelig"
"ENCREC_005";"50";"5041";"Snåase/Snåsa";"Ingen";"2018-2024";0;"Data ikke tilgjengelig"
"ENCREC_005";"50";"5041";"Snåase/Snåsa";"Ingen";"2018-2024";0;"Data ikke tilgjengelig"
"ENCREC_005";"50";"5041";"Snåase/Snåsa";"Ingen";"2018-2024";0;"Data ikke tilgjengelig"
"ENCREC_005";"50";"5041";"Snåase/Snåsa";"Ingen";"2018-2024";0;"Data ikke tilgjengelig"
"ENCREC_005";"50";"5041";"Snåase/Snåsa";"Ingen";"2018-2024";NA;"Data ikke tilgjengelig"
"ENCREC_005";"50";"5042";"Lierne";"Ingen";"2018-2024";0;"Data ikke tilgjengelig"
"ENCREC_005";"50";"5042";"Lierne";"Ingen";"2018-2024";0;"Data ikke tilgjengelig"
"ENCREC_005";"50";"5042";"Lierne";"Ingen";"2018-2024";0;"Data ikke tilgjengelig"
"ENCREC_005";"50";"5042";"Lierne";"Ingen";"2018-2024";0;"Data ikke tilgjengelig"
"ENCREC_005";"50";"5042";"Lierne";"Ingen";"2018-2024";0;"Data ikke tilgjengelig"
"ENCREC_005";"50";"5042";"Lierne";"Ingen";"2018-2024";0;"Data ikke tilgjengelig"
"ENCREC_005";"50";"5042";"Lierne";"Ingen";"2018-2024";0;"Data ikke tilgjengelig"
"ENCREC_005";"50";"5042";"Lierne";"Ingen";"2018-2024";NA;"Data ikke tilgjengelig"
"ENCREC_005";"50";"5043";"Raarvihke/Røyrvik";"Ingen";"2018-2024";0;"Data ikke tilgjengelig"
"ENCREC_005";"50";"5043";"Raarvihke/Røyrvik";"Ingen";"2018-2024";0;"Data ikke tilgjengelig"
"ENCREC_005";"50";"5043";"Raarvihke/Røyrvik";"Ingen";"2018-2024";0;"Data ikke tilgjengelig"
"ENCREC_005";"50";"5043";"Raarvihke/Røyrvik";"Ingen";"2018-2024";0;"Data ikke tilgjengelig"
"ENCREC_005";"50";"5043";"Raarvihke/Røyrvik";"Ingen";"2018-2024";0;"Data ikke tilgjengelig"
"ENCREC_005";"50";"5043";"Raarvihke/Røyrvik";"Ingen";"2018-2024";0;"Data ikke tilgjengelig"
"ENCREC_005";"50";"5043";"Raarvihke/Røyrvik";"Ingen";"2018-2024";0;"Data ikke tilgjengelig"
"ENCREC_005";"50";"5043";"Raarvihke/Røyrvik";"Ingen";"2018-2024";NA;"Data ikke tilgjengelig"
"ENCREC_005";"50";"5044";"Namsskogan";"Ingen";"2018-2024";0;"Data ikke tilgjengelig"
"ENCREC_005";"50";"5044";"Namsskogan";"Ingen";"2018-2024";0;"Data ikke tilgjengelig"
"ENCREC_005";"50";"5044";"Namsskogan";"Ingen";"2018-2024";0;"Data ikke tilgjengelig"
"ENCREC_005";"50";"5044";"Namsskogan";"Ingen";"2018-2024";0;"Data ikke tilgjengelig"
"ENCREC_005";"50";"5044";"Namsskogan";"Ingen";"2018-2024";0;"Data ikke tilgjengelig"
"ENCREC_005";"50";"5044";"Namsskogan";"Ingen";"2018-2024";0;"Data ikke tilgjengelig"
"ENCREC_005";"50";"5044";"Namsskogan";"Ingen";"2018-2024";0;"Data ikke tilgjengelig"
"ENCREC_005";"50";"5044";"Namsskogan";"Ingen";"2018-2024";NA;"Data ikke tilgjengelig"
"ENCREC_005";"50";"5046";"Høylandet";"Ingen";"2018-2024";0;"Data ikke tilgjengelig"
"ENCREC_005";"50";"5046";"Høylandet";"Ingen";"2018-2024";0;"Data ikke tilgjengelig"
"ENCREC_005";"50";"5046";"Høylandet";"Ingen";"2018-2024";0;"Data ikke tilgjengelig"
"ENCREC_005";"50";"5046";"Høylandet";"Ingen";"2018-2024";0;"Data ikke tilgjengelig"
"ENCREC_005";"50";"5046";"Høylandet";"Ingen";"2018-2024";0;"Data ikke tilgjengelig"
"ENCREC_005";"50";"5046";"Høylandet";"Ingen";"2018-2024";0;"Data ikke tilgjengelig"
"ENCREC_005";"50";"5046";"Høylandet";"Ingen";"2018-2024";0;"Data ikke tilgjengelig"
"ENCREC_005";"50";"5046";"Høylandet";"Ingen";"2018-2024";NA;"Data ikke tilgjengelig"
"ENCREC_005";"50";"5047";"Overhalla";"Ingen";"2018-2024";0;"Data ikke tilgjengelig"
"ENCREC_005";"50";"5047";"Overhalla";"Ingen";"2018-2024";0;"Data ikke tilgjengelig"
"ENCREC_005";"50";"5047";"Overhalla";"Ingen";"2018-2024";0;"Data ikke tilgjengelig"
"ENCREC_005";"50";"5047";"Overhalla";"Ingen";"2018-2024";0;"Data ikke tilgjengelig"
"ENCREC_005";"50";"5047";"Overhalla";"Ingen";"2018-2024";0;"Data ikke tilgjengelig"
"ENCREC_005";"50";"5047";"Overhalla";"Ingen";"2018-2024";0;"Data ikke tilgjengelig"
"ENCREC_005";"50";"5047";"Overhalla";"Ingen";"2018-2024";0;"Data ikke tilgjengelig"
"ENCREC_005";"50";"5047";"Overhalla";"Ingen";"2018-2024";NA;"Data ikke tilgjengelig"
"ENCREC_005";"50";"5049";"Flatanger";"Ingen";"2018-2024";0;"Data ikke tilgjengelig"
"ENCREC_005";"50";"5049";"Flatanger";"Ingen";"2018-2024";0;"Data ikke tilgjengelig"
"ENCREC_005";"50";"5049";"Flatanger";"Ingen";"2018-2024";0;"Data ikke tilgjengelig"
"ENCREC_005";"50";"5049";"Flatanger";"Ingen";"2018-2024";0;"Data ikke tilgjengelig"
"ENCREC_005";"50";"5049";"Flatanger";"Ingen";"2018-2024";0;"Data ikke tilgjengelig"
"ENCREC_005";"50";"5049";"Flatanger";"Ingen";"2018-2024";0;"Data ikke tilgjengelig"
"ENCREC_005";"50";"5049";"Flatanger";"Ingen";"2018-2024";0;"Data ikke tilgjengelig"
"ENCREC_005";"50";"5049";"Flatanger";"Ingen";"2018-2024";NA;"Data ikke tilgjengelig"
"ENCREC_005";"50";"5052";"Leka";"Ingen";"2018-2024";0;"Data ikke tilgjengelig"
"ENCREC_005";"50";"5052";"Leka";"Ingen";"2018-2024";0;"Data ikke tilgjengelig"
"ENCREC_005";"50";"5052";"Leka";"Ingen";"2018-2024";0;"Data ikke tilgjengelig"
"ENCREC_005";"50";"5052";"Leka";"Ingen";"2018-2024";0;"Data ikke tilgjengelig"
"ENCREC_005";"50";"5052";"Leka";"Ingen";"2018-2024";0;"Data ikke tilgjengelig"
"ENCREC_005";"50";"5052";"Leka";"Ingen";"2018-2024";0;"Data ikke tilgjengelig"
"ENCREC_005";"50";"5052";"Leka";"Ingen";"2018-2024";0;"Data ikke tilgjengelig"
"ENCREC_005";"50";"5052";"Leka";"Ingen";"2018-2024";NA;"Data ikke tilgjengelig"
"ENCREC_005";"50";"5061";"Rindal";"Ingen";"2018-2024";0;"Data ikke tilgjengelig"
"ENCREC_005";"50";"5061";"Rindal";"Ingen";"2018-2024";0;"Data ikke tilgjengelig"
"ENCREC_005";"50";"5061";"Rindal";"Ingen";"2018-2024";0;"Data ikke tilgjengelig"
"ENCREC_005";"50";"5061";"Rindal";"Ingen";"2018-2024";0;"Data ikke tilgjengelig"
"ENCREC_005";"50";"5061";"Rindal";"Ingen";"2018-2024";0;"Data ikke tilgjengelig"
"ENCREC_005";"50";"5061";"Rindal";"Ingen";"2018-2024";0;"Data ikke tilgjengelig"
"ENCREC_005";"50";"5061";"Rindal";"Ingen";"2018-2024";0;"Data ikke tilgjengelig"
"ENCREC_005";"50";"5061";"Rindal";"Ingen";"2018-2024";NA;"Data ikke tilgjengelig"
"ENCREC_005";"55";"5510";"Kvæfjord";"Ingen";"2018-2024";0;"Data ikke tilgjengelig"
"ENCREC_005";"55";"5510";"Kvæfjord";"Ingen";"2018-2024";0;"Data ikke tilgjengelig"
"ENCREC_005";"55";"5510";"Kvæfjord";"Ingen";"2018-2024";0;"Data ikke tilgjengelig"
"ENCREC_005";"55";"5510";"Kvæfjord";"Ingen";"2018-2024";0;"Data ikke tilgjengelig"
"ENCREC_005";"55";"5510";"Kvæfjord";"Ingen";"2018-2024";0;"Data ikke tilgjengelig"
"ENCREC_005";"55";"5510";"Kvæfjord";"Ingen";"2018-2024";0;"Data ikke tilgjengelig"
"ENCREC_005";"55";"5510";"Kvæfjord";"Ingen";"2018-2024";0;"Data ikke tilgjengelig"
"ENCREC_005";"55";"5510";"Kvæfjord";"Ingen";"2018-2024";NA;"Data ikke tilgjengelig"
"ENCREC_005";"55";"5516";"Gratangen";"Ingen";"2018-2024";0;"Data ikke tilgjengelig"
"ENCREC_005";"55";"5516";"Gratangen";"Ingen";"2018-2024";0;"Data ikke tilgjengelig"
"ENCREC_005";"55";"5516";"Gratangen";"Ingen";"2018-2024";0;"Data ikke tilgjengelig"
"ENCREC_005";"55";"5516";"Gratangen";"Ingen";"2018-2024";0;"Data ikke tilgjengelig"
"ENCREC_005";"55";"5516";"Gratangen";"Ingen";"2018-2024";0;"Data ikke tilgjengelig"
"ENCREC_005";"55";"5516";"Gratangen";"Ingen";"2018-2024";0;"Data ikke tilgjengelig"
"ENCREC_005";"55";"5516";"Gratangen";"Ingen";"2018-2024";0;"Data ikke tilgjengelig"
"ENCREC_005";"55";"5516";"Gratangen";"Ingen";"2018-2024";NA;"Data ikke tilgjengelig"
"ENCREC_005";"55";"5518";"Loabák/Lavangen";"Ingen";"2018-2024";0;"Data ikke tilgjengelig"
"ENCREC_005";"55";"5518";"Loabák/Lavangen";"Ingen";"2018-2024";0;"Data ikke tilgjengelig"
"ENCREC_005";"55";"5518";"Loabák/Lavangen";"Ingen";"2018-2024";0;"Data ikke tilgjengelig"
"ENCREC_005";"55";"5518";"Loabák/Lavangen";"Ingen";"2018-2024";0;"Data ikke tilgjengelig"
"ENCREC_005";"55";"5518";"Loabák/Lavangen";"Ingen";"2018-2024";0;"Data ikke tilgjengelig"
"ENCREC_005";"55";"5518";"Loabák/Lavangen";"Ingen";"2018-2024";0;"Data ikke tilgjengelig"
"ENCREC_005";"55";"5518";"Loabák/Lavangen";"Ingen";"2018-2024";0;"Data ikke tilgjengelig"
"ENCREC_005";"55";"5518";"Loabák/Lavangen";"Ingen";"2018-2024";NA;"Data ikke tilgjengelig"
"ENCREC_005";"55";"5520";"Bardu";"Ingen";"2018-2024";0;"Data ikke tilgjengelig"
"ENCREC_005";"55";"5520";"Bardu";"Ingen";"2018-2024";0;"Data ikke tilgjengelig"
"ENCREC_005";"55";"5520";"Bardu";"Ingen";"2018-2024";0;"Data ikke tilgjengelig"
"ENCREC_005";"55";"5520";"Bardu";"Ingen";"2018-2024";0;"Data ikke tilgjengelig"
"ENCREC_005";"55";"5520";"Bardu";"Ingen";"2018-2024";0;"Data ikke tilgjengelig"
"ENCREC_005";"55";"5520";"Bardu";"Ingen";"2018-2024";0;"Data ikke tilgjengelig"
"ENCREC_005";"55";"5520";"Bardu";"Ingen";"2018-2024";0;"Data ikke tilgjengelig"
"ENCREC_005";"55";"5520";"Bardu";"Ingen";"2018-2024";NA;"Data ikke tilgjengelig"
"ENCREC_005";"55";"5522";"Salangen";"Ingen";"2018-2024";0;"Data ikke tilgjengelig"
"ENCREC_005";"55";"5522";"Salangen";"Ingen";"2018-2024";0;"Data ikke tilgjengelig"
"ENCREC_005";"55";"5522";"Salangen";"Ingen";"2018-2024";0;"Data ikke tilgjengelig"
"ENCREC_005";"55";"5522";"Salangen";"Ingen";"2018-2024";0;"Data ikke tilgjengelig"
"ENCREC_005";"55";"5522";"Salangen";"Ingen";"2018-2024";0;"Data ikke tilgjengelig"
"ENCREC_005";"55";"5522";"Salangen";"Ingen";"2018-2024";0;"Data ikke tilgjengelig"
"ENCREC_005";"55";"5522";"Salangen";"Ingen";"2018-2024";0;"Data ikke tilgjengelig"
"ENCREC_005";"55";"5522";"Salangen";"Ingen";"2018-2024";NA;"Data ikke tilgjengelig"
"ENCREC_005";"55";"5526";"Sørreisa";"Ingen";"2018-2024";0;"Data ikke tilgjengelig"
"ENCREC_005";"55";"5526";"Sørreisa";"Ingen";"2018-2024";0;"Data ikke tilgjengelig"
"ENCREC_005";"55";"5526";"Sørreisa";"Ingen";"2018-2024";0;"Data ikke tilgjengelig"
"ENCREC_005";"55";"5526";"Sørreisa";"Ingen";"2018-2024";0;"Data ikke tilgjengelig"
"ENCREC_005";"55";"5526";"Sørreisa";"Ingen";"2018-2024";0;"Data ikke tilgjengelig"
"ENCREC_005";"55";"5526";"Sørreisa";"Ingen";"2018-2024";0;"Data ikke tilgjengelig"
"ENCREC_005";"55";"5526";"Sørreisa";"Ingen";"2018-2024";0;"Data ikke tilgjengelig"
"ENCREC_005";"55";"5526";"Sørreisa";"Ingen";"2018-2024";NA;"Data ikke tilgjengelig"
"ENCREC_005";"55";"5528";"Dyrøy";"Ingen";"2018-2024";0;"Data ikke tilgjengelig"
"ENCREC_005";"55";"5528";"Dyrøy";"Ingen";"2018-2024";0;"Data ikke tilgjengelig"
"ENCREC_005";"55";"5528";"Dyrøy";"Ingen";"2018-2024";0;"Data ikke tilgjengelig"
"ENCREC_005";"55";"5528";"Dyrøy";"Ingen";"2018-2024";0;"Data ikke tilgjengelig"
"ENCREC_005";"55";"5528";"Dyrøy";"Ingen";"2018-2024";0;"Data ikke tilgjengelig"
"ENCREC_005";"55";"5528";"Dyrøy";"Ingen";"2018-2024";0;"Data ikke tilgjengelig"
"ENCREC_005";"55";"5528";"Dyrøy";"Ingen";"2018-2024";0;"Data ikke tilgjengelig"
"ENCREC_005";"55";"5528";"Dyrøy";"Ingen";"2018-2024";NA;"Data ikke tilgjengelig"
"ENCREC_005";"55";"5530";"Senja";"Ingen";"2018-2024";0;"Data ikke tilgjengelig"
"ENCREC_005";"55";"5530";"Senja";"Ingen";"2018-2024";0;"Data ikke tilgjengelig"
"ENCREC_005";"55";"5530";"Senja";"Ingen";"2018-2024";0;"Data ikke tilgjengelig"
"ENCREC_005";"55";"5530";"Senja";"Ingen";"2018-2024";0;"Data ikke tilgjengelig"
"ENCREC_005";"55";"5530";"Senja";"Ingen";"2018-2024";0;"Data ikke tilgjengelig"
"ENCREC_005";"55";"5530";"Senja";"Ingen";"2018-2024";0;"Data ikke tilgjengelig"
"ENCREC_005";"55";"5530";"Senja";"Ingen";"2018-2024";0;"Data ikke tilgjengelig"
"ENCREC_005";"55";"5530";"Senja";"Ingen";"2018-2024";NA;"Data ikke tilgjengelig"
"ENCREC_005";"55";"5532";"Balsfjord";"Ingen";"2018-2024";0;"Data ikke tilgjengelig"
"ENCREC_005";"55";"5532";"Balsfjord";"Ingen";"2018-2024";0;"Data ikke tilgjengelig"
"ENCREC_005";"55";"5532";"Balsfjord";"Ingen";"2018-2024";0;"Data ikke tilgjengelig"
"ENCREC_005";"55";"5532";"Balsfjord";"Ingen";"2018-2024";0;"Data ikke tilgjengelig"
"ENCREC_005";"55";"5532";"Balsfjord";"Ingen";"2018-2024";0;"Data ikke tilgjengelig"
"ENCREC_005";"55";"5532";"Balsfjord";"Ingen";"2018-2024";0;"Data ikke tilgjengelig"
"ENCREC_005";"55";"5532";"Balsfjord";"Ingen";"2018-2024";0;"Data ikke tilgjengelig"
"ENCREC_005";"55";"5532";"Balsfjord";"Ingen";"2018-2024";NA;"Data ikke tilgjengelig"
"ENCREC_005";"55";"5534";"Karlsøy";"Ingen";"2018-2024";0;"Data ikke tilgjengelig"
"ENCREC_005";"55";"5534";"Karlsøy";"Ingen";"2018-2024";0;"Data ikke tilgjengelig"
"ENCREC_005";"55";"5534";"Karlsøy";"Ingen";"2018-2024";0;"Data ikke tilgjengelig"
"ENCREC_005";"55";"5534";"Karlsøy";"Ingen";"2018-2024";0;"Data ikke tilgjengelig"
"ENCREC_005";"55";"5534";"Karlsøy";"Ingen";"2018-2024";0;"Data ikke tilgjengelig"
"ENCREC_005";"55";"5534";"Karlsøy";"Ingen";"2018-2024";0;"Data ikke tilgjengelig"
"ENCREC_005";"55";"5534";"Karlsøy";"Ingen";"2018-2024";0;"Data ikke tilgjengelig"
"ENCREC_005";"55";"5534";"Karlsøy";"Ingen";"2018-2024";NA;"Data ikke tilgjengelig"
"ENCREC_005";"55";"5536";"Lyngen";"Ingen";"2018-2024";0;"Data ikke tilgjengelig"
"ENCREC_005";"55";"5536";"Lyngen";"Ingen";"2018-2024";0;"Data ikke tilgjengelig"
"ENCREC_005";"55";"5536";"Lyngen";"Ingen";"2018-2024";0;"Data ikke tilgjengelig"
"ENCREC_005";"55";"5536";"Lyngen";"Ingen";"2018-2024";0;"Data ikke tilgjengelig"
"ENCREC_005";"55";"5536";"Lyngen";"Ingen";"2018-2024";0;"Data ikke tilgjengelig"
"ENCREC_005";"55";"5536";"Lyngen";"Ingen";"2018-2024";0;"Data ikke tilgjengelig"
"ENCREC_005";"55";"5536";"Lyngen";"Ingen";"2018-2024";0;"Data ikke tilgjengelig"
"ENCREC_005";"55";"5536";"Lyngen";"Ingen";"2018-2024";NA;"Data ikke tilgjengelig"
"ENCREC_005";"55";"5542";"Skjervøy";"Ingen";"2018-2024";0;"Data ikke tilgjengelig"
"ENCREC_005";"55";"5542";"Skjervøy";"Ingen";"2018-2024";0;"Data ikke tilgjengelig"
"ENCREC_005";"55";"5542";"Skjervøy";"Ingen";"2018-2024";0;"Data ikke tilgjengelig"
"ENCREC_005";"55";"5542";"Skjervøy";"Ingen";"2018-2024";0;"Data ikke tilgjengelig"
"ENCREC_005";"55";"5542";"Skjervøy";"Ingen";"2018-2024";0;"Data ikke tilgjengelig"
"ENCREC_005";"55";"5542";"Skjervøy";"Ingen";"2018-2024";0;"Data ikke tilgjengelig"
"ENCREC_005";"55";"5542";"Skjervøy";"Ingen";"2018-2024";0;"Data ikke tilgjengelig"
"ENCREC_005";"55";"5542";"Skjervøy";"Ingen";"2018-2024";NA;"Data ikke tilgjengelig"
"ENCREC_005";"55";"5544";"Nordreisa/Ráisa/Raisi";"Ingen";"2018-2024";0;"Data ikke tilgjengelig"
"ENCREC_005";"55";"5544";"Nordreisa/Ráisa/Raisi";"Ingen";"2018-2024";0;"Data ikke tilgjengelig"
"ENCREC_005";"55";"5544";"Nordreisa/Ráisa/Raisi";"Ingen";"2018-2024";0;"Data ikke tilgjengelig"
"ENCREC_005";"55";"5544";"Nordreisa/Ráisa/Raisi";"Ingen";"2018-2024";0;"Data ikke tilgjengelig"
"ENCREC_005";"55";"5544";"Nordreisa/Ráisa/Raisi";"Ingen";"2018-2024";0;"Data ikke tilgjengelig"
"ENCREC_005";"55";"5544";"Nordreisa/Ráisa/Raisi";"Ingen";"2018-2024";0;"Data ikke tilgjengelig"
"ENCREC_005";"55";"5544";"Nordreisa/Ráisa/Raisi";"Ingen";"2018-2024";0;"Data ikke tilgjengelig"
"ENCREC_005";"55";"5544";"Nordreisa/Ráisa/Raisi";"Ingen";"2018-2024";NA;"Data ikke tilgjengelig"
"ENCREC_005";"55";"5546";"Kvænangen";"Ingen";"2018-2024";0;"Data ikke tilgjengelig"
"ENCREC_005";"55";"5546";"Kvænangen";"Ingen";"2018-2024";0;"Data ikke tilgjengelig"
"ENCREC_005";"55";"5546";"Kvænangen";"Ingen";"2018-2024";0;"Data ikke tilgjengelig"
"ENCREC_005";"55";"5546";"Kvænangen";"Ingen";"2018-2024";0;"Data ikke tilgjengelig"
"ENCREC_005";"55";"5546";"Kvænangen";"Ingen";"2018-2024";0;"Data ikke tilgjengelig"
"ENCREC_005";"55";"5546";"Kvænangen";"Ingen";"2018-2024";0;"Data ikke tilgjengelig"
"ENCREC_005";"55";"5546";"Kvænangen";"Ingen";"2018-2024";0;"Data ikke tilgjengelig"
"ENCREC_005";"55";"5546";"Kvænangen";"Ingen";"2018-2024";NA;"Data ikke tilgjengelig"
"ENCREC_005";"56";"5605";"Sør-Varanger";"Ingen";"2018-2024";0;"Data ikke tilgjengelig"
"ENCREC_005";"56";"5605";"Sør-Varanger";"Ingen";"2018-2024";0;"Data ikke tilgjengelig"
"ENCREC_005";"56";"5605";"Sør-Varanger";"Ingen";"2018-2024";0;"Data ikke tilgjengelig"
"ENCREC_005";"56";"5605";"Sør-Varanger";"Ingen";"2018-2024";0;"Data ikke tilgjengelig"
"ENCREC_005";"56";"5605";"Sør-Varanger";"Ingen";"2018-2024";0;"Data ikke tilgjengelig"
"ENCREC_005";"56";"5605";"Sør-Varanger";"Ingen";"2018-2024";0;"Data ikke tilgjengelig"
"ENCREC_005";"56";"5605";"Sør-Varanger";"Ingen";"2018-2024";0;"Data ikke tilgjengelig"
"ENCREC_005";"56";"5605";"Sør-Varanger";"Ingen";"2018-2024";NA;"Data ikke tilgjengelig"
"ENCREC_005";"56";"5607";"Vadsø";"Ingen";"2018-2024";0;"Data ikke tilgjengelig"
"ENCREC_005";"56";"5607";"Vadsø";"Ingen";"2018-2024";0;"Data ikke tilgjengelig"
"ENCREC_005";"56";"5607";"Vadsø";"Ingen";"2018-2024";0;"Data ikke tilgjengelig"
"ENCREC_005";"56";"5607";"Vadsø";"Ingen";"2018-2024";0;"Data ikke tilgjengelig"
"ENCREC_005";"56";"5607";"Vadsø";"Ingen";"2018-2024";0;"Data ikke tilgjengelig"
"ENCREC_005";"56";"5607";"Vadsø";"Ingen";"2018-2024";0;"Data ikke tilgjengelig"
"ENCREC_005";"56";"5607";"Vadsø";"Ingen";"2018-2024";0;"Data ikke tilgjengelig"
"ENCREC_005";"56";"5607";"Vadsø";"Ingen";"2018-2024";NA;"Data ikke tilgjengelig"
"ENCREC_005";"56";"5612";"Guovdageaidnu/Kautokeino";"Ingen";"2018-2024";0;"Data ikke tilgjengelig"
"ENCREC_005";"56";"5612";"Guovdageaidnu/Kautokeino";"Ingen";"2018-2024";0;"Data ikke tilgjengelig"
"ENCREC_005";"56";"5612";"Guovdageaidnu/Kautokeino";"Ingen";"2018-2024";0;"Data ikke tilgjengelig"
"ENCREC_005";"56";"5612";"Guovdageaidnu/Kautokeino";"Ingen";"2018-2024";0;"Data ikke tilgjengelig"
"ENCREC_005";"56";"5612";"Guovdageaidnu/Kautokeino";"Ingen";"2018-2024";0;"Data ikke tilgjengelig"
"ENCREC_005";"56";"5612";"Guovdageaidnu/Kautokeino";"Ingen";"2018-2024";0;"Data ikke tilgjengelig"
"ENCREC_005";"56";"5612";"Guovdageaidnu/Kautokeino";"Ingen";"2018-2024";0;"Data ikke tilgjengelig"
"ENCREC_005";"56";"5612";"Guovdageaidnu/Kautokeino";"Ingen";"2018-2024";NA;"Data ikke tilgjengelig"
"ENCREC_005";"56";"5614";"Loppa";"Ingen";"2018-2024";0;"Data ikke tilgjengelig"
"ENCREC_005";"56";"5614";"Loppa";"Ingen";"2018-2024";0;"Data ikke tilgjengelig"
"ENCREC_005";"56";"5614";"Loppa";"Ingen";"2018-2024";0;"Data ikke tilgjengelig"
"ENCREC_005";"56";"5614";"Loppa";"Ingen";"2018-2024";0;"Data ikke tilgjengelig"
"ENCREC_005";"56";"5614";"Loppa";"Ingen";"2018-2024";0;"Data ikke tilgjengelig"
"ENCREC_005";"56";"5614";"Loppa";"Ingen";"2018-2024";0;"Data ikke tilgjengelig"
"ENCREC_005";"56";"5614";"Loppa";"Ingen";"2018-2024";0;"Data ikke tilgjengelig"
"ENCREC_005";"56";"5614";"Loppa";"Ingen";"2018-2024";NA;"Data ikke tilgjengelig"
"ENCREC_005";"56";"5616";"Hasvik";"Ingen";"2018-2024";0;"Data ikke tilgjengelig"
"ENCREC_005";"56";"5616";"Hasvik";"Ingen";"2018-2024";0;"Data ikke tilgjengelig"
"ENCREC_005";"56";"5616";"Hasvik";"Ingen";"2018-2024";0;"Data ikke tilgjengelig"
"ENCREC_005";"56";"5616";"Hasvik";"Ingen";"2018-2024";0;"Data ikke tilgjengelig"
"ENCREC_005";"56";"5616";"Hasvik";"Ingen";"2018-2024";0;"Data ikke tilgjengelig"
"ENCREC_005";"56";"5616";"Hasvik";"Ingen";"2018-2024";0;"Data ikke tilgjengelig"
"ENCREC_005";"56";"5616";"Hasvik";"Ingen";"2018-2024";0;"Data ikke tilgjengelig"
"ENCREC_005";"56";"5616";"Hasvik";"Ingen";"2018-2024";NA;"Data ikke tilgjengelig"
"ENCREC_005";"56";"5618";"Måsøy";"Ingen";"2018-2024";0;"Data ikke tilgjengelig"
"ENCREC_005";"56";"5618";"Måsøy";"Ingen";"2018-2024";0;"Data ikke tilgjengelig"
"ENCREC_005";"56";"5618";"Måsøy";"Ingen";"2018-2024";0;"Data ikke tilgjengelig"
"ENCREC_005";"56";"5618";"Måsøy";"Ingen";"2018-2024";0;"Data ikke tilgjengelig"
"ENCREC_005";"56";"5618";"Måsøy";"Ingen";"2018-2024";0;"Data ikke tilgjengelig"
"ENCREC_005";"56";"5618";"Måsøy";"Ingen";"2018-2024";0;"Data ikke tilgjengelig"
"ENCREC_005";"56";"5618";"Måsøy";"Ingen";"2018-2024";0;"Data ikke tilgjengelig"
"ENCREC_005";"56";"5618";"Måsøy";"Ingen";"2018-2024";NA;"Data ikke tilgjengelig"
"ENCREC_005";"56";"5624";"Lebesby";"Ingen";"2018-2024";0;"Data ikke tilgjengelig"
"ENCREC_005";"56";"5624";"Lebesby";"Ingen";"2018-2024";0;"Data ikke tilgjengelig"
"ENCREC_005";"56";"5624";"Lebesby";"Ingen";"2018-2024";0;"Data ikke tilgjengelig"
"ENCREC_005";"56";"5624";"Lebesby";"Ingen";"2018-2024";0;"Data ikke tilgjengelig"
"ENCREC_005";"56";"5624";"Lebesby";"Ingen";"2018-2024";0;"Data ikke tilgjengelig"
"ENCREC_005";"56";"5624";"Lebesby";"Ingen";"2018-2024";0;"Data ikke tilgjengelig"
"ENCREC_005";"56";"5624";"Lebesby";"Ingen";"2018-2024";0;"Data ikke tilgjengelig"
"ENCREC_005";"56";"5624";"Lebesby";"Ingen";"2018-2024";NA;"Data ikke tilgjengelig"
"ENCREC_005";"56";"5630";"Berlevåg";"Ingen";"2018-2024";0;"Data ikke tilgjengelig"
"ENCREC_005";"56";"5630";"Berlevåg";"Ingen";"2018-2024";0;"Data ikke tilgjengelig"
"ENCREC_005";"56";"5630";"Berlevåg";"Ingen";"2018-2024";0;"Data ikke tilgjengelig"
"ENCREC_005";"56";"5630";"Berlevåg";"Ingen";"2018-2024";0;"Data ikke tilgjengelig"
"ENCREC_005";"56";"5630";"Berlevåg";"Ingen";"2018-2024";0;"Data ikke tilgjengelig"
"ENCREC_005";"56";"5630";"Berlevåg";"Ingen";"2018-2024";0;"Data ikke tilgjengelig"
"ENCREC_005";"56";"5630";"Berlevåg";"Ingen";"2018-2024";0;"Data ikke tilgjengelig"
"ENCREC_005";"56";"5630";"Berlevåg";"Ingen";"2018-2024";NA;"Data ikke tilgjengelig"
"ENCREC_005";"56";"5634";"Vardø";"Ingen";"2018-2024";0;"Data ikke tilgjengelig"
"ENCREC_005";"56";"5634";"Vardø";"Ingen";"2018-2024";0;"Data ikke tilgjengelig"
"ENCREC_005";"56";"5634";"Vardø";"Ingen";"2018-2024";0;"Data ikke tilgjengelig"
"ENCREC_005";"56";"5634";"Vardø";"Ingen";"2018-2024";0;"Data ikke tilgjengelig"
"ENCREC_005";"56";"5634";"Vardø";"Ingen";"2018-2024";0;"Data ikke tilgjengelig"
"ENCREC_005";"56";"5634";"Vardø";"Ingen";"2018-2024";0;"Data ikke tilgjengelig"
"ENCREC_005";"56";"5634";"Vardø";"Ingen";"2018-2024";0;"Data ikke tilgjengelig"
"ENCREC_005";"56";"5634";"Vardø";"Ingen";"2018-2024";NA;"Data ikke tilgjengelig"
"ENCREC_005";"56";"5636";"Unjárga/Nesseby";"Ingen";"2018-2024";0;"Data ikke tilgjengelig"
"ENCREC_005";"56";"5636";"Unjárga/Nesseby";"Ingen";"2018-2024";0;"Data ikke tilgjengelig"
"ENCREC_005";"56";"5636";"Unjárga/Nesseby";"Ingen";"2018-2024";0;"Data ikke tilgjengelig"
"ENCREC_005";"56";"5636";"Unjárga/Nesseby";"Ingen";"2018-2024";0;"Data ikke tilgjengelig"
"ENCREC_005";"56";"5636";"Unjárga/Nesseby";"Ingen";"2018-2024";0;"Data ikke tilgjengelig"
"ENCREC_005";"56";"5636";"Unjárga/Nesseby";"Ingen";"2018-2024";0;"Data ikke tilgjengelig"
"ENCREC_005";"56";"5636";"Unjárga/Nesseby";"Ingen";"2018-2024";0;"Data ikke tilgjengelig"
"ENCREC_005";"56";"5636";"Unjárga/Nesseby";"Ingen";"2018-2024";NA;"Data ikke tilgjengelig"
"ENCREC_005";"11";"1101";"Eigersund";NA;"2018-2024";NA;"Data ikke tilgjengelig"
"ENCREC_005";"11";"1101";"Eigersund";NA;"2018-2024";NA;"Data ikke tilgjengelig"
"ENCREC_005";"11";"1101";"Eigersund";NA;"2018-2024";NA;"Data ikke tilgjengelig"
"ENCREC_005";"11";"1101";"Eigersund";NA;"2018-2024";NA;"Data ikke tilgjengelig"
"ENCREC_005";"11";"1101";"Eigersund";NA;"2018-2024";NA;"Data ikke tilgjengelig"
"ENCREC_005";"11";"1101";"Eigersund";NA;"2018-2024";NA;"Data ikke tilgjengelig"
"ENCREC_005";"11";"1101";"Eigersund";NA;"2018-2024";NA;"Data ikke tilgjengelig"
"ENCREC_005";"11";"1101";"Eigersund";NA;"2018-2024";NA;"Data ikke tilgjengelig"
"ENCREC_005";"11";"1111";"Sokndal";NA;"2018-2024";NA;"Data ikke tilgjengelig"
"ENCREC_005";"11";"1111";"Sokndal";NA;"2018-2024";NA;"Data ikke tilgjengelig"
"ENCREC_005";"11";"1111";"Sokndal";NA;"2018-2024";NA;"Data ikke tilgjengelig"
"ENCREC_005";"11";"1111";"Sokndal";NA;"2018-2024";NA;"Data ikke tilgjengelig"
"ENCREC_005";"11";"1111";"Sokndal";NA;"2018-2024";NA;"Data ikke tilgjengelig"
"ENCREC_005";"11";"1111";"Sokndal";NA;"2018-2024";NA;"Data ikke tilgjengelig"
"ENCREC_005";"11";"1111";"Sokndal";NA;"2018-2024";NA;"Data ikke tilgjengelig"
"ENCREC_005";"11";"1111";"Sokndal";NA;"2018-2024";NA;"Data ikke tilgjengelig"
"ENCREC_005";"11";"1112";"Lund";NA;"2018-2024";NA;"Data ikke tilgjengelig"
"ENCREC_005";"11";"1112";"Lund";NA;"2018-2024";NA;"Data ikke tilgjengelig"
"ENCREC_005";"11";"1112";"Lund";NA;"2018-2024";NA;"Data ikke tilgjengelig"
"ENCREC_005";"11";"1112";"Lund";NA;"2018-2024";NA;"Data ikke tilgjengelig"
"ENCREC_005";"11";"1112";"Lund";NA;"2018-2024";NA;"Data ikke tilgjengelig"
"ENCREC_005";"11";"1112";"Lund";NA;"2018-2024";NA;"Data ikke tilgjengelig"
"ENCREC_005";"11";"1112";"Lund";NA;"2018-2024";NA;"Data ikke tilgjengelig"
"ENCREC_005";"11";"1112";"Lund";NA;"2018-2024";NA;"Data ikke tilgjengelig"
"ENCREC_005";"11";"1114";"Bjerkreim";NA;"2018-2024";NA;"Data ikke tilgjengelig"
"ENCREC_005";"11";"1114";"Bjerkreim";NA;"2018-2024";NA;"Data ikke tilgjengelig"
"ENCREC_005";"11";"1114";"Bjerkreim";NA;"2018-2024";NA;"Data ikke tilgjengelig"
"ENCREC_005";"11";"1114";"Bjerkreim";NA;"2018-2024";NA;"Data ikke tilgjengelig"
"ENCREC_005";"11";"1114";"Bjerkreim";NA;"2018-2024";NA;"Data ikke tilgjengelig"
"ENCREC_005";"11";"1114";"Bjerkreim";NA;"2018-2024";NA;"Data ikke tilgjengelig"
"ENCREC_005";"11";"1114";"Bjerkreim";NA;"2018-2024";NA;"Data ikke tilgjengelig"
"ENCREC_005";"11";"1114";"Bjerkreim";NA;"2018-2024";NA;"Data ikke tilgjengelig"
"ENCREC_005";"15";"1508";"Ålesund";NA;"2018-2024";NA;"Data ikke tilgjengelig"
"ENCREC_005";"15";"1508";"Ålesund";NA;"2018-2024";NA;"Data ikke tilgjengelig"
"ENCREC_005";"15";"1508";"Ålesund";NA;"2018-2024";NA;"Data ikke tilgjengelig"
"ENCREC_005";"15";"1508";"Ålesund";NA;"2018-2024";NA;"Data ikke tilgjengelig"
"ENCREC_005";"15";"1508";"Ålesund";NA;"2018-2024";NA;"Data ikke tilgjengelig"
"ENCREC_005";"15";"1508";"Ålesund";NA;"2018-2024";NA;"Data ikke tilgjengelig"
"ENCREC_005";"15";"1508";"Ålesund";NA;"2018-2024";NA;"Data ikke tilgjengelig"
"ENCREC_005";"15";"1508";"Ålesund";NA;"2018-2024";NA;"Data ikke tilgjengelig"
"ENCREC_005";"15";"1511";"Vanylven";NA;"2018-2024";NA;"Data ikke tilgjengelig"
"ENCREC_005";"15";"1511";"Vanylven";NA;"2018-2024";NA;"Data ikke tilgjengelig"
"ENCREC_005";"15";"1511";"Vanylven";NA;"2018-2024";NA;"Data ikke tilgjengelig"
"ENCREC_005";"15";"1511";"Vanylven";NA;"2018-2024";NA;"Data ikke tilgjengelig"
"ENCREC_005";"15";"1511";"Vanylven";NA;"2018-2024";NA;"Data ikke tilgjengelig"
"ENCREC_005";"15";"1511";"Vanylven";NA;"2018-2024";NA;"Data ikke tilgjengelig"
"ENCREC_005";"15";"1511";"Vanylven";NA;"2018-2024";NA;"Data ikke tilgjengelig"
"ENCREC_005";"15";"1511";"Vanylven";NA;"2018-2024";NA;"Data ikke tilgjengelig"
"ENCREC_005";"15";"1514";"Sande";NA;"2018-2024";NA;"Data ikke tilgjengelig"
"ENCREC_005";"15";"1514";"Sande";NA;"2018-2024";NA;"Data ikke tilgjengelig"
"ENCREC_005";"15";"1514";"Sande";NA;"2018-2024";NA;"Data ikke tilgjengelig"
"ENCREC_005";"15";"1514";"Sande";NA;"2018-2024";NA;"Data ikke tilgjengelig"
"ENCREC_005";"15";"1514";"Sande";NA;"2018-2024";NA;"Data ikke tilgjengelig"
"ENCREC_005";"15";"1514";"Sande";NA;"2018-2024";NA;"Data ikke tilgjengelig"
"ENCREC_005";"15";"1514";"Sande";NA;"2018-2024";NA;"Data ikke tilgjengelig"
"ENCREC_005";"15";"1514";"Sande";NA;"2018-2024";NA;"Data ikke tilgjengelig"
"ENCREC_005";"15";"1515";"Herøy (Møre og Romsdal)";NA;"2018-2024";NA;"Data ikke tilgjengelig"
"ENCREC_005";"15";"1515";"Herøy (Møre og Romsdal)";NA;"2018-2024";NA;"Data ikke tilgjengelig"
"ENCREC_005";"15";"1515";"Herøy (Møre og Romsdal)";NA;"2018-2024";NA;"Data ikke tilgjengelig"
"ENCREC_005";"15";"1515";"Herøy (Møre og Romsdal)";NA;"2018-2024";NA;"Data ikke tilgjengelig"
"ENCREC_005";"15";"1515";"Herøy (Møre og Romsdal)";NA;"2018-2024";NA;"Data ikke tilgjengelig"
"ENCREC_005";"15";"1515";"Herøy (Møre og Romsdal)";NA;"2018-2024";NA;"Data ikke tilgjengelig"
"ENCREC_005";"15";"1515";"Herøy (Møre og Romsdal)";NA;"2018-2024";NA;"Data ikke tilgjengelig"
"ENCREC_005";"15";"1515";"Herøy (Møre og Romsdal)";NA;"2018-2024";NA;"Data ikke tilgjengelig"
"ENCREC_005";"15";"1525";"Stranda";NA;"2018-2024";NA;"Data ikke tilgjengelig"
"ENCREC_005";"15";"1525";"Stranda";NA;"2018-2024";NA;"Data ikke tilgjengelig"
"ENCREC_005";"15";"1525";"Stranda";NA;"2018-2024";NA;"Data ikke tilgjengelig"
"ENCREC_005";"15";"1525";"Stranda";NA;"2018-2024";NA;"Data ikke tilgjengelig"
"ENCREC_005";"15";"1525";"Stranda";NA;"2018-2024";NA;"Data ikke tilgjengelig"
"ENCREC_005";"15";"1525";"Stranda";NA;"2018-2024";NA;"Data ikke tilgjengelig"
"ENCREC_005";"15";"1525";"Stranda";NA;"2018-2024";NA;"Data ikke tilgjengelig"
"ENCREC_005";"15";"1525";"Stranda";NA;"2018-2024";NA;"Data ikke tilgjengelig"
"ENCREC_005";"15";"1528";"Sykkylven";NA;"2018-2024";NA;"Data ikke tilgjengelig"
"ENCREC_005";"15";"1528";"Sykkylven";NA;"2018-2024";NA;"Data ikke tilgjengelig"
"ENCREC_005";"15";"1528";"Sykkylven";NA;"2018-2024";NA;"Data ikke tilgjengelig"
"ENCREC_005";"15";"1528";"Sykkylven";NA;"2018-2024";NA;"Data ikke tilgjengelig"
"ENCREC_005";"15";"1528";"Sykkylven";NA;"2018-2024";NA;"Data ikke tilgjengelig"
"ENCREC_005";"15";"1528";"Sykkylven";NA;"2018-2024";NA;"Data ikke tilgjengelig"
"ENCREC_005";"15";"1528";"Sykkylven";NA;"2018-2024";NA;"Data ikke tilgjengelig"
"ENCREC_005";"15";"1528";"Sykkylven";NA;"2018-2024";NA;"Data ikke tilgjengelig"
"ENCREC_005";"15";"1535";"Vestnes";NA;"2018-2024";NA;"Data ikke tilgjengelig"
"ENCREC_005";"15";"1535";"Vestnes";NA;"2018-2024";NA;"Data ikke tilgjengelig"
"ENCREC_005";"15";"1535";"Vestnes";NA;"2018-2024";NA;"Data ikke tilgjengelig"
"ENCREC_005";"15";"1535";"Vestnes";NA;"2018-2024";NA;"Data ikke tilgjengelig"
"ENCREC_005";"15";"1535";"Vestnes";NA;"2018-2024";NA;"Data ikke tilgjengelig"
"ENCREC_005";"15";"1535";"Vestnes";NA;"2018-2024";NA;"Data ikke tilgjengelig"
"ENCREC_005";"15";"1535";"Vestnes";NA;"2018-2024";NA;"Data ikke tilgjengelig"
"ENCREC_005";"15";"1535";"Vestnes";NA;"2018-2024";NA;"Data ikke tilgjengelig"
"ENCREC_005";"15";"1539";"Rauma";NA;"2018-2024";NA;"Data ikke tilgjengelig"
"ENCREC_005";"15";"1539";"Rauma";NA;"2018-2024";NA;"Data ikke tilgjengelig"
"ENCREC_005";"15";"1539";"Rauma";NA;"2018-2024";NA;"Data ikke tilgjengelig"
"ENCREC_005";"15";"1539";"Rauma";NA;"2018-2024";NA;"Data ikke tilgjengelig"
"ENCREC_005";"15";"1539";"Rauma";NA;"2018-2024";NA;"Data ikke tilgjengelig"
"ENCREC_005";"15";"1539";"Rauma";NA;"2018-2024";NA;"Data ikke tilgjengelig"
"ENCREC_005";"15";"1539";"Rauma";NA;"2018-2024";NA;"Data ikke tilgjengelig"
"ENCREC_005";"15";"1539";"Rauma";NA;"2018-2024";NA;"Data ikke tilgjengelig"
"ENCREC_005";"15";"1554";"Averøy";NA;"2018-2024";NA;"Data ikke tilgjengelig"
"ENCREC_005";"15";"1554";"Averøy";NA;"2018-2024";NA;"Data ikke tilgjengelig"
"ENCREC_005";"15";"1554";"Averøy";NA;"2018-2024";NA;"Data ikke tilgjengelig"
"ENCREC_005";"15";"1554";"Averøy";NA;"2018-2024";NA;"Data ikke tilgjengelig"
"ENCREC_005";"15";"1554";"Averøy";NA;"2018-2024";NA;"Data ikke tilgjengelig"
"ENCREC_005";"15";"1554";"Averøy";NA;"2018-2024";NA;"Data ikke tilgjengelig"
"ENCREC_005";"15";"1554";"Averøy";NA;"2018-2024";NA;"Data ikke tilgjengelig"
"ENCREC_005";"15";"1554";"Averøy";NA;"2018-2024";NA;"Data ikke tilgjengelig"
"ENCREC_005";"15";"1557";"Gjemnes";NA;"2018-2024";NA;"Data ikke tilgjengelig"
"ENCREC_005";"15";"1557";"Gjemnes";NA;"2018-2024";NA;"Data ikke tilgjengelig"
"ENCREC_005";"15";"1557";"Gjemnes";NA;"2018-2024";NA;"Data ikke tilgjengelig"
"ENCREC_005";"15";"1557";"Gjemnes";NA;"2018-2024";NA;"Data ikke tilgjengelig"
"ENCREC_005";"15";"1557";"Gjemnes";NA;"2018-2024";NA;"Data ikke tilgjengelig"
"ENCREC_005";"15";"1557";"Gjemnes";NA;"2018-2024";NA;"Data ikke tilgjengelig"
"ENCREC_005";"15";"1557";"Gjemnes";NA;"2018-2024";NA;"Data ikke tilgjengelig"
"ENCREC_005";"15";"1557";"Gjemnes";NA;"2018-2024";NA;"Data ikke tilgjengelig"
"ENCREC_005";"15";"1560";"Tingvoll";NA;"2018-2024";NA;"Data ikke tilgjengelig"
"ENCREC_005";"15";"1560";"Tingvoll";NA;"2018-2024";NA;"Data ikke tilgjengelig"
"ENCREC_005";"15";"1560";"Tingvoll";NA;"2018-2024";NA;"Data ikke tilgjengelig"
"ENCREC_005";"15";"1560";"Tingvoll";NA;"2018-2024";NA;"Data ikke tilgjengelig"
"ENCREC_005";"15";"1560";"Tingvoll";NA;"2018-2024";NA;"Data ikke tilgjengelig"
"ENCREC_005";"15";"1560";"Tingvoll";NA;"2018-2024";NA;"Data ikke tilgjengelig"
"ENCREC_005";"15";"1560";"Tingvoll";NA;"2018-2024";NA;"Data ikke tilgjengelig"
"ENCREC_005";"15";"1560";"Tingvoll";NA;"2018-2024";NA;"Data ikke tilgjengelig"
"ENCREC_005";"15";"1573";"Smøla";NA;"2018-2024";NA;"Data ikke tilgjengelig"
"ENCREC_005";"15";"1573";"Smøla";NA;"2018-2024";NA;"Data ikke tilgjengelig"
"ENCREC_005";"15";"1573";"Smøla";NA;"2018-2024";NA;"Data ikke tilgjengelig"
"ENCREC_005";"15";"1573";"Smøla";NA;"2018-2024";NA;"Data ikke tilgjengelig"
"ENCREC_005";"15";"1573";"Smøla";NA;"2018-2024";NA;"Data ikke tilgjengelig"
"ENCREC_005";"15";"1573";"Smøla";NA;"2018-2024";NA;"Data ikke tilgjengelig"
"ENCREC_005";"15";"1573";"Smøla";NA;"2018-2024";NA;"Data ikke tilgjengelig"
"ENCREC_005";"15";"1573";"Smøla";NA;"2018-2024";NA;"Data ikke tilgjengelig"
"ENCREC_005";"15";"1576";"Aure";NA;"2018-2024";NA;"Data ikke tilgjengelig"
"ENCREC_005";"15";"1576";"Aure";NA;"2018-2024";NA;"Data ikke tilgjengelig"
"ENCREC_005";"15";"1576";"Aure";NA;"2018-2024";NA;"Data ikke tilgjengelig"
"ENCREC_005";"15";"1576";"Aure";NA;"2018-2024";NA;"Data ikke tilgjengelig"
"ENCREC_005";"15";"1576";"Aure";NA;"2018-2024";NA;"Data ikke tilgjengelig"
"ENCREC_005";"15";"1576";"Aure";NA;"2018-2024";NA;"Data ikke tilgjengelig"
"ENCREC_005";"15";"1576";"Aure";NA;"2018-2024";NA;"Data ikke tilgjengelig"
"ENCREC_005";"15";"1576";"Aure";NA;"2018-2024";NA;"Data ikke tilgjengelig"
"ENCREC_005";"18";"1848";"Steigen";NA;"2018-2024";NA;"Data ikke tilgjengelig"
"ENCREC_005";"18";"1848";"Steigen";NA;"2018-2024";NA;"Data ikke tilgjengelig"
"ENCREC_005";"18";"1848";"Steigen";NA;"2018-2024";NA;"Data ikke tilgjengelig"
"ENCREC_005";"18";"1848";"Steigen";NA;"2018-2024";NA;"Data ikke tilgjengelig"
"ENCREC_005";"18";"1848";"Steigen";NA;"2018-2024";NA;"Data ikke tilgjengelig"
"ENCREC_005";"18";"1848";"Steigen";NA;"2018-2024";NA;"Data ikke tilgjengelig"
"ENCREC_005";"18";"1848";"Steigen";NA;"2018-2024";NA;"Data ikke tilgjengelig"
"ENCREC_005";"18";"1848";"Steigen";NA;"2018-2024";NA;"Data ikke tilgjengelig"
"ENCREC_005";"31";"3116";"Skiptvet";NA;"2018-2024";NA;"Data ikke tilgjengelig"
"ENCREC_005";"31";"3116";"Skiptvet";NA;"2018-2024";NA;"Data ikke tilgjengelig"
"ENCREC_005";"31";"3116";"Skiptvet";NA;"2018-2024";NA;"Data ikke tilgjengelig"
"ENCREC_005";"31";"3116";"Skiptvet";NA;"2018-2024";NA;"Data ikke tilgjengelig"
"ENCREC_005";"31";"3116";"Skiptvet";NA;"2018-2024";NA;"Data ikke tilgjengelig"
"ENCREC_005";"31";"3116";"Skiptvet";NA;"2018-2024";NA;"Data ikke tilgjengelig"
"ENCREC_005";"31";"3116";"Skiptvet";NA;"2018-2024";NA;"Data ikke tilgjengelig"
"ENCREC_005";"31";"3116";"Skiptvet";NA;"2018-2024";NA;"Data ikke tilgjengelig"
"ENCREC_005";"31";"3124";"Aremark";NA;"2018-2024";NA;"Data ikke tilgjengelig"
"ENCREC_005";"31";"3124";"Aremark";NA;"2018-2024";NA;"Data ikke tilgjengelig"
"ENCREC_005";"31";"3124";"Aremark";NA;"2018-2024";NA;"Data ikke tilgjengelig"
"ENCREC_005";"31";"3124";"Aremark";NA;"2018-2024";NA;"Data ikke tilgjengelig"
"ENCREC_005";"31";"3124";"Aremark";NA;"2018-2024";NA;"Data ikke tilgjengelig"
"ENCREC_005";"31";"3124";"Aremark";NA;"2018-2024";NA;"Data ikke tilgjengelig"
"ENCREC_005";"31";"3124";"Aremark";NA;"2018-2024";NA;"Data ikke tilgjengelig"
"ENCREC_005";"31";"3124";"Aremark";NA;"2018-2024";NA;"Data ikke tilgjengelig"
"ENCREC_005";"32";"3222";"Lørenskog";NA;"2018-2024";NA;"Data ikke tilgjengelig"
"ENCREC_005";"32";"3222";"Lørenskog";NA;"2018-2024";NA;"Data ikke tilgjengelig"
"ENCREC_005";"32";"3222";"Lørenskog";NA;"2018-2024";NA;"Data ikke tilgjengelig"
"ENCREC_005";"32";"3222";"Lørenskog";NA;"2018-2024";NA;"Data ikke tilgjengelig"
"ENCREC_005";"32";"3222";"Lørenskog";NA;"2018-2024";NA;"Data ikke tilgjengelig"
"ENCREC_005";"32";"3222";"Lørenskog";NA;"2018-2024";NA;"Data ikke tilgjengelig"
"ENCREC_005";"32";"3222";"Lørenskog";NA;"2018-2024";NA;"Data ikke tilgjengelig"
"ENCREC_005";"32";"3222";"Lørenskog";NA;"2018-2024";NA;"Data ikke tilgjengelig"
"ENCREC_005";"32";"3236";"Jevnaker";NA;"2018-2024";NA;"Data ikke tilgjengelig"
"ENCREC_005";"32";"3236";"Jevnaker";NA;"2018-2024";NA;"Data ikke tilgjengelig"
"ENCREC_005";"32";"3236";"Jevnaker";NA;"2018-2024";NA;"Data ikke tilgjengelig"
"ENCREC_005";"32";"3236";"Jevnaker";NA;"2018-2024";NA;"Data ikke tilgjengelig"
"ENCREC_005";"32";"3236";"Jevnaker";NA;"2018-2024";NA;"Data ikke tilgjengelig"
"ENCREC_005";"32";"3236";"Jevnaker";NA;"2018-2024";NA;"Data ikke tilgjengelig"
"ENCREC_005";"32";"3236";"Jevnaker";NA;"2018-2024";NA;"Data ikke tilgjengelig"
"ENCREC_005";"32";"3236";"Jevnaker";NA;"2018-2024";NA;"Data ikke tilgjengelig"
"ENCREC_005";"33";"3330";"Hol";NA;"2018-2024";NA;"Data ikke tilgjengelig"
"ENCREC_005";"33";"3330";"Hol";NA;"2018-2024";NA;"Data ikke tilgjengelig"
"ENCREC_005";"33";"3330";"Hol";NA;"2018-2024";NA;"Data ikke tilgjengelig"
"ENCREC_005";"33";"3330";"Hol";NA;"2018-2024";NA;"Data ikke tilgjengelig"
"ENCREC_005";"33";"3330";"Hol";NA;"2018-2024";NA;"Data ikke tilgjengelig"
"ENCREC_005";"33";"3330";"Hol";NA;"2018-2024";NA;"Data ikke tilgjengelig"
"ENCREC_005";"33";"3330";"Hol";NA;"2018-2024";NA;"Data ikke tilgjengelig"
"ENCREC_005";"33";"3330";"Hol";NA;"2018-2024";NA;"Data ikke tilgjengelig"
"ENCREC_005";"34";"3407";"Gjøvik";NA;"2018-2024";NA;"Data ikke tilgjengelig"
"ENCREC_005";"34";"3407";"Gjøvik";NA;"2018-2024";NA;"Data ikke tilgjengelig"
"ENCREC_005";"34";"3407";"Gjøvik";NA;"2018-2024";NA;"Data ikke tilgjengelig"
"ENCREC_005";"34";"3407";"Gjøvik";NA;"2018-2024";NA;"Data ikke tilgjengelig"
"ENCREC_005";"34";"3407";"Gjøvik";NA;"2018-2024";NA;"Data ikke tilgjengelig"
"ENCREC_005";"34";"3407";"Gjøvik";NA;"2018-2024";NA;"Data ikke tilgjengelig"
"ENCREC_005";"34";"3407";"Gjøvik";NA;"2018-2024";NA;"Data ikke tilgjengelig"
"ENCREC_005";"34";"3407";"Gjøvik";NA;"2018-2024";NA;"Data ikke tilgjengelig"
"ENCREC_005";"34";"3417";"Grue";NA;"2018-2024";NA;"Data ikke tilgjengelig"
"ENCREC_005";"34";"3417";"Grue";NA;"2018-2024";NA;"Data ikke tilgjengelig"
"ENCREC_005";"34";"3417";"Grue";NA;"2018-2024";NA;"Data ikke tilgjengelig"
"ENCREC_005";"34";"3417";"Grue";NA;"2018-2024";NA;"Data ikke tilgjengelig"
"ENCREC_005";"34";"3417";"Grue";NA;"2018-2024";NA;"Data ikke tilgjengelig"
"ENCREC_005";"34";"3417";"Grue";NA;"2018-2024";NA;"Data ikke tilgjengelig"
"ENCREC_005";"34";"3417";"Grue";NA;"2018-2024";NA;"Data ikke tilgjengelig"
"ENCREC_005";"34";"3417";"Grue";NA;"2018-2024";NA;"Data ikke tilgjengelig"
"ENCREC_005";"34";"3418";"Åsnes";NA;"2018-2024";NA;"Data ikke tilgjengelig"
"ENCREC_005";"34";"3418";"Åsnes";NA;"2018-2024";NA;"Data ikke tilgjengelig"
"ENCREC_005";"34";"3418";"Åsnes";NA;"2018-2024";NA;"Data ikke tilgjengelig"
"ENCREC_005";"34";"3418";"Åsnes";NA;"2018-2024";NA;"Data ikke tilgjengelig"
"ENCREC_005";"34";"3418";"Åsnes";NA;"2018-2024";NA;"Data ikke tilgjengelig"
"ENCREC_005";"34";"3418";"Åsnes";NA;"2018-2024";NA;"Data ikke tilgjengelig"
"ENCREC_005";"34";"3418";"Åsnes";NA;"2018-2024";NA;"Data ikke tilgjengelig"
"ENCREC_005";"34";"3418";"Åsnes";NA;"2018-2024";NA;"Data ikke tilgjengelig"
"ENCREC_005";"34";"3430";"Os";NA;"2018-2024";NA;"Data ikke tilgjengelig"
"ENCREC_005";"34";"3430";"Os";NA;"2018-2024";NA;"Data ikke tilgjengelig"
"ENCREC_005";"34";"3430";"Os";NA;"2018-2024";NA;"Data ikke tilgjengelig"
"ENCREC_005";"34";"3430";"Os";NA;"2018-2024";NA;"Data ikke tilgjengelig"
"ENCREC_005";"34";"3430";"Os";NA;"2018-2024";NA;"Data ikke tilgjengelig"
"ENCREC_005";"34";"3430";"Os";NA;"2018-2024";NA;"Data ikke tilgjengelig"
"ENCREC_005";"34";"3430";"Os";NA;"2018-2024";NA;"Data ikke tilgjengelig"
"ENCREC_005";"34";"3430";"Os";NA;"2018-2024";NA;"Data ikke tilgjengelig"
"ENCREC_005";"34";"3431";"Dovre";NA;"2018-2024";NA;"Data ikke tilgjengelig"
"ENCREC_005";"34";"3431";"Dovre";NA;"2018-2024";NA;"Data ikke tilgjengelig"
"ENCREC_005";"34";"3431";"Dovre";NA;"2018-2024";NA;"Data ikke tilgjengelig"
"ENCREC_005";"34";"3431";"Dovre";NA;"2018-2024";NA;"Data ikke tilgjengelig"
"ENCREC_005";"34";"3431";"Dovre";NA;"2018-2024";NA;"Data ikke tilgjengelig"
"ENCREC_005";"34";"3431";"Dovre";NA;"2018-2024";NA;"Data ikke tilgjengelig"
"ENCREC_005";"34";"3431";"Dovre";NA;"2018-2024";NA;"Data ikke tilgjengelig"
"ENCREC_005";"34";"3431";"Dovre";NA;"2018-2024";NA;"Data ikke tilgjengelig"
"ENCREC_005";"34";"3432";"Lesja";NA;"2018-2024";NA;"Data ikke tilgjengelig"
"ENCREC_005";"34";"3432";"Lesja";NA;"2018-2024";NA;"Data ikke tilgjengelig"
"ENCREC_005";"34";"3432";"Lesja";NA;"2018-2024";NA;"Data ikke tilgjengelig"
"ENCREC_005";"34";"3432";"Lesja";NA;"2018-2024";NA;"Data ikke tilgjengelig"
"ENCREC_005";"34";"3432";"Lesja";NA;"2018-2024";NA;"Data ikke tilgjengelig"
"ENCREC_005";"34";"3432";"Lesja";NA;"2018-2024";NA;"Data ikke tilgjengelig"
"ENCREC_005";"34";"3432";"Lesja";NA;"2018-2024";NA;"Data ikke tilgjengelig"
"ENCREC_005";"34";"3432";"Lesja";NA;"2018-2024";NA;"Data ikke tilgjengelig"
"ENCREC_005";"34";"3434";"Lom";NA;"2018-2024";NA;"Data ikke tilgjengelig"
"ENCREC_005";"34";"3434";"Lom";NA;"2018-2024";NA;"Data ikke tilgjengelig"
"ENCREC_005";"34";"3434";"Lom";NA;"2018-2024";NA;"Data ikke tilgjengelig"
"ENCREC_005";"34";"3434";"Lom";NA;"2018-2024";NA;"Data ikke tilgjengelig"
"ENCREC_005";"34";"3434";"Lom";NA;"2018-2024";NA;"Data ikke tilgjengelig"
"ENCREC_005";"34";"3434";"Lom";NA;"2018-2024";NA;"Data ikke tilgjengelig"
"ENCREC_005";"34";"3434";"Lom";NA;"2018-2024";NA;"Data ikke tilgjengelig"
"ENCREC_005";"34";"3434";"Lom";NA;"2018-2024";NA;"Data ikke tilgjengelig"
"ENCREC_005";"34";"3436";"Nord-Fron";NA;"2018-2024";NA;"Data ikke tilgjengelig"
"ENCREC_005";"34";"3436";"Nord-Fron";NA;"2018-2024";NA;"Data ikke tilgjengelig"
"ENCREC_005";"34";"3436";"Nord-Fron";NA;"2018-2024";NA;"Data ikke tilgjengelig"
"ENCREC_005";"34";"3436";"Nord-Fron";NA;"2018-2024";NA;"Data ikke tilgjengelig"
"ENCREC_005";"34";"3436";"Nord-Fron";NA;"2018-2024";NA;"Data ikke tilgjengelig"
"ENCREC_005";"34";"3436";"Nord-Fron";NA;"2018-2024";NA;"Data ikke tilgjengelig"
"ENCREC_005";"34";"3436";"Nord-Fron";NA;"2018-2024";NA;"Data ikke tilgjengelig"
"ENCREC_005";"34";"3436";"Nord-Fron";NA;"2018-2024";NA;"Data ikke tilgjengelig"
"ENCREC_005";"34";"3438";"Sør-Fron";NA;"2018-2024";NA;"Data ikke tilgjengelig"
"ENCREC_005";"34";"3438";"Sør-Fron";NA;"2018-2024";NA;"Data ikke tilgjengelig"
"ENCREC_005";"34";"3438";"Sør-Fron";NA;"2018-2024";NA;"Data ikke tilgjengelig"
"ENCREC_005";"34";"3438";"Sør-Fron";NA;"2018-2024";NA;"Data ikke tilgjengelig"
"ENCREC_005";"34";"3438";"Sør-Fron";NA;"2018-2024";NA;"Data ikke tilgjengelig"
"ENCREC_005";"34";"3438";"Sør-Fron";NA;"2018-2024";NA;"Data ikke tilgjengelig"
"ENCREC_005";"34";"3438";"Sør-Fron";NA;"2018-2024";NA;"Data ikke tilgjengelig"
"ENCREC_005";"34";"3438";"Sør-Fron";NA;"2018-2024";NA;"Data ikke tilgjengelig"
"ENCREC_005";"34";"3439";"Ringebu";NA;"2018-2024";NA;"Data ikke tilgjengelig"
"ENCREC_005";"34";"3439";"Ringebu";NA;"2018-2024";NA;"Data ikke tilgjengelig"
"ENCREC_005";"34";"3439";"Ringebu";NA;"2018-2024";NA;"Data ikke tilgjengelig"
"ENCREC_005";"34";"3439";"Ringebu";NA;"2018-2024";NA;"Data ikke tilgjengelig"
"ENCREC_005";"34";"3439";"Ringebu";NA;"2018-2024";NA;"Data ikke tilgjengelig"
"ENCREC_005";"34";"3439";"Ringebu";NA;"2018-2024";NA;"Data ikke tilgjengelig"
"ENCREC_005";"34";"3439";"Ringebu";NA;"2018-2024";NA;"Data ikke tilgjengelig"
"ENCREC_005";"34";"3439";"Ringebu";NA;"2018-2024";NA;"Data ikke tilgjengelig"
"ENCREC_005";"34";"3443";"Vestre Toten";NA;"2018-2024";NA;"Data ikke tilgjengelig"
"ENCREC_005";"34";"3443";"Vestre Toten";NA;"2018-2024";NA;"Data ikke tilgjengelig"
"ENCREC_005";"34";"3443";"Vestre Toten";NA;"2018-2024";NA;"Data ikke tilgjengelig"
"ENCREC_005";"34";"3443";"Vestre Toten";NA;"2018-2024";NA;"Data ikke tilgjengelig"
"ENCREC_005";"34";"3443";"Vestre Toten";NA;"2018-2024";NA;"Data ikke tilgjengelig"
"ENCREC_005";"34";"3443";"Vestre Toten";NA;"2018-2024";NA;"Data ikke tilgjengelig"
"ENCREC_005";"34";"3443";"Vestre Toten";NA;"2018-2024";NA;"Data ikke tilgjengelig"
"ENCREC_005";"34";"3443";"Vestre Toten";NA;"2018-2024";NA;"Data ikke tilgjengelig"
"ENCREC_005";"34";"3446";"Gran";NA;"2018-2024";NA;"Data ikke tilgjengelig"
"ENCREC_005";"34";"3446";"Gran";NA;"2018-2024";NA;"Data ikke tilgjengelig"
"ENCREC_005";"34";"3446";"Gran";NA;"2018-2024";NA;"Data ikke tilgjengelig"
"ENCREC_005";"34";"3446";"Gran";NA;"2018-2024";NA;"Data ikke tilgjengelig"
"ENCREC_005";"34";"3446";"Gran";NA;"2018-2024";NA;"Data ikke tilgjengelig"
"ENCREC_005";"34";"3446";"Gran";NA;"2018-2024";NA;"Data ikke tilgjengelig"
"ENCREC_005";"34";"3446";"Gran";NA;"2018-2024";NA;"Data ikke tilgjengelig"
"ENCREC_005";"34";"3446";"Gran";NA;"2018-2024";NA;"Data ikke tilgjengelig"
"ENCREC_005";"34";"3447";"Søndre Land";NA;"2018-2024";NA;"Data ikke tilgjengelig"
"ENCREC_005";"34";"3447";"Søndre Land";NA;"2018-2024";NA;"Data ikke tilgjengelig"
"ENCREC_005";"34";"3447";"Søndre Land";NA;"2018-2024";NA;"Data ikke tilgjengelig"
"ENCREC_005";"34";"3447";"Søndre Land";NA;"2018-2024";NA;"Data ikke tilgjengelig"
"ENCREC_005";"34";"3447";"Søndre Land";NA;"2018-2024";NA;"Data ikke tilgjengelig"
"ENCREC_005";"34";"3447";"Søndre Land";NA;"2018-2024";NA;"Data ikke tilgjengelig"
"ENCREC_005";"34";"3447";"Søndre Land";NA;"2018-2024";NA;"Data ikke tilgjengelig"
"ENCREC_005";"34";"3447";"Søndre Land";NA;"2018-2024";NA;"Data ikke tilgjengelig"
"ENCREC_005";"34";"3448";"Nordre Land";NA;"2018-2024";NA;"Data ikke tilgjengelig"
"ENCREC_005";"34";"3448";"Nordre Land";NA;"2018-2024";NA;"Data ikke tilgjengelig"
"ENCREC_005";"34";"3448";"Nordre Land";NA;"2018-2024";NA;"Data ikke tilgjengelig"
"ENCREC_005";"34";"3448";"Nordre Land";NA;"2018-2024";NA;"Data ikke tilgjengelig"
"ENCREC_005";"34";"3448";"Nordre Land";NA;"2018-2024";NA;"Data ikke tilgjengelig"
"ENCREC_005";"34";"3448";"Nordre Land";NA;"2018-2024";NA;"Data ikke tilgjengelig"
"ENCREC_005";"34";"3448";"Nordre Land";NA;"2018-2024";NA;"Data ikke tilgjengelig"
"ENCREC_005";"34";"3448";"Nordre Land";NA;"2018-2024";NA;"Data ikke tilgjengelig"
"ENCREC_005";"34";"3449";"Sør-Aurdal";NA;"2018-2024";NA;"Data ikke tilgjengelig"
"ENCREC_005";"34";"3449";"Sør-Aurdal";NA;"2018-2024";NA;"Data ikke tilgjengelig"
"ENCREC_005";"34";"3449";"Sør-Aurdal";NA;"2018-2024";NA;"Data ikke tilgjengelig"
"ENCREC_005";"34";"3449";"Sør-Aurdal";NA;"2018-2024";NA;"Data ikke tilgjengelig"
"ENCREC_005";"34";"3449";"Sør-Aurdal";NA;"2018-2024";NA;"Data ikke tilgjengelig"
"ENCREC_005";"34";"3449";"Sør-Aurdal";NA;"2018-2024";NA;"Data ikke tilgjengelig"
"ENCREC_005";"34";"3449";"Sør-Aurdal";NA;"2018-2024";NA;"Data ikke tilgjengelig"
"ENCREC_005";"34";"3449";"Sør-Aurdal";NA;"2018-2024";NA;"Data ikke tilgjengelig"
"ENCREC_005";"34";"3452";"Vestre Slidre";NA;"2018-2024";NA;"Data ikke tilgjengelig"
"ENCREC_005";"34";"3452";"Vestre Slidre";NA;"2018-2024";NA;"Data ikke tilgjengelig"
"ENCREC_005";"34";"3452";"Vestre Slidre";NA;"2018-2024";NA;"Data ikke tilgjengelig"
"ENCREC_005";"34";"3452";"Vestre Slidre";NA;"2018-2024";NA;"Data ikke tilgjengelig"
"ENCREC_005";"34";"3452";"Vestre Slidre";NA;"2018-2024";NA;"Data ikke tilgjengelig"
"ENCREC_005";"34";"3452";"Vestre Slidre";NA;"2018-2024";NA;"Data ikke tilgjengelig"
"ENCREC_005";"34";"3452";"Vestre Slidre";NA;"2018-2024";NA;"Data ikke tilgjengelig"
"ENCREC_005";"34";"3452";"Vestre Slidre";NA;"2018-2024";NA;"Data ikke tilgjengelig"
"ENCREC_005";"34";"3453";"Øystre Slidre";NA;"2018-2024";NA;"Data ikke tilgjengelig"
"ENCREC_005";"34";"3453";"Øystre Slidre";NA;"2018-2024";NA;"Data ikke tilgjengelig"
"ENCREC_005";"34";"3453";"Øystre Slidre";NA;"2018-2024";NA;"Data ikke tilgjengelig"
"ENCREC_005";"34";"3453";"Øystre Slidre";NA;"2018-2024";NA;"Data ikke tilgjengelig"
"ENCREC_005";"34";"3453";"Øystre Slidre";NA;"2018-2024";NA;"Data ikke tilgjengelig"
"ENCREC_005";"34";"3453";"Øystre Slidre";NA;"2018-2024";NA;"Data ikke tilgjengelig"
"ENCREC_005";"34";"3453";"Øystre Slidre";NA;"2018-2024";NA;"Data ikke tilgjengelig"
"ENCREC_005";"34";"3453";"Øystre Slidre";NA;"2018-2024";NA;"Data ikke tilgjengelig"
"ENCREC_005";"40";"4001";"Porsgrunn";NA;"2018-2024";NA;"Data ikke tilgjengelig"
"ENCREC_005";"40";"4001";"Porsgrunn";NA;"2018-2024";NA;"Data ikke tilgjengelig"
"ENCREC_005";"40";"4001";"Porsgrunn";NA;"2018-2024";NA;"Data ikke tilgjengelig"
"ENCREC_005";"40";"4001";"Porsgrunn";NA;"2018-2024";NA;"Data ikke tilgjengelig"
"ENCREC_005";"40";"4001";"Porsgrunn";NA;"2018-2024";NA;"Data ikke tilgjengelig"
"ENCREC_005";"40";"4001";"Porsgrunn";NA;"2018-2024";NA;"Data ikke tilgjengelig"
"ENCREC_005";"40";"4001";"Porsgrunn";NA;"2018-2024";NA;"Data ikke tilgjengelig"
"ENCREC_005";"40";"4001";"Porsgrunn";NA;"2018-2024";NA;"Data ikke tilgjengelig"
"ENCREC_005";"40";"4005";"Notodden";NA;"2018-2024";NA;"Data ikke tilgjengelig"
"ENCREC_005";"40";"4005";"Notodden";NA;"2018-2024";NA;"Data ikke tilgjengelig"
"ENCREC_005";"40";"4005";"Notodden";NA;"2018-2024";NA;"Data ikke tilgjengelig"
"ENCREC_005";"40";"4005";"Notodden";NA;"2018-2024";NA;"Data ikke tilgjengelig"
"ENCREC_005";"40";"4005";"Notodden";NA;"2018-2024";NA;"Data ikke tilgjengelig"
"ENCREC_005";"40";"4005";"Notodden";NA;"2018-2024";NA;"Data ikke tilgjengelig"
"ENCREC_005";"40";"4005";"Notodden";NA;"2018-2024";NA;"Data ikke tilgjengelig"
"ENCREC_005";"40";"4005";"Notodden";NA;"2018-2024";NA;"Data ikke tilgjengelig"
"ENCREC_005";"40";"4018";"Nome";NA;"2018-2024";NA;"Data ikke tilgjengelig"
"ENCREC_005";"40";"4018";"Nome";NA;"2018-2024";NA;"Data ikke tilgjengelig"
"ENCREC_005";"40";"4018";"Nome";NA;"2018-2024";NA;"Data ikke tilgjengelig"
"ENCREC_005";"40";"4018";"Nome";NA;"2018-2024";NA;"Data ikke tilgjengelig"
"ENCREC_005";"40";"4018";"Nome";NA;"2018-2024";NA;"Data ikke tilgjengelig"
"ENCREC_005";"40";"4018";"Nome";NA;"2018-2024";NA;"Data ikke tilgjengelig"
"ENCREC_005";"40";"4018";"Nome";NA;"2018-2024";NA;"Data ikke tilgjengelig"
"ENCREC_005";"40";"4018";"Nome";NA;"2018-2024";NA;"Data ikke tilgjengelig"
"ENCREC_005";"40";"4022";"Seljord";NA;"2018-2024";NA;"Data ikke tilgjengelig"
"ENCREC_005";"40";"4022";"Seljord";NA;"2018-2024";NA;"Data ikke tilgjengelig"
"ENCREC_005";"40";"4022";"Seljord";NA;"2018-2024";NA;"Data ikke tilgjengelig"
"ENCREC_005";"40";"4022";"Seljord";NA;"2018-2024";NA;"Data ikke tilgjengelig"
"ENCREC_005";"40";"4022";"Seljord";NA;"2018-2024";NA;"Data ikke tilgjengelig"
"ENCREC_005";"40";"4022";"Seljord";NA;"2018-2024";NA;"Data ikke tilgjengelig"
"ENCREC_005";"40";"4022";"Seljord";NA;"2018-2024";NA;"Data ikke tilgjengelig"
"ENCREC_005";"40";"4022";"Seljord";NA;"2018-2024";NA;"Data ikke tilgjengelig"
"ENCREC_005";"40";"4024";"Hjartdal";NA;"2018-2024";NA;"Data ikke tilgjengelig"
"ENCREC_005";"40";"4024";"Hjartdal";NA;"2018-2024";NA;"Data ikke tilgjengelig"
"ENCREC_005";"40";"4024";"Hjartdal";NA;"2018-2024";NA;"Data ikke tilgjengelig"
"ENCREC_005";"40";"4024";"Hjartdal";NA;"2018-2024";NA;"Data ikke tilgjengelig"
"ENCREC_005";"40";"4024";"Hjartdal";NA;"2018-2024";NA;"Data ikke tilgjengelig"
"ENCREC_005";"40";"4024";"Hjartdal";NA;"2018-2024";NA;"Data ikke tilgjengelig"
"ENCREC_005";"40";"4024";"Hjartdal";NA;"2018-2024";NA;"Data ikke tilgjengelig"
"ENCREC_005";"40";"4024";"Hjartdal";NA;"2018-2024";NA;"Data ikke tilgjengelig"
"ENCREC_005";"40";"4026";"Tinn";NA;"2018-2024";NA;"Data ikke tilgjengelig"
"ENCREC_005";"40";"4026";"Tinn";NA;"2018-2024";NA;"Data ikke tilgjengelig"
"ENCREC_005";"40";"4026";"Tinn";NA;"2018-2024";NA;"Data ikke tilgjengelig"
"ENCREC_005";"40";"4026";"Tinn";NA;"2018-2024";NA;"Data ikke tilgjengelig"
"ENCREC_005";"40";"4026";"Tinn";NA;"2018-2024";NA;"Data ikke tilgjengelig"
"ENCREC_005";"40";"4026";"Tinn";NA;"2018-2024";NA;"Data ikke tilgjengelig"
"ENCREC_005";"40";"4026";"Tinn";NA;"2018-2024";NA;"Data ikke tilgjengelig"
"ENCREC_005";"40";"4026";"Tinn";NA;"2018-2024";NA;"Data ikke tilgjengelig"
"ENCREC_005";"40";"4028";"Kviteseid";NA;"2018-2024";NA;"Data ikke tilgjengelig"
"ENCREC_005";"40";"4028";"Kviteseid";NA;"2018-2024";NA;"Data ikke tilgjengelig"
"ENCREC_005";"40";"4028";"Kviteseid";NA;"2018-2024";NA;"Data ikke tilgjengelig"
"ENCREC_005";"40";"4028";"Kviteseid";NA;"2018-2024";NA;"Data ikke tilgjengelig"
"ENCREC_005";"40";"4028";"Kviteseid";NA;"2018-2024";NA;"Data ikke tilgjengelig"
"ENCREC_005";"40";"4028";"Kviteseid";NA;"2018-2024";NA;"Data ikke tilgjengelig"
"ENCREC_005";"40";"4028";"Kviteseid";NA;"2018-2024";NA;"Data ikke tilgjengelig"
"ENCREC_005";"40";"4028";"Kviteseid";NA;"2018-2024";NA;"Data ikke tilgjengelig"
"ENCREC_005";"40";"4030";"Nissedal";NA;"2018-2024";NA;"Data ikke tilgjengelig"
"ENCREC_005";"40";"4030";"Nissedal";NA;"2018-2024";NA;"Data ikke tilgjengelig"
"ENCREC_005";"40";"4030";"Nissedal";NA;"2018-2024";NA;"Data ikke tilgjengelig"
"ENCREC_005";"40";"4030";"Nissedal";NA;"2018-2024";NA;"Data ikke tilgjengelig"
"ENCREC_005";"40";"4030";"Nissedal";NA;"2018-2024";NA;"Data ikke tilgjengelig"
"ENCREC_005";"40";"4030";"Nissedal";NA;"2018-2024";NA;"Data ikke tilgjengelig"
"ENCREC_005";"40";"4030";"Nissedal";NA;"2018-2024";NA;"Data ikke tilgjengelig"
"ENCREC_005";"40";"4030";"Nissedal";NA;"2018-2024";NA;"Data ikke tilgjengelig"
"ENCREC_005";"40";"4032";"Fyresdal";NA;"2018-2024";NA;"Data ikke tilgjengelig"
"ENCREC_005";"40";"4032";"Fyresdal";NA;"2018-2024";NA;"Data ikke tilgjengelig"
"ENCREC_005";"40";"4032";"Fyresdal";NA;"2018-2024";NA;"Data ikke tilgjengelig"
"ENCREC_005";"40";"4032";"Fyresdal";NA;"2018-2024";NA;"Data ikke tilgjengelig"
"ENCREC_005";"40";"4032";"Fyresdal";NA;"2018-2024";NA;"Data ikke tilgjengelig"
"ENCREC_005";"40";"4032";"Fyresdal";NA;"2018-2024";NA;"Data ikke tilgjengelig"
"ENCREC_005";"40";"4032";"Fyresdal";NA;"2018-2024";NA;"Data ikke tilgjengelig"
"ENCREC_005";"40";"4032";"Fyresdal";NA;"2018-2024";NA;"Data ikke tilgjengelig"
"ENCREC_005";"40";"4034";"Tokke";NA;"2018-2024";NA;"Data ikke tilgjengelig"
"ENCREC_005";"40";"4034";"Tokke";NA;"2018-2024";NA;"Data ikke tilgjengelig"
"ENCREC_005";"40";"4034";"Tokke";NA;"2018-2024";NA;"Data ikke tilgjengelig"
"ENCREC_005";"40";"4034";"Tokke";NA;"2018-2024";NA;"Data ikke tilgjengelig"
"ENCREC_005";"40";"4034";"Tokke";NA;"2018-2024";NA;"Data ikke tilgjengelig"
"ENCREC_005";"40";"4034";"Tokke";NA;"2018-2024";NA;"Data ikke tilgjengelig"
"ENCREC_005";"40";"4034";"Tokke";NA;"2018-2024";NA;"Data ikke tilgjengelig"
"ENCREC_005";"40";"4034";"Tokke";NA;"2018-2024";NA;"Data ikke tilgjengelig"
"ENCREC_005";"42";"4217";"Åmli";NA;"2018-2024";NA;"Data ikke tilgjengelig"
"ENCREC_005";"42";"4217";"Åmli";NA;"2018-2024";NA;"Data ikke tilgjengelig"
"ENCREC_005";"42";"4217";"Åmli";NA;"2018-2024";NA;"Data ikke tilgjengelig"
"ENCREC_005";"42";"4217";"Åmli";NA;"2018-2024";NA;"Data ikke tilgjengelig"
"ENCREC_005";"42";"4217";"Åmli";NA;"2018-2024";NA;"Data ikke tilgjengelig"
"ENCREC_005";"42";"4217";"Åmli";NA;"2018-2024";NA;"Data ikke tilgjengelig"
"ENCREC_005";"42";"4217";"Åmli";NA;"2018-2024";NA;"Data ikke tilgjengelig"
"ENCREC_005";"42";"4217";"Åmli";NA;"2018-2024";NA;"Data ikke tilgjengelig"
"ENCREC_005";"42";"4218";"Iveland";NA;"2018-2024";NA;"Data ikke tilgjengelig"
"ENCREC_005";"42";"4218";"Iveland";NA;"2018-2024";NA;"Data ikke tilgjengelig"
"ENCREC_005";"42";"4218";"Iveland";NA;"2018-2024";NA;"Data ikke tilgjengelig"
"ENCREC_005";"42";"4218";"Iveland";NA;"2018-2024";NA;"Data ikke tilgjengelig"
"ENCREC_005";"42";"4218";"Iveland";NA;"2018-2024";NA;"Data ikke tilgjengelig"
"ENCREC_005";"42";"4218";"Iveland";NA;"2018-2024";NA;"Data ikke tilgjengelig"
"ENCREC_005";"42";"4218";"Iveland";NA;"2018-2024";NA;"Data ikke tilgjengelig"
"ENCREC_005";"42";"4218";"Iveland";NA;"2018-2024";NA;"Data ikke tilgjengelig"
"ENCREC_005";"42";"4220";"Bygland";NA;"2018-2024";NA;"Data ikke tilgjengelig"
"ENCREC_005";"42";"4220";"Bygland";NA;"2018-2024";NA;"Data ikke tilgjengelig"
"ENCREC_005";"42";"4220";"Bygland";NA;"2018-2024";NA;"Data ikke tilgjengelig"
"ENCREC_005";"42";"4220";"Bygland";NA;"2018-2024";NA;"Data ikke tilgjengelig"
"ENCREC_005";"42";"4220";"Bygland";NA;"2018-2024";NA;"Data ikke tilgjengelig"
"ENCREC_005";"42";"4220";"Bygland";NA;"2018-2024";NA;"Data ikke tilgjengelig"
"ENCREC_005";"42";"4220";"Bygland";NA;"2018-2024";NA;"Data ikke tilgjengelig"
"ENCREC_005";"42";"4220";"Bygland";NA;"2018-2024";NA;"Data ikke tilgjengelig"
"ENCREC_005";"42";"4221";"Valle";NA;"2018-2024";NA;"Data ikke tilgjengelig"
"ENCREC_005";"42";"4221";"Valle";NA;"2018-2024";NA;"Data ikke tilgjengelig"
"ENCREC_005";"42";"4221";"Valle";NA;"2018-2024";NA;"Data ikke tilgjengelig"
"ENCREC_005";"42";"4221";"Valle";NA;"2018-2024";NA;"Data ikke tilgjengelig"
"ENCREC_005";"42";"4221";"Valle";NA;"2018-2024";NA;"Data ikke tilgjengelig"
"ENCREC_005";"42";"4221";"Valle";NA;"2018-2024";NA;"Data ikke tilgjengelig"
"ENCREC_005";"42";"4221";"Valle";NA;"2018-2024";NA;"Data ikke tilgjengelig"
"ENCREC_005";"42";"4221";"Valle";NA;"2018-2024";NA;"Data ikke tilgjengelig"
"ENCREC_005";"42";"4222";"Bykle";NA;"2018-2024";NA;"Data ikke tilgjengelig"
"ENCREC_005";"42";"4222";"Bykle";NA;"2018-2024";NA;"Data ikke tilgjengelig"
"ENCREC_005";"42";"4222";"Bykle";NA;"2018-2024";NA;"Data ikke tilgjengelig"
"ENCREC_005";"42";"4222";"Bykle";NA;"2018-2024";NA;"Data ikke tilgjengelig"
"ENCREC_005";"42";"4222";"Bykle";NA;"2018-2024";NA;"Data ikke tilgjengelig"
"ENCREC_005";"42";"4222";"Bykle";NA;"2018-2024";NA;"Data ikke tilgjengelig"
"ENCREC_005";"42";"4222";"Bykle";NA;"2018-2024";NA;"Data ikke tilgjengelig"
"ENCREC_005";"42";"4222";"Bykle";NA;"2018-2024";NA;"Data ikke tilgjengelig"
"ENCREC_005";"42";"4223";"Vennesla";NA;"2018-2024";NA;"Data ikke tilgjengelig"
"ENCREC_005";"42";"4223";"Vennesla";NA;"2018-2024";NA;"Data ikke tilgjengelig"
"ENCREC_005";"42";"4223";"Vennesla";NA;"2018-2024";NA;"Data ikke tilgjengelig"
"ENCREC_005";"42";"4223";"Vennesla";NA;"2018-2024";NA;"Data ikke tilgjengelig"
"ENCREC_005";"42";"4223";"Vennesla";NA;"2018-2024";NA;"Data ikke tilgjengelig"
"ENCREC_005";"42";"4223";"Vennesla";NA;"2018-2024";NA;"Data ikke tilgjengelig"
"ENCREC_005";"42";"4223";"Vennesla";NA;"2018-2024";NA;"Data ikke tilgjengelig"
"ENCREC_005";"42";"4223";"Vennesla";NA;"2018-2024";NA;"Data ikke tilgjengelig"
"ENCREC_005";"42";"4224";"Åseral";NA;"2018-2024";NA;"Data ikke tilgjengelig"
"ENCREC_005";"42";"4224";"Åseral";NA;"2018-2024";NA;"Data ikke tilgjengelig"
"ENCREC_005";"42";"4224";"Åseral";NA;"2018-2024";NA;"Data ikke tilgjengelig"
"ENCREC_005";"42";"4224";"Åseral";NA;"2018-2024";NA;"Data ikke tilgjengelig"
"ENCREC_005";"42";"4224";"Åseral";NA;"2018-2024";NA;"Data ikke tilgjengelig"
"ENCREC_005";"42";"4224";"Åseral";NA;"2018-2024";NA;"Data ikke tilgjengelig"
"ENCREC_005";"42";"4224";"Åseral";NA;"2018-2024";NA;"Data ikke tilgjengelig"
"ENCREC_005";"42";"4224";"Åseral";NA;"2018-2024";NA;"Data ikke tilgjengelig"
"ENCREC_005";"42";"4226";"Hægebostad";NA;"2018-2024";NA;"Data ikke tilgjengelig"
"ENCREC_005";"42";"4226";"Hægebostad";NA;"2018-2024";NA;"Data ikke tilgjengelig"
"ENCREC_005";"42";"4226";"Hægebostad";NA;"2018-2024";NA;"Data ikke tilgjengelig"
"ENCREC_005";"42";"4226";"Hægebostad";NA;"2018-2024";NA;"Data ikke tilgjengelig"
"ENCREC_005";"42";"4226";"Hægebostad";NA;"2018-2024";NA;"Data ikke tilgjengelig"
"ENCREC_005";"42";"4226";"Hægebostad";NA;"2018-2024";NA;"Data ikke tilgjengelig"
"ENCREC_005";"42";"4226";"Hægebostad";NA;"2018-2024";NA;"Data ikke tilgjengelig"
"ENCREC_005";"42";"4226";"Hægebostad";NA;"2018-2024";NA;"Data ikke tilgjengelig"
"ENCREC_005";"42";"4228";"Sirdal";NA;"2018-2024";NA;"Data ikke tilgjengelig"
"ENCREC_005";"42";"4228";"Sirdal";NA;"2018-2024";NA;"Data ikke tilgjengelig"
"ENCREC_005";"42";"4228";"Sirdal";NA;"2018-2024";NA;"Data ikke tilgjengelig"
"ENCREC_005";"42";"4228";"Sirdal";NA;"2018-2024";NA;"Data ikke tilgjengelig"
"ENCREC_005";"42";"4228";"Sirdal";NA;"2018-2024";NA;"Data ikke tilgjengelig"
"ENCREC_005";"42";"4228";"Sirdal";NA;"2018-2024";NA;"Data ikke tilgjengelig"
"ENCREC_005";"42";"4228";"Sirdal";NA;"2018-2024";NA;"Data ikke tilgjengelig"
"ENCREC_005";"42";"4228";"Sirdal";NA;"2018-2024";NA;"Data ikke tilgjengelig"
"ENCREC_005";"46";"4642";"Lærdal";NA;"2018-2024";NA;"Data ikke tilgjengelig"
"ENCREC_005";"46";"4642";"Lærdal";NA;"2018-2024";NA;"Data ikke tilgjengelig"
"ENCREC_005";"46";"4642";"Lærdal";NA;"2018-2024";NA;"Data ikke tilgjengelig"
"ENCREC_005";"46";"4642";"Lærdal";NA;"2018-2024";NA;"Data ikke tilgjengelig"
"ENCREC_005";"46";"4642";"Lærdal";NA;"2018-2024";NA;"Data ikke tilgjengelig"
"ENCREC_005";"46";"4642";"Lærdal";NA;"2018-2024";NA;"Data ikke tilgjengelig"
"ENCREC_005";"46";"4642";"Lærdal";NA;"2018-2024";NA;"Data ikke tilgjengelig"
"ENCREC_005";"46";"4642";"Lærdal";NA;"2018-2024";NA;"Data ikke tilgjengelig"
"ENCREC_005";"46";"4645";"Askvoll";NA;"2018-2024";NA;"Data ikke tilgjengelig"
"ENCREC_005";"46";"4645";"Askvoll";NA;"2018-2024";NA;"Data ikke tilgjengelig"
"ENCREC_005";"46";"4645";"Askvoll";NA;"2018-2024";NA;"Data ikke tilgjengelig"
"ENCREC_005";"46";"4645";"Askvoll";NA;"2018-2024";NA;"Data ikke tilgjengelig"
"ENCREC_005";"46";"4645";"Askvoll";NA;"2018-2024";NA;"Data ikke tilgjengelig"
"ENCREC_005";"46";"4645";"Askvoll";NA;"2018-2024";NA;"Data ikke tilgjengelig"
"ENCREC_005";"46";"4645";"Askvoll";NA;"2018-2024";NA;"Data ikke tilgjengelig"
"ENCREC_005";"46";"4645";"Askvoll";NA;"2018-2024";NA;"Data ikke tilgjengelig"
"ENCREC_005";"50";"5032";"Selbu";NA;"2018-2024";NA;"Data ikke tilgjengelig"
"ENCREC_005";"50";"5032";"Selbu";NA;"2018-2024";NA;"Data ikke tilgjengelig"
"ENCREC_005";"50";"5032";"Selbu";NA;"2018-2024";NA;"Data ikke tilgjengelig"
"ENCREC_005";"50";"5032";"Selbu";NA;"2018-2024";NA;"Data ikke tilgjengelig"
"ENCREC_005";"50";"5032";"Selbu";NA;"2018-2024";NA;"Data ikke tilgjengelig"
"ENCREC_005";"50";"5032";"Selbu";NA;"2018-2024";NA;"Data ikke tilgjengelig"
"ENCREC_005";"50";"5032";"Selbu";NA;"2018-2024";NA;"Data ikke tilgjengelig"
"ENCREC_005";"50";"5032";"Selbu";NA;"2018-2024";NA;"Data ikke tilgjengelig"
"ENCREC_005";"55";"5514";"Ibestad";NA;"2018-2024";NA;"Data ikke tilgjengelig"
"ENCREC_005";"55";"5514";"Ibestad";NA;"2018-2024";NA;"Data ikke tilgjengelig"
"ENCREC_005";"55";"5514";"Ibestad";NA;"2018-2024";NA;"Data ikke tilgjengelig"
"ENCREC_005";"55";"5514";"Ibestad";NA;"2018-2024";NA;"Data ikke tilgjengelig"
"ENCREC_005";"55";"5514";"Ibestad";NA;"2018-2024";NA;"Data ikke tilgjengelig"
"ENCREC_005";"55";"5514";"Ibestad";NA;"2018-2024";NA;"Data ikke tilgjengelig"
"ENCREC_005";"55";"5514";"Ibestad";NA;"2018-2024";NA;"Data ikke tilgjengelig"
"ENCREC_005";"55";"5514";"Ibestad";NA;"2018-2024";NA;"Data ikke tilgjengelig"
"ENCREC_005";"56";"5610";"Kárášjohka/Karasjok";NA;"2018-2024";NA;"Data ikke tilgjengelig"
"ENCREC_005";"56";"5610";"Kárášjohka/Karasjok";NA;"2018-2024";NA;"Data ikke tilgjengelig"
"ENCREC_005";"56";"5610";"Kárášjohka/Karasjok";NA;"2018-2024";NA;"Data ikke tilgjengelig"
"ENCREC_005";"56";"5610";"Kárášjohka/Karasjok";NA;"2018-2024";NA;"Data ikke tilgjengelig"
"ENCREC_005";"56";"5610";"Kárášjohka/Karasjok";NA;"2018-2024";NA;"Data ikke tilgjengelig"
"ENCREC_005";"56";"5610";"Kárášjohka/Karasjok";NA;"2018-2024";NA;"Data ikke tilgjengelig"
"ENCREC_005";"56";"5610";"Kárášjohka/Karasjok";NA;"2018-2024";NA;"Data ikke tilgjengelig"
"ENCREC_005";"56";"5610";"Kárášjohka/Karasjok";NA;"2018-2024";NA;"Data ikke tilgjengelig"
"ENCREC_005";"56";"5626";"Gamvik";NA;"2018-2024";NA;"Data ikke tilgjengelig"
"ENCREC_005";"56";"5626";"Gamvik";NA;"2018-2024";NA;"Data ikke tilgjengelig"
"ENCREC_005";"56";"5626";"Gamvik";NA;"2018-2024";NA;"Data ikke tilgjengelig"
"ENCREC_005";"56";"5626";"Gamvik";NA;"2018-2024";NA;"Data ikke tilgjengelig"
"ENCREC_005";"56";"5626";"Gamvik";NA;"2018-2024";NA;"Data ikke tilgjengelig"
"ENCREC_005";"56";"5626";"Gamvik";NA;"2018-2024";NA;"Data ikke tilgjengelig"
"ENCREC_005";"56";"5626";"Gamvik";NA;"2018-2024";NA;"Data ikke tilgjengelig"
"ENCREC_005";"56";"5626";"Gamvik";NA;"2018-2024";NA;"Data ikke tilgjengelig"
"ENCREC_006";"11";"1106";"Haugesund";"Ingen";"2018-2024";0;"Data ikke tilgjengelig"
"ENCREC_006";"11";"1106";"Haugesund";"Ingen";"2018-2024";0;"Data ikke tilgjengelig"
"ENCREC_006";"11";"1106";"Haugesund";"Ingen";"2018-2024";0;"Data ikke tilgjengelig"
"ENCREC_006";"11";"1106";"Haugesund";"Ingen";"2018-2024";0;"Data ikke tilgjengelig"
"ENCREC_006";"11";"1106";"Haugesund";"Ingen";"2018-2024";0;"Data ikke tilgjengelig"
"ENCREC_006";"11";"1106";"Haugesund";"Ingen";"2018-2024";0;"Data ikke tilgjengelig"
"ENCREC_006";"11";"1106";"Haugesund";"Ingen";"2018-2024";0;"Data ikke tilgjengelig"
"ENCREC_006";"11";"1106";"Haugesund";"Ingen";"2018-2024";NA;"Data ikke tilgjengelig"
"ENCREC_006";"11";"1120";"Klepp";"Ingen";"2018-2024";0;"Data ikke tilgjengelig"
"ENCREC_006";"11";"1120";"Klepp";"Ingen";"2018-2024";0;"Data ikke tilgjengelig"
"ENCREC_006";"11";"1120";"Klepp";"Ingen";"2018-2024";0;"Data ikke tilgjengelig"
"ENCREC_006";"11";"1120";"Klepp";"Ingen";"2018-2024";0;"Data ikke tilgjengelig"
"ENCREC_006";"11";"1120";"Klepp";"Ingen";"2018-2024";0;"Data ikke tilgjengelig"
"ENCREC_006";"11";"1120";"Klepp";"Ingen";"2018-2024";0;"Data ikke tilgjengelig"
"ENCREC_006";"11";"1120";"Klepp";"Ingen";"2018-2024";0;"Data ikke tilgjengelig"
"ENCREC_006";"11";"1120";"Klepp";"Ingen";"2018-2024";NA;"Data ikke tilgjengelig"
"ENCREC_006";"11";"1121";"Time";"Ingen";"2018-2024";0;"Data ikke tilgjengelig"
"ENCREC_006";"11";"1121";"Time";"Ingen";"2018-2024";0;"Data ikke tilgjengelig"
"ENCREC_006";"11";"1121";"Time";"Ingen";"2018-2024";0;"Data ikke tilgjengelig"
"ENCREC_006";"11";"1121";"Time";"Ingen";"2018-2024";0;"Data ikke tilgjengelig"
"ENCREC_006";"11";"1121";"Time";"Ingen";"2018-2024";0;"Data ikke tilgjengelig"
"ENCREC_006";"11";"1121";"Time";"Ingen";"2018-2024";0;"Data ikke tilgjengelig"
"ENCREC_006";"11";"1121";"Time";"Ingen";"2018-2024";0;"Data ikke tilgjengelig"
"ENCREC_006";"11";"1121";"Time";"Ingen";"2018-2024";NA;"Data ikke tilgjengelig"
"ENCREC_006";"11";"1122";"Gjesdal";"Ingen";"2018-2024";0;"Data ikke tilgjengelig"
"ENCREC_006";"11";"1122";"Gjesdal";"Ingen";"2018-2024";0;"Data ikke tilgjengelig"
"ENCREC_006";"11";"1122";"Gjesdal";"Ingen";"2018-2024";0;"Data ikke tilgjengelig"
"ENCREC_006";"11";"1122";"Gjesdal";"Ingen";"2018-2024";0;"Data ikke tilgjengelig"
"ENCREC_006";"11";"1122";"Gjesdal";"Ingen";"2018-2024";0;"Data ikke tilgjengelig"
"ENCREC_006";"11";"1122";"Gjesdal";"Ingen";"2018-2024";0;"Data ikke tilgjengelig"
"ENCREC_006";"11";"1122";"Gjesdal";"Ingen";"2018-2024";0;"Data ikke tilgjengelig"
"ENCREC_006";"11";"1122";"Gjesdal";"Ingen";"2018-2024";NA;"Data ikke tilgjengelig"
"ENCREC_006";"11";"1127";"Randaberg";"Ingen";"2018-2024";0;"Data ikke tilgjengelig"
"ENCREC_006";"11";"1127";"Randaberg";"Ingen";"2018-2024";0;"Data ikke tilgjengelig"
"ENCREC_006";"11";"1127";"Randaberg";"Ingen";"2018-2024";0;"Data ikke tilgjengelig"
"ENCREC_006";"11";"1127";"Randaberg";"Ingen";"2018-2024";0;"Data ikke tilgjengelig"
"ENCREC_006";"11";"1127";"Randaberg";"Ingen";"2018-2024";0;"Data ikke tilgjengelig"
"ENCREC_006";"11";"1127";"Randaberg";"Ingen";"2018-2024";0;"Data ikke tilgjengelig"
"ENCREC_006";"11";"1127";"Randaberg";"Ingen";"2018-2024";0;"Data ikke tilgjengelig"
"ENCREC_006";"11";"1127";"Randaberg";"Ingen";"2018-2024";NA;"Data ikke tilgjengelig"
"ENCREC_006";"11";"1133";"Hjelmeland";"Ingen";"2018-2024";0;"Data ikke tilgjengelig"
"ENCREC_006";"11";"1133";"Hjelmeland";"Ingen";"2018-2024";0;"Data ikke tilgjengelig"
"ENCREC_006";"11";"1133";"Hjelmeland";"Ingen";"2018-2024";0;"Data ikke tilgjengelig"
"ENCREC_006";"11";"1133";"Hjelmeland";"Ingen";"2018-2024";0;"Data ikke tilgjengelig"
"ENCREC_006";"11";"1133";"Hjelmeland";"Ingen";"2018-2024";0;"Data ikke tilgjengelig"
"ENCREC_006";"11";"1133";"Hjelmeland";"Ingen";"2018-2024";0;"Data ikke tilgjengelig"
"ENCREC_006";"11";"1133";"Hjelmeland";"Ingen";"2018-2024";0;"Data ikke tilgjengelig"
"ENCREC_006";"11";"1133";"Hjelmeland";"Ingen";"2018-2024";NA;"Data ikke tilgjengelig"
"ENCREC_006";"11";"1144";"Kvitsøy";"Ingen";"2018-2024";0;"Data ikke tilgjengelig"
"ENCREC_006";"11";"1144";"Kvitsøy";"Ingen";"2018-2024";0;"Data ikke tilgjengelig"
"ENCREC_006";"11";"1144";"Kvitsøy";"Ingen";"2018-2024";0;"Data ikke tilgjengelig"
"ENCREC_006";"11";"1144";"Kvitsøy";"Ingen";"2018-2024";0;"Data ikke tilgjengelig"
"ENCREC_006";"11";"1144";"Kvitsøy";"Ingen";"2018-2024";0;"Data ikke tilgjengelig"
"ENCREC_006";"11";"1144";"Kvitsøy";"Ingen";"2018-2024";0;"Data ikke tilgjengelig"
"ENCREC_006";"11";"1144";"Kvitsøy";"Ingen";"2018-2024";0;"Data ikke tilgjengelig"
"ENCREC_006";"11";"1144";"Kvitsøy";"Ingen";"2018-2024";NA;"Data ikke tilgjengelig"
"ENCREC_006";"11";"1146";"Tysvær";"Ingen";"2018-2024";0;"Data ikke tilgjengelig"
"ENCREC_006";"11";"1146";"Tysvær";"Ingen";"2018-2024";0;"Data ikke tilgjengelig"
"ENCREC_006";"11";"1146";"Tysvær";"Ingen";"2018-2024";0;"Data ikke tilgjengelig"
"ENCREC_006";"11";"1146";"Tysvær";"Ingen";"2018-2024";0;"Data ikke tilgjengelig"
"ENCREC_006";"11";"1146";"Tysvær";"Ingen";"2018-2024";0;"Data ikke tilgjengelig"
"ENCREC_006";"11";"1146";"Tysvær";"Ingen";"2018-2024";0;"Data ikke tilgjengelig"
"ENCREC_006";"11";"1146";"Tysvær";"Ingen";"2018-2024";0;"Data ikke tilgjengelig"
"ENCREC_006";"11";"1146";"Tysvær";"Ingen";"2018-2024";NA;"Data ikke tilgjengelig"
"ENCREC_006";"11";"1160";"Vindafjord";"Ingen";"2018-2024";0;"Data ikke tilgjengelig"
"ENCREC_006";"11";"1160";"Vindafjord";"Ingen";"2018-2024";0;"Data ikke tilgjengelig"
"ENCREC_006";"11";"1160";"Vindafjord";"Ingen";"2018-2024";0;"Data ikke tilgjengelig"
"ENCREC_006";"11";"1160";"Vindafjord";"Ingen";"2018-2024";0;"Data ikke tilgjengelig"
"ENCREC_006";"11";"1160";"Vindafjord";"Ingen";"2018-2024";0;"Data ikke tilgjengelig"
"ENCREC_006";"11";"1160";"Vindafjord";"Ingen";"2018-2024";0;"Data ikke tilgjengelig"
"ENCREC_006";"11";"1160";"Vindafjord";"Ingen";"2018-2024";0;"Data ikke tilgjengelig"
"ENCREC_006";"11";"1160";"Vindafjord";"Ingen";"2018-2024";NA;"Data ikke tilgjengelig"
"ENCREC_006";"15";"1516";"Ulstein";"Ingen";"2018-2024";0;"Data ikke tilgjengelig"
"ENCREC_006";"15";"1516";"Ulstein";"Ingen";"2018-2024";0;"Data ikke tilgjengelig"
"ENCREC_006";"15";"1516";"Ulstein";"Ingen";"2018-2024";0;"Data ikke tilgjengelig"
"ENCREC_006";"15";"1516";"Ulstein";"Ingen";"2018-2024";0;"Data ikke tilgjengelig"
"ENCREC_006";"15";"1516";"Ulstein";"Ingen";"2018-2024";0;"Data ikke tilgjengelig"
"ENCREC_006";"15";"1516";"Ulstein";"Ingen";"2018-2024";0;"Data ikke tilgjengelig"
"ENCREC_006";"15";"1516";"Ulstein";"Ingen";"2018-2024";0;"Data ikke tilgjengelig"
"ENCREC_006";"15";"1516";"Ulstein";"Ingen";"2018-2024";NA;"Data ikke tilgjengelig"
"ENCREC_006";"15";"1517";"Hareid";"Ingen";"2018-2024";0;"Data ikke tilgjengelig"
"ENCREC_006";"15";"1517";"Hareid";"Ingen";"2018-2024";0;"Data ikke tilgjengelig"
"ENCREC_006";"15";"1517";"Hareid";"Ingen";"2018-2024";0;"Data ikke tilgjengelig"
"ENCREC_006";"15";"1517";"Hareid";"Ingen";"2018-2024";0;"Data ikke tilgjengelig"
"ENCREC_006";"15";"1517";"Hareid";"Ingen";"2018-2024";0;"Data ikke tilgjengelig"
"ENCREC_006";"15";"1517";"Hareid";"Ingen";"2018-2024";0;"Data ikke tilgjengelig"
"ENCREC_006";"15";"1517";"Hareid";"Ingen";"2018-2024";0;"Data ikke tilgjengelig"
"ENCREC_006";"15";"1517";"Hareid";"Ingen";"2018-2024";NA;"Data ikke tilgjengelig"
"ENCREC_006";"15";"1520";"Ørsta";"Ingen";"2018-2024";0;"Data ikke tilgjengelig"
"ENCREC_006";"15";"1520";"Ørsta";"Ingen";"2018-2024";0;"Data ikke tilgjengelig"
"ENCREC_006";"15";"1520";"Ørsta";"Ingen";"2018-2024";0;"Data ikke tilgjengelig"
"ENCREC_006";"15";"1520";"Ørsta";"Ingen";"2018-2024";0;"Data ikke tilgjengelig"
"ENCREC_006";"15";"1520";"Ørsta";"Ingen";"2018-2024";0;"Data ikke tilgjengelig"
"ENCREC_006";"15";"1520";"Ørsta";"Ingen";"2018-2024";0;"Data ikke tilgjengelig"
"ENCREC_006";"15";"1520";"Ørsta";"Ingen";"2018-2024";0;"Data ikke tilgjengelig"
"ENCREC_006";"15";"1520";"Ørsta";"Ingen";"2018-2024";NA;"Data ikke tilgjengelig"
"ENCREC_006";"15";"1563";"Sunndal";"Ingen";"2018-2024";0;"Data ikke tilgjengelig"
"ENCREC_006";"15";"1563";"Sunndal";"Ingen";"2018-2024";0;"Data ikke tilgjengelig"
"ENCREC_006";"15";"1563";"Sunndal";"Ingen";"2018-2024";0;"Data ikke tilgjengelig"
"ENCREC_006";"15";"1563";"Sunndal";"Ingen";"2018-2024";0;"Data ikke tilgjengelig"
"ENCREC_006";"15";"1563";"Sunndal";"Ingen";"2018-2024";0;"Data ikke tilgjengelig"
"ENCREC_006";"15";"1563";"Sunndal";"Ingen";"2018-2024";0;"Data ikke tilgjengelig"
"ENCREC_006";"15";"1563";"Sunndal";"Ingen";"2018-2024";0;"Data ikke tilgjengelig"
"ENCREC_006";"15";"1563";"Sunndal";"Ingen";"2018-2024";NA;"Data ikke tilgjengelig"
"ENCREC_006";"15";"1566";"Surnadal";"Ingen";"2018-2024";0;"Data ikke tilgjengelig"
"ENCREC_006";"15";"1566";"Surnadal";"Ingen";"2018-2024";0;"Data ikke tilgjengelig"
"ENCREC_006";"15";"1566";"Surnadal";"Ingen";"2018-2024";0;"Data ikke tilgjengelig"
"ENCREC_006";"15";"1566";"Surnadal";"Ingen";"2018-2024";0;"Data ikke tilgjengelig"
"ENCREC_006";"15";"1566";"Surnadal";"Ingen";"2018-2024";0;"Data ikke tilgjengelig"
"ENCREC_006";"15";"1566";"Surnadal";"Ingen";"2018-2024";0;"Data ikke tilgjengelig"
"ENCREC_006";"15";"1566";"Surnadal";"Ingen";"2018-2024";0;"Data ikke tilgjengelig"
"ENCREC_006";"15";"1566";"Surnadal";"Ingen";"2018-2024";NA;"Data ikke tilgjengelig"
"ENCREC_006";"15";"1577";"Volda";"Ingen";"2018-2024";0;"Data ikke tilgjengelig"
"ENCREC_006";"15";"1577";"Volda";"Ingen";"2018-2024";0;"Data ikke tilgjengelig"
"ENCREC_006";"15";"1577";"Volda";"Ingen";"2018-2024";0;"Data ikke tilgjengelig"
"ENCREC_006";"15";"1577";"Volda";"Ingen";"2018-2024";0;"Data ikke tilgjengelig"
"ENCREC_006";"15";"1577";"Volda";"Ingen";"2018-2024";0;"Data ikke tilgjengelig"
"ENCREC_006";"15";"1577";"Volda";"Ingen";"2018-2024";0;"Data ikke tilgjengelig"
"ENCREC_006";"15";"1577";"Volda";"Ingen";"2018-2024";0;"Data ikke tilgjengelig"
"ENCREC_006";"15";"1577";"Volda";"Ingen";"2018-2024";NA;"Data ikke tilgjengelig"
"ENCREC_006";"18";"1806";"Narvik";"Ingen";"2018-2024";0;"Data ikke tilgjengelig"
"ENCREC_006";"18";"1806";"Narvik";"Ingen";"2018-2024";0;"Data ikke tilgjengelig"
"ENCREC_006";"18";"1806";"Narvik";"Ingen";"2018-2024";0;"Data ikke tilgjengelig"
"ENCREC_006";"18";"1806";"Narvik";"Ingen";"2018-2024";0;"Data ikke tilgjengelig"
"ENCREC_006";"18";"1806";"Narvik";"Ingen";"2018-2024";0;"Data ikke tilgjengelig"
"ENCREC_006";"18";"1806";"Narvik";"Ingen";"2018-2024";0;"Data ikke tilgjengelig"
"ENCREC_006";"18";"1806";"Narvik";"Ingen";"2018-2024";0;"Data ikke tilgjengelig"
"ENCREC_006";"18";"1806";"Narvik";"Ingen";"2018-2024";NA;"Data ikke tilgjengelig"
"ENCREC_006";"18";"1811";"Bindal";"Ingen";"2018-2024";0;"Data ikke tilgjengelig"
"ENCREC_006";"18";"1811";"Bindal";"Ingen";"2018-2024";0;"Data ikke tilgjengelig"
"ENCREC_006";"18";"1811";"Bindal";"Ingen";"2018-2024";0;"Data ikke tilgjengelig"
"ENCREC_006";"18";"1811";"Bindal";"Ingen";"2018-2024";0;"Data ikke tilgjengelig"
"ENCREC_006";"18";"1811";"Bindal";"Ingen";"2018-2024";0;"Data ikke tilgjengelig"
"ENCREC_006";"18";"1811";"Bindal";"Ingen";"2018-2024";0;"Data ikke tilgjengelig"
"ENCREC_006";"18";"1811";"Bindal";"Ingen";"2018-2024";0;"Data ikke tilgjengelig"
"ENCREC_006";"18";"1811";"Bindal";"Ingen";"2018-2024";NA;"Data ikke tilgjengelig"
"ENCREC_006";"18";"1812";"Sømna";"Ingen";"2018-2024";0;"Data ikke tilgjengelig"
"ENCREC_006";"18";"1812";"Sømna";"Ingen";"2018-2024";0;"Data ikke tilgjengelig"
"ENCREC_006";"18";"1812";"Sømna";"Ingen";"2018-2024";0;"Data ikke tilgjengelig"
"ENCREC_006";"18";"1812";"Sømna";"Ingen";"2018-2024";0;"Data ikke tilgjengelig"
"ENCREC_006";"18";"1812";"Sømna";"Ingen";"2018-2024";0;"Data ikke tilgjengelig"
"ENCREC_006";"18";"1812";"Sømna";"Ingen";"2018-2024";0;"Data ikke tilgjengelig"
"ENCREC_006";"18";"1812";"Sømna";"Ingen";"2018-2024";0;"Data ikke tilgjengelig"
"ENCREC_006";"18";"1812";"Sømna";"Ingen";"2018-2024";NA;"Data ikke tilgjengelig"
"ENCREC_006";"18";"1813";"Brønnøy";"Ingen";"2018-2024";0;"Data ikke tilgjengelig"
"ENCREC_006";"18";"1813";"Brønnøy";"Ingen";"2018-2024";0;"Data ikke tilgjengelig"
"ENCREC_006";"18";"1813";"Brønnøy";"Ingen";"2018-2024";0;"Data ikke tilgjengelig"
"ENCREC_006";"18";"1813";"Brønnøy";"Ingen";"2018-2024";0;"Data ikke tilgjengelig"
"ENCREC_006";"18";"1813";"Brønnøy";"Ingen";"2018-2024";0;"Data ikke tilgjengelig"
"ENCREC_006";"18";"1813";"Brønnøy";"Ingen";"2018-2024";0;"Data ikke tilgjengelig"
"ENCREC_006";"18";"1813";"Brønnøy";"Ingen";"2018-2024";0;"Data ikke tilgjengelig"
"ENCREC_006";"18";"1813";"Brønnøy";"Ingen";"2018-2024";NA;"Data ikke tilgjengelig"
"ENCREC_006";"18";"1815";"Vega";"Ingen";"2018-2024";0;"Data ikke tilgjengelig"
"ENCREC_006";"18";"1815";"Vega";"Ingen";"2018-2024";0;"Data ikke tilgjengelig"
"ENCREC_006";"18";"1815";"Vega";"Ingen";"2018-2024";0;"Data ikke tilgjengelig"
"ENCREC_006";"18";"1815";"Vega";"Ingen";"2018-2024";0;"Data ikke tilgjengelig"
"ENCREC_006";"18";"1815";"Vega";"Ingen";"2018-2024";0;"Data ikke tilgjengelig"
"ENCREC_006";"18";"1815";"Vega";"Ingen";"2018-2024";0;"Data ikke tilgjengelig"
"ENCREC_006";"18";"1815";"Vega";"Ingen";"2018-2024";0;"Data ikke tilgjengelig"
"ENCREC_006";"18";"1815";"Vega";"Ingen";"2018-2024";NA;"Data ikke tilgjengelig"
"ENCREC_006";"18";"1816";"Vevelstad";"Ingen";"2018-2024";0;"Data ikke tilgjengelig"
"ENCREC_006";"18";"1816";"Vevelstad";"Ingen";"2018-2024";0;"Data ikke tilgjengelig"
"ENCREC_006";"18";"1816";"Vevelstad";"Ingen";"2018-2024";0;"Data ikke tilgjengelig"
"ENCREC_006";"18";"1816";"Vevelstad";"Ingen";"2018-2024";0;"Data ikke tilgjengelig"
"ENCREC_006";"18";"1816";"Vevelstad";"Ingen";"2018-2024";0;"Data ikke tilgjengelig"
"ENCREC_006";"18";"1816";"Vevelstad";"Ingen";"2018-2024";0;"Data ikke tilgjengelig"
"ENCREC_006";"18";"1816";"Vevelstad";"Ingen";"2018-2024";0;"Data ikke tilgjengelig"
"ENCREC_006";"18";"1816";"Vevelstad";"Ingen";"2018-2024";NA;"Data ikke tilgjengelig"
"ENCREC_006";"18";"1820";"Alstahaug";"Ingen";"2018-2024";0;"Data ikke tilgjengelig"
"ENCREC_006";"18";"1820";"Alstahaug";"Ingen";"2018-2024";0;"Data ikke tilgjengelig"
"ENCREC_006";"18";"1820";"Alstahaug";"Ingen";"2018-2024";0;"Data ikke tilgjengelig"
"ENCREC_006";"18";"1820";"Alstahaug";"Ingen";"2018-2024";0;"Data ikke tilgjengelig"
"ENCREC_006";"18";"1820";"Alstahaug";"Ingen";"2018-2024";0;"Data ikke tilgjengelig"
"ENCREC_006";"18";"1820";"Alstahaug";"Ingen";"2018-2024";0;"Data ikke tilgjengelig"
"ENCREC_006";"18";"1820";"Alstahaug";"Ingen";"2018-2024";0;"Data ikke tilgjengelig"
"ENCREC_006";"18";"1820";"Alstahaug";"Ingen";"2018-2024";NA;"Data ikke tilgjengelig"
"ENCREC_006";"18";"1822";"Leirfjord";"Ingen";"2018-2024";0;"Data ikke tilgjengelig"
"ENCREC_006";"18";"1822";"Leirfjord";"Ingen";"2018-2024";0;"Data ikke tilgjengelig"
"ENCREC_006";"18";"1822";"Leirfjord";"Ingen";"2018-2024";0;"Data ikke tilgjengelig"
"ENCREC_006";"18";"1822";"Leirfjord";"Ingen";"2018-2024";0;"Data ikke tilgjengelig"
"ENCREC_006";"18";"1822";"Leirfjord";"Ingen";"2018-2024";0;"Data ikke tilgjengelig"
"ENCREC_006";"18";"1822";"Leirfjord";"Ingen";"2018-2024";0;"Data ikke tilgjengelig"
"ENCREC_006";"18";"1822";"Leirfjord";"Ingen";"2018-2024";0;"Data ikke tilgjengelig"
"ENCREC_006";"18";"1822";"Leirfjord";"Ingen";"2018-2024";NA;"Data ikke tilgjengelig"
"ENCREC_006";"18";"1824";"Vefsn";"Ingen";"2018-2024";0;"Data ikke tilgjengelig"
"ENCREC_006";"18";"1824";"Vefsn";"Ingen";"2018-2024";0;"Data ikke tilgjengelig"
"ENCREC_006";"18";"1824";"Vefsn";"Ingen";"2018-2024";0;"Data ikke tilgjengelig"
"ENCREC_006";"18";"1824";"Vefsn";"Ingen";"2018-2024";0;"Data ikke tilgjengelig"
"ENCREC_006";"18";"1824";"Vefsn";"Ingen";"2018-2024";0;"Data ikke tilgjengelig"
"ENCREC_006";"18";"1824";"Vefsn";"Ingen";"2018-2024";0;"Data ikke tilgjengelig"
"ENCREC_006";"18";"1824";"Vefsn";"Ingen";"2018-2024";0;"Data ikke tilgjengelig"
"ENCREC_006";"18";"1824";"Vefsn";"Ingen";"2018-2024";NA;"Data ikke tilgjengelig"
"ENCREC_006";"18";"1825";"Grane";"Ingen";"2018-2024";0;"Data ikke tilgjengelig"
"ENCREC_006";"18";"1825";"Grane";"Ingen";"2018-2024";0;"Data ikke tilgjengelig"
"ENCREC_006";"18";"1825";"Grane";"Ingen";"2018-2024";0;"Data ikke tilgjengelig"
"ENCREC_006";"18";"1825";"Grane";"Ingen";"2018-2024";0;"Data ikke tilgjengelig"
"ENCREC_006";"18";"1825";"Grane";"Ingen";"2018-2024";0;"Data ikke tilgjengelig"
"ENCREC_006";"18";"1825";"Grane";"Ingen";"2018-2024";0;"Data ikke tilgjengelig"
"ENCREC_006";"18";"1825";"Grane";"Ingen";"2018-2024";0;"Data ikke tilgjengelig"
"ENCREC_006";"18";"1825";"Grane";"Ingen";"2018-2024";NA;"Data ikke tilgjengelig"
"ENCREC_006";"18";"1826";"Aarborte/Hattfjelldal";"Ingen";"2018-2024";0;"Data ikke tilgjengelig"
"ENCREC_006";"18";"1826";"Aarborte/Hattfjelldal";"Ingen";"2018-2024";0;"Data ikke tilgjengelig"
"ENCREC_006";"18";"1826";"Aarborte/Hattfjelldal";"Ingen";"2018-2024";0;"Data ikke tilgjengelig"
"ENCREC_006";"18";"1826";"Aarborte/Hattfjelldal";"Ingen";"2018-2024";0;"Data ikke tilgjengelig"
"ENCREC_006";"18";"1826";"Aarborte/Hattfjelldal";"Ingen";"2018-2024";0;"Data ikke tilgjengelig"
"ENCREC_006";"18";"1826";"Aarborte/Hattfjelldal";"Ingen";"2018-2024";0;"Data ikke tilgjengelig"
"ENCREC_006";"18";"1826";"Aarborte/Hattfjelldal";"Ingen";"2018-2024";0;"Data ikke tilgjengelig"
"ENCREC_006";"18";"1826";"Aarborte/Hattfjelldal";"Ingen";"2018-2024";NA;"Data ikke tilgjengelig"
"ENCREC_006";"18";"1827";"Dønna";"Ingen";"2018-2024";0;"Data ikke tilgjengelig"
"ENCREC_006";"18";"1827";"Dønna";"Ingen";"2018-2024";0;"Data ikke tilgjengelig"
"ENCREC_006";"18";"1827";"Dønna";"Ingen";"2018-2024";0;"Data ikke tilgjengelig"
"ENCREC_006";"18";"1827";"Dønna";"Ingen";"2018-2024";0;"Data ikke tilgjengelig"
"ENCREC_006";"18";"1827";"Dønna";"Ingen";"2018-2024";0;"Data ikke tilgjengelig"
"ENCREC_006";"18";"1827";"Dønna";"Ingen";"2018-2024";0;"Data ikke tilgjengelig"
"ENCREC_006";"18";"1827";"Dønna";"Ingen";"2018-2024";0;"Data ikke tilgjengelig"
"ENCREC_006";"18";"1827";"Dønna";"Ingen";"2018-2024";NA;"Data ikke tilgjengelig"
"ENCREC_006";"18";"1828";"Nesna";"Ingen";"2018-2024";0;"Data ikke tilgjengelig"
"ENCREC_006";"18";"1828";"Nesna";"Ingen";"2018-2024";0;"Data ikke tilgjengelig"
"ENCREC_006";"18";"1828";"Nesna";"Ingen";"2018-2024";0;"Data ikke tilgjengelig"
"ENCREC_006";"18";"1828";"Nesna";"Ingen";"2018-2024";0;"Data ikke tilgjengelig"
"ENCREC_006";"18";"1828";"Nesna";"Ingen";"2018-2024";0;"Data ikke tilgjengelig"
"ENCREC_006";"18";"1828";"Nesna";"Ingen";"2018-2024";0;"Data ikke tilgjengelig"
"ENCREC_006";"18";"1828";"Nesna";"Ingen";"2018-2024";0;"Data ikke tilgjengelig"
"ENCREC_006";"18";"1828";"Nesna";"Ingen";"2018-2024";NA;"Data ikke tilgjengelig"
"ENCREC_006";"18";"1832";"Hemnes";"Ingen";"2018-2024";0;"Data ikke tilgjengelig"
"ENCREC_006";"18";"1832";"Hemnes";"Ingen";"2018-2024";0;"Data ikke tilgjengelig"
"ENCREC_006";"18";"1832";"Hemnes";"Ingen";"2018-2024";0;"Data ikke tilgjengelig"
"ENCREC_006";"18";"1832";"Hemnes";"Ingen";"2018-2024";0;"Data ikke tilgjengelig"
"ENCREC_006";"18";"1832";"Hemnes";"Ingen";"2018-2024";0;"Data ikke tilgjengelig"
"ENCREC_006";"18";"1832";"Hemnes";"Ingen";"2018-2024";0;"Data ikke tilgjengelig"
"ENCREC_006";"18";"1832";"Hemnes";"Ingen";"2018-2024";0;"Data ikke tilgjengelig"
"ENCREC_006";"18";"1832";"Hemnes";"Ingen";"2018-2024";NA;"Data ikke tilgjengelig"
"ENCREC_006";"18";"1833";"Rana";"Ingen";"2018-2024";0;"Data ikke tilgjengelig"
"ENCREC_006";"18";"1833";"Rana";"Ingen";"2018-2024";0;"Data ikke tilgjengelig"
"ENCREC_006";"18";"1833";"Rana";"Ingen";"2018-2024";0;"Data ikke tilgjengelig"
"ENCREC_006";"18";"1833";"Rana";"Ingen";"2018-2024";0;"Data ikke tilgjengelig"
"ENCREC_006";"18";"1833";"Rana";"Ingen";"2018-2024";0;"Data ikke tilgjengelig"
"ENCREC_006";"18";"1833";"Rana";"Ingen";"2018-2024";0;"Data ikke tilgjengelig"
"ENCREC_006";"18";"1833";"Rana";"Ingen";"2018-2024";0;"Data ikke tilgjengelig"
"ENCREC_006";"18";"1833";"Rana";"Ingen";"2018-2024";NA;"Data ikke tilgjengelig"
"ENCREC_006";"18";"1834";"Lurøy";"Ingen";"2018-2024";0;"Data ikke tilgjengelig"
"ENCREC_006";"18";"1834";"Lurøy";"Ingen";"2018-2024";0;"Data ikke tilgjengelig"
"ENCREC_006";"18";"1834";"Lurøy";"Ingen";"2018-2024";0;"Data ikke tilgjengelig"
"ENCREC_006";"18";"1834";"Lurøy";"Ingen";"2018-2024";0;"Data ikke tilgjengelig"
"ENCREC_006";"18";"1834";"Lurøy";"Ingen";"2018-2024";0;"Data ikke tilgjengelig"
"ENCREC_006";"18";"1834";"Lurøy";"Ingen";"2018-2024";0;"Data ikke tilgjengelig"
"ENCREC_006";"18";"1834";"Lurøy";"Ingen";"2018-2024";0;"Data ikke tilgjengelig"
"ENCREC_006";"18";"1834";"Lurøy";"Ingen";"2018-2024";NA;"Data ikke tilgjengelig"
"ENCREC_006";"18";"1835";"Træna";"Ingen";"2018-2024";0;"Data ikke tilgjengelig"
"ENCREC_006";"18";"1835";"Træna";"Ingen";"2018-2024";0;"Data ikke tilgjengelig"
"ENCREC_006";"18";"1835";"Træna";"Ingen";"2018-2024";0;"Data ikke tilgjengelig"
"ENCREC_006";"18";"1835";"Træna";"Ingen";"2018-2024";0;"Data ikke tilgjengelig"
"ENCREC_006";"18";"1835";"Træna";"Ingen";"2018-2024";0;"Data ikke tilgjengelig"
"ENCREC_006";"18";"1835";"Træna";"Ingen";"2018-2024";0;"Data ikke tilgjengelig"
"ENCREC_006";"18";"1835";"Træna";"Ingen";"2018-2024";0;"Data ikke tilgjengelig"
"ENCREC_006";"18";"1835";"Træna";"Ingen";"2018-2024";NA;"Data ikke tilgjengelig"
"ENCREC_006";"18";"1836";"Rødøy";"Ingen";"2018-2024";0;"Data ikke tilgjengelig"
"ENCREC_006";"18";"1836";"Rødøy";"Ingen";"2018-2024";0;"Data ikke tilgjengelig"
"ENCREC_006";"18";"1836";"Rødøy";"Ingen";"2018-2024";0;"Data ikke tilgjengelig"
"ENCREC_006";"18";"1836";"Rødøy";"Ingen";"2018-2024";0;"Data ikke tilgjengelig"
"ENCREC_006";"18";"1836";"Rødøy";"Ingen";"2018-2024";0;"Data ikke tilgjengelig"
"ENCREC_006";"18";"1836";"Rødøy";"Ingen";"2018-2024";0;"Data ikke tilgjengelig"
"ENCREC_006";"18";"1836";"Rødøy";"Ingen";"2018-2024";0;"Data ikke tilgjengelig"
"ENCREC_006";"18";"1836";"Rødøy";"Ingen";"2018-2024";NA;"Data ikke tilgjengelig"
"ENCREC_006";"18";"1837";"Meløy";"Ingen";"2018-2024";0;"Data ikke tilgjengelig"
"ENCREC_006";"18";"1837";"Meløy";"Ingen";"2018-2024";0;"Data ikke tilgjengelig"
"ENCREC_006";"18";"1837";"Meløy";"Ingen";"2018-2024";0;"Data ikke tilgjengelig"
"ENCREC_006";"18";"1837";"Meløy";"Ingen";"2018-2024";0;"Data ikke tilgjengelig"
"ENCREC_006";"18";"1837";"Meløy";"Ingen";"2018-2024";0;"Data ikke tilgjengelig"
"ENCREC_006";"18";"1837";"Meløy";"Ingen";"2018-2024";0;"Data ikke tilgjengelig"
"ENCREC_006";"18";"1837";"Meløy";"Ingen";"2018-2024";0;"Data ikke tilgjengelig"
"ENCREC_006";"18";"1837";"Meløy";"Ingen";"2018-2024";NA;"Data ikke tilgjengelig"
"ENCREC_006";"18";"1839";"Beiarn";"Ingen";"2018-2024";0;"Data ikke tilgjengelig"
"ENCREC_006";"18";"1839";"Beiarn";"Ingen";"2018-2024";0;"Data ikke tilgjengelig"
"ENCREC_006";"18";"1839";"Beiarn";"Ingen";"2018-2024";0;"Data ikke tilgjengelig"
"ENCREC_006";"18";"1839";"Beiarn";"Ingen";"2018-2024";0;"Data ikke tilgjengelig"
"ENCREC_006";"18";"1839";"Beiarn";"Ingen";"2018-2024";0;"Data ikke tilgjengelig"
"ENCREC_006";"18";"1839";"Beiarn";"Ingen";"2018-2024";0;"Data ikke tilgjengelig"
"ENCREC_006";"18";"1839";"Beiarn";"Ingen";"2018-2024";0;"Data ikke tilgjengelig"
"ENCREC_006";"18";"1839";"Beiarn";"Ingen";"2018-2024";NA;"Data ikke tilgjengelig"
"ENCREC_006";"18";"1840";"Saltdal";"Ingen";"2018-2024";0;"Data ikke tilgjengelig"
"ENCREC_006";"18";"1840";"Saltdal";"Ingen";"2018-2024";0;"Data ikke tilgjengelig"
"ENCREC_006";"18";"1840";"Saltdal";"Ingen";"2018-2024";0;"Data ikke tilgjengelig"
"ENCREC_006";"18";"1840";"Saltdal";"Ingen";"2018-2024";0;"Data ikke tilgjengelig"
"ENCREC_006";"18";"1840";"Saltdal";"Ingen";"2018-2024";0;"Data ikke tilgjengelig"
"ENCREC_006";"18";"1840";"Saltdal";"Ingen";"2018-2024";0;"Data ikke tilgjengelig"
"ENCREC_006";"18";"1840";"Saltdal";"Ingen";"2018-2024";0;"Data ikke tilgjengelig"
"ENCREC_006";"18";"1840";"Saltdal";"Ingen";"2018-2024";NA;"Data ikke tilgjengelig"
"ENCREC_006";"18";"1856";"Røst";"Ingen";"2018-2024";0;"Data ikke tilgjengelig"
"ENCREC_006";"18";"1856";"Røst";"Ingen";"2018-2024";0;"Data ikke tilgjengelig"
"ENCREC_006";"18";"1856";"Røst";"Ingen";"2018-2024";0;"Data ikke tilgjengelig"
"ENCREC_006";"18";"1856";"Røst";"Ingen";"2018-2024";0;"Data ikke tilgjengelig"
"ENCREC_006";"18";"1856";"Røst";"Ingen";"2018-2024";0;"Data ikke tilgjengelig"
"ENCREC_006";"18";"1856";"Røst";"Ingen";"2018-2024";0;"Data ikke tilgjengelig"
"ENCREC_006";"18";"1856";"Røst";"Ingen";"2018-2024";0;"Data ikke tilgjengelig"
"ENCREC_006";"18";"1856";"Røst";"Ingen";"2018-2024";NA;"Data ikke tilgjengelig"
"ENCREC_006";"18";"1857";"Værøy";"Ingen";"2018-2024";0;"Data ikke tilgjengelig"
"ENCREC_006";"18";"1857";"Værøy";"Ingen";"2018-2024";0;"Data ikke tilgjengelig"
"ENCREC_006";"18";"1857";"Værøy";"Ingen";"2018-2024";0;"Data ikke tilgjengelig"
"ENCREC_006";"18";"1857";"Værøy";"Ingen";"2018-2024";0;"Data ikke tilgjengelig"
"ENCREC_006";"18";"1857";"Værøy";"Ingen";"2018-2024";0;"Data ikke tilgjengelig"
"ENCREC_006";"18";"1857";"Værøy";"Ingen";"2018-2024";0;"Data ikke tilgjengelig"
"ENCREC_006";"18";"1857";"Værøy";"Ingen";"2018-2024";0;"Data ikke tilgjengelig"
"ENCREC_006";"18";"1857";"Værøy";"Ingen";"2018-2024";NA;"Data ikke tilgjengelig"
"ENCREC_006";"18";"1859";"Flakstad";"Ingen";"2018-2024";0;"Data ikke tilgjengelig"
"ENCREC_006";"18";"1859";"Flakstad";"Ingen";"2018-2024";0;"Data ikke tilgjengelig"
"ENCREC_006";"18";"1859";"Flakstad";"Ingen";"2018-2024";0;"Data ikke tilgjengelig"
"ENCREC_006";"18";"1859";"Flakstad";"Ingen";"2018-2024";0;"Data ikke tilgjengelig"
"ENCREC_006";"18";"1859";"Flakstad";"Ingen";"2018-2024";0;"Data ikke tilgjengelig"
"ENCREC_006";"18";"1859";"Flakstad";"Ingen";"2018-2024";0;"Data ikke tilgjengelig"
"ENCREC_006";"18";"1859";"Flakstad";"Ingen";"2018-2024";0;"Data ikke tilgjengelig"
"ENCREC_006";"18";"1859";"Flakstad";"Ingen";"2018-2024";NA;"Data ikke tilgjengelig"
"ENCREC_006";"18";"1866";"Hadsel";"Ingen";"2018-2024";0;"Data ikke tilgjengelig"
"ENCREC_006";"18";"1866";"Hadsel";"Ingen";"2018-2024";0;"Data ikke tilgjengelig"
"ENCREC_006";"18";"1866";"Hadsel";"Ingen";"2018-2024";0;"Data ikke tilgjengelig"
"ENCREC_006";"18";"1866";"Hadsel";"Ingen";"2018-2024";0;"Data ikke tilgjengelig"
"ENCREC_006";"18";"1866";"Hadsel";"Ingen";"2018-2024";0;"Data ikke tilgjengelig"
"ENCREC_006";"18";"1866";"Hadsel";"Ingen";"2018-2024";0;"Data ikke tilgjengelig"
"ENCREC_006";"18";"1866";"Hadsel";"Ingen";"2018-2024";0;"Data ikke tilgjengelig"
"ENCREC_006";"18";"1866";"Hadsel";"Ingen";"2018-2024";NA;"Data ikke tilgjengelig"
"ENCREC_006";"18";"1867";"Bø";"Ingen";"2018-2024";0;"Data ikke tilgjengelig"
"ENCREC_006";"18";"1867";"Bø";"Ingen";"2018-2024";0;"Data ikke tilgjengelig"
"ENCREC_006";"18";"1867";"Bø";"Ingen";"2018-2024";0;"Data ikke tilgjengelig"
"ENCREC_006";"18";"1867";"Bø";"Ingen";"2018-2024";0;"Data ikke tilgjengelig"
"ENCREC_006";"18";"1867";"Bø";"Ingen";"2018-2024";0;"Data ikke tilgjengelig"
"ENCREC_006";"18";"1867";"Bø";"Ingen";"2018-2024";0;"Data ikke tilgjengelig"
"ENCREC_006";"18";"1867";"Bø";"Ingen";"2018-2024";0;"Data ikke tilgjengelig"
"ENCREC_006";"18";"1867";"Bø";"Ingen";"2018-2024";NA;"Data ikke tilgjengelig"
"ENCREC_006";"18";"1868";"Øksnes";"Ingen";"2018-2024";0;"Data ikke tilgjengelig"
"ENCREC_006";"18";"1868";"Øksnes";"Ingen";"2018-2024";0;"Data ikke tilgjengelig"
"ENCREC_006";"18";"1868";"Øksnes";"Ingen";"2018-2024";0;"Data ikke tilgjengelig"
"ENCREC_006";"18";"1868";"Øksnes";"Ingen";"2018-2024";0;"Data ikke tilgjengelig"
"ENCREC_006";"18";"1868";"Øksnes";"Ingen";"2018-2024";0;"Data ikke tilgjengelig"
"ENCREC_006";"18";"1868";"Øksnes";"Ingen";"2018-2024";0;"Data ikke tilgjengelig"
"ENCREC_006";"18";"1868";"Øksnes";"Ingen";"2018-2024";0;"Data ikke tilgjengelig"
"ENCREC_006";"18";"1868";"Øksnes";"Ingen";"2018-2024";NA;"Data ikke tilgjengelig"
"ENCREC_006";"18";"1870";"Sortland/Suortá";"Ingen";"2018-2024";0;"Data ikke tilgjengelig"
"ENCREC_006";"18";"1870";"Sortland/Suortá";"Ingen";"2018-2024";0;"Data ikke tilgjengelig"
"ENCREC_006";"18";"1870";"Sortland/Suortá";"Ingen";"2018-2024";0;"Data ikke tilgjengelig"
"ENCREC_006";"18";"1870";"Sortland/Suortá";"Ingen";"2018-2024";0;"Data ikke tilgjengelig"
"ENCREC_006";"18";"1870";"Sortland/Suortá";"Ingen";"2018-2024";0;"Data ikke tilgjengelig"
"ENCREC_006";"18";"1870";"Sortland/Suortá";"Ingen";"2018-2024";0;"Data ikke tilgjengelig"
"ENCREC_006";"18";"1870";"Sortland/Suortá";"Ingen";"2018-2024";0;"Data ikke tilgjengelig"
"ENCREC_006";"18";"1870";"Sortland/Suortá";"Ingen";"2018-2024";NA;"Data ikke tilgjengelig"
"ENCREC_006";"18";"1871";"Andøy";"Ingen";"2018-2024";0;"Data ikke tilgjengelig"
"ENCREC_006";"18";"1871";"Andøy";"Ingen";"2018-2024";0;"Data ikke tilgjengelig"
"ENCREC_006";"18";"1871";"Andøy";"Ingen";"2018-2024";0;"Data ikke tilgjengelig"
"ENCREC_006";"18";"1871";"Andøy";"Ingen";"2018-2024";0;"Data ikke tilgjengelig"
"ENCREC_006";"18";"1871";"Andøy";"Ingen";"2018-2024";0;"Data ikke tilgjengelig"
"ENCREC_006";"18";"1871";"Andøy";"Ingen";"2018-2024";0;"Data ikke tilgjengelig"
"ENCREC_006";"18";"1871";"Andøy";"Ingen";"2018-2024";0;"Data ikke tilgjengelig"
"ENCREC_006";"18";"1871";"Andøy";"Ingen";"2018-2024";NA;"Data ikke tilgjengelig"
"ENCREC_006";"18";"1874";"Moskenes";"Ingen";"2018-2024";0;"Data ikke tilgjengelig"
"ENCREC_006";"18";"1874";"Moskenes";"Ingen";"2018-2024";0;"Data ikke tilgjengelig"
"ENCREC_006";"18";"1874";"Moskenes";"Ingen";"2018-2024";0;"Data ikke tilgjengelig"
"ENCREC_006";"18";"1874";"Moskenes";"Ingen";"2018-2024";0;"Data ikke tilgjengelig"
"ENCREC_006";"18";"1874";"Moskenes";"Ingen";"2018-2024";0;"Data ikke tilgjengelig"
"ENCREC_006";"18";"1874";"Moskenes";"Ingen";"2018-2024";0;"Data ikke tilgjengelig"
"ENCREC_006";"18";"1874";"Moskenes";"Ingen";"2018-2024";0;"Data ikke tilgjengelig"
"ENCREC_006";"18";"1874";"Moskenes";"Ingen";"2018-2024";NA;"Data ikke tilgjengelig"
"ENCREC_006";"18";"1875";"Hábmer/Hamarøy";"Ingen";"2018-2024";0;"Data ikke tilgjengelig"
"ENCREC_006";"18";"1875";"Hábmer/Hamarøy";"Ingen";"2018-2024";0;"Data ikke tilgjengelig"
"ENCREC_006";"18";"1875";"Hábmer/Hamarøy";"Ingen";"2018-2024";0;"Data ikke tilgjengelig"
"ENCREC_006";"18";"1875";"Hábmer/Hamarøy";"Ingen";"2018-2024";0;"Data ikke tilgjengelig"
"ENCREC_006";"18";"1875";"Hábmer/Hamarøy";"Ingen";"2018-2024";0;"Data ikke tilgjengelig"
"ENCREC_006";"18";"1875";"Hábmer/Hamarøy";"Ingen";"2018-2024";0;"Data ikke tilgjengelig"
"ENCREC_006";"18";"1875";"Hábmer/Hamarøy";"Ingen";"2018-2024";0;"Data ikke tilgjengelig"
"ENCREC_006";"18";"1875";"Hábmer/Hamarøy";"Ingen";"2018-2024";NA;"Data ikke tilgjengelig"
"ENCREC_006";"31";"3114";"Våler (Viken)";"Ingen";"2018-2024";0;"Data ikke tilgjengelig"
"ENCREC_006";"31";"3114";"Våler (Viken)";"Ingen";"2018-2024";0;"Data ikke tilgjengelig"
"ENCREC_006";"31";"3114";"Våler (Viken)";"Ingen";"2018-2024";0;"Data ikke tilgjengelig"
"ENCREC_006";"31";"3114";"Våler (Viken)";"Ingen";"2018-2024";0;"Data ikke tilgjengelig"
"ENCREC_006";"31";"3114";"Våler (Viken)";"Ingen";"2018-2024";0;"Data ikke tilgjengelig"
"ENCREC_006";"31";"3114";"Våler (Viken)";"Ingen";"2018-2024";0;"Data ikke tilgjengelig"
"ENCREC_006";"31";"3114";"Våler (Viken)";"Ingen";"2018-2024";0;"Data ikke tilgjengelig"
"ENCREC_006";"31";"3114";"Våler (Viken)";"Ingen";"2018-2024";NA;"Data ikke tilgjengelig"
"ENCREC_006";"31";"3122";"Marker";"Ingen";"2018-2024";0;"Data ikke tilgjengelig"
"ENCREC_006";"31";"3122";"Marker";"Ingen";"2018-2024";0;"Data ikke tilgjengelig"
"ENCREC_006";"31";"3122";"Marker";"Ingen";"2018-2024";0;"Data ikke tilgjengelig"
"ENCREC_006";"31";"3122";"Marker";"Ingen";"2018-2024";0;"Data ikke tilgjengelig"
"ENCREC_006";"31";"3122";"Marker";"Ingen";"2018-2024";0;"Data ikke tilgjengelig"
"ENCREC_006";"31";"3122";"Marker";"Ingen";"2018-2024";0;"Data ikke tilgjengelig"
"ENCREC_006";"31";"3122";"Marker";"Ingen";"2018-2024";0;"Data ikke tilgjengelig"
"ENCREC_006";"31";"3122";"Marker";"Ingen";"2018-2024";NA;"Data ikke tilgjengelig"
"ENCREC_006";"32";"3220";"Enebakk";"Ingen";"2018-2024";0;"Data ikke tilgjengelig"
"ENCREC_006";"32";"3220";"Enebakk";"Ingen";"2018-2024";0;"Data ikke tilgjengelig"
"ENCREC_006";"32";"3220";"Enebakk";"Ingen";"2018-2024";0;"Data ikke tilgjengelig"
"ENCREC_006";"32";"3220";"Enebakk";"Ingen";"2018-2024";0;"Data ikke tilgjengelig"
"ENCREC_006";"32";"3220";"Enebakk";"Ingen";"2018-2024";0;"Data ikke tilgjengelig"
"ENCREC_006";"32";"3220";"Enebakk";"Ingen";"2018-2024";0;"Data ikke tilgjengelig"
"ENCREC_006";"32";"3220";"Enebakk";"Ingen";"2018-2024";0;"Data ikke tilgjengelig"
"ENCREC_006";"32";"3220";"Enebakk";"Ingen";"2018-2024";NA;"Data ikke tilgjengelig"
"ENCREC_006";"32";"3224";"Rælingen";"Ingen";"2018-2024";0;"Data ikke tilgjengelig"
"ENCREC_006";"32";"3224";"Rælingen";"Ingen";"2018-2024";0;"Data ikke tilgjengelig"
"ENCREC_006";"32";"3224";"Rælingen";"Ingen";"2018-2024";0;"Data ikke tilgjengelig"
"ENCREC_006";"32";"3224";"Rælingen";"Ingen";"2018-2024";0;"Data ikke tilgjengelig"
"ENCREC_006";"32";"3224";"Rælingen";"Ingen";"2018-2024";0;"Data ikke tilgjengelig"
"ENCREC_006";"32";"3224";"Rælingen";"Ingen";"2018-2024";0;"Data ikke tilgjengelig"
"ENCREC_006";"32";"3224";"Rælingen";"Ingen";"2018-2024";0;"Data ikke tilgjengelig"
"ENCREC_006";"32";"3224";"Rælingen";"Ingen";"2018-2024";NA;"Data ikke tilgjengelig"
"ENCREC_006";"32";"3226";"Aurskog-Høland";"Ingen";"2018-2024";0;"Data ikke tilgjengelig"
"ENCREC_006";"32";"3226";"Aurskog-Høland";"Ingen";"2018-2024";0;"Data ikke tilgjengelig"
"ENCREC_006";"32";"3226";"Aurskog-Høland";"Ingen";"2018-2024";0;"Data ikke tilgjengelig"
"ENCREC_006";"32";"3226";"Aurskog-Høland";"Ingen";"2018-2024";0;"Data ikke tilgjengelig"
"ENCREC_006";"32";"3226";"Aurskog-Høland";"Ingen";"2018-2024";0;"Data ikke tilgjengelig"
"ENCREC_006";"32";"3226";"Aurskog-Høland";"Ingen";"2018-2024";0;"Data ikke tilgjengelig"
"ENCREC_006";"32";"3226";"Aurskog-Høland";"Ingen";"2018-2024";0;"Data ikke tilgjengelig"
"ENCREC_006";"32";"3226";"Aurskog-Høland";"Ingen";"2018-2024";NA;"Data ikke tilgjengelig"
"ENCREC_006";"32";"3230";"Gjerdrum";"Ingen";"2018-2024";0;"Data ikke tilgjengelig"
"ENCREC_006";"32";"3230";"Gjerdrum";"Ingen";"2018-2024";0;"Data ikke tilgjengelig"
"ENCREC_006";"32";"3230";"Gjerdrum";"Ingen";"2018-2024";0;"Data ikke tilgjengelig"
"ENCREC_006";"32";"3230";"Gjerdrum";"Ingen";"2018-2024";0;"Data ikke tilgjengelig"
"ENCREC_006";"32";"3230";"Gjerdrum";"Ingen";"2018-2024";0;"Data ikke tilgjengelig"
"ENCREC_006";"32";"3230";"Gjerdrum";"Ingen";"2018-2024";0;"Data ikke tilgjengelig"
"ENCREC_006";"32";"3230";"Gjerdrum";"Ingen";"2018-2024";0;"Data ikke tilgjengelig"
"ENCREC_006";"32";"3230";"Gjerdrum";"Ingen";"2018-2024";NA;"Data ikke tilgjengelig"
"ENCREC_006";"32";"3238";"Nannestad";"Ingen";"2018-2024";0;"Data ikke tilgjengelig"
"ENCREC_006";"32";"3238";"Nannestad";"Ingen";"2018-2024";0;"Data ikke tilgjengelig"
"ENCREC_006";"32";"3238";"Nannestad";"Ingen";"2018-2024";0;"Data ikke tilgjengelig"
"ENCREC_006";"32";"3238";"Nannestad";"Ingen";"2018-2024";0;"Data ikke tilgjengelig"
"ENCREC_006";"32";"3238";"Nannestad";"Ingen";"2018-2024";0;"Data ikke tilgjengelig"
"ENCREC_006";"32";"3238";"Nannestad";"Ingen";"2018-2024";0;"Data ikke tilgjengelig"
"ENCREC_006";"32";"3238";"Nannestad";"Ingen";"2018-2024";0;"Data ikke tilgjengelig"
"ENCREC_006";"32";"3238";"Nannestad";"Ingen";"2018-2024";NA;"Data ikke tilgjengelig"
"ENCREC_006";"32";"3240";"Eidsvoll";"Ingen";"2018-2024";0;"Data ikke tilgjengelig"
"ENCREC_006";"32";"3240";"Eidsvoll";"Ingen";"2018-2024";0;"Data ikke tilgjengelig"
"ENCREC_006";"32";"3240";"Eidsvoll";"Ingen";"2018-2024";0;"Data ikke tilgjengelig"
"ENCREC_006";"32";"3240";"Eidsvoll";"Ingen";"2018-2024";0;"Data ikke tilgjengelig"
"ENCREC_006";"32";"3240";"Eidsvoll";"Ingen";"2018-2024";0;"Data ikke tilgjengelig"
"ENCREC_006";"32";"3240";"Eidsvoll";"Ingen";"2018-2024";0;"Data ikke tilgjengelig"
"ENCREC_006";"32";"3240";"Eidsvoll";"Ingen";"2018-2024";0;"Data ikke tilgjengelig"
"ENCREC_006";"32";"3240";"Eidsvoll";"Ingen";"2018-2024";NA;"Data ikke tilgjengelig"
"ENCREC_006";"32";"3242";"Hurdal";"Ingen";"2018-2024";0;"Data ikke tilgjengelig"
"ENCREC_006";"32";"3242";"Hurdal";"Ingen";"2018-2024";0;"Data ikke tilgjengelig"
"ENCREC_006";"32";"3242";"Hurdal";"Ingen";"2018-2024";0;"Data ikke tilgjengelig"
"ENCREC_006";"32";"3242";"Hurdal";"Ingen";"2018-2024";0;"Data ikke tilgjengelig"
"ENCREC_006";"32";"3242";"Hurdal";"Ingen";"2018-2024";0;"Data ikke tilgjengelig"
"ENCREC_006";"32";"3242";"Hurdal";"Ingen";"2018-2024";0;"Data ikke tilgjengelig"
"ENCREC_006";"32";"3242";"Hurdal";"Ingen";"2018-2024";0;"Data ikke tilgjengelig"
"ENCREC_006";"32";"3242";"Hurdal";"Ingen";"2018-2024";NA;"Data ikke tilgjengelig"
"ENCREC_006";"33";"3316";"Modum";"Ingen";"2018-2024";0;"Data ikke tilgjengelig"
"ENCREC_006";"33";"3316";"Modum";"Ingen";"2018-2024";0;"Data ikke tilgjengelig"
"ENCREC_006";"33";"3316";"Modum";"Ingen";"2018-2024";0;"Data ikke tilgjengelig"
"ENCREC_006";"33";"3316";"Modum";"Ingen";"2018-2024";0;"Data ikke tilgjengelig"
"ENCREC_006";"33";"3316";"Modum";"Ingen";"2018-2024";0;"Data ikke tilgjengelig"
"ENCREC_006";"33";"3316";"Modum";"Ingen";"2018-2024";0;"Data ikke tilgjengelig"
"ENCREC_006";"33";"3316";"Modum";"Ingen";"2018-2024";0;"Data ikke tilgjengelig"
"ENCREC_006";"33";"3316";"Modum";"Ingen";"2018-2024";NA;"Data ikke tilgjengelig"
"ENCREC_006";"33";"3326";"Hemsedal";"Ingen";"2018-2024";0;"Data ikke tilgjengelig"
"ENCREC_006";"33";"3326";"Hemsedal";"Ingen";"2018-2024";0;"Data ikke tilgjengelig"
"ENCREC_006";"33";"3326";"Hemsedal";"Ingen";"2018-2024";0;"Data ikke tilgjengelig"
"ENCREC_006";"33";"3326";"Hemsedal";"Ingen";"2018-2024";0;"Data ikke tilgjengelig"
"ENCREC_006";"33";"3326";"Hemsedal";"Ingen";"2018-2024";0;"Data ikke tilgjengelig"
"ENCREC_006";"33";"3326";"Hemsedal";"Ingen";"2018-2024";0;"Data ikke tilgjengelig"
"ENCREC_006";"33";"3326";"Hemsedal";"Ingen";"2018-2024";0;"Data ikke tilgjengelig"
"ENCREC_006";"33";"3326";"Hemsedal";"Ingen";"2018-2024";NA;"Data ikke tilgjengelig"
"ENCREC_006";"34";"3403";"Hamar";"Ingen";"2018-2024";0;"Data ikke tilgjengelig"
"ENCREC_006";"34";"3403";"Hamar";"Ingen";"2018-2024";0;"Data ikke tilgjengelig"
"ENCREC_006";"34";"3403";"Hamar";"Ingen";"2018-2024";0;"Data ikke tilgjengelig"
"ENCREC_006";"34";"3403";"Hamar";"Ingen";"2018-2024";0;"Data ikke tilgjengelig"
"ENCREC_006";"34";"3403";"Hamar";"Ingen";"2018-2024";0;"Data ikke tilgjengelig"
"ENCREC_006";"34";"3403";"Hamar";"Ingen";"2018-2024";0;"Data ikke tilgjengelig"
"ENCREC_006";"34";"3403";"Hamar";"Ingen";"2018-2024";0;"Data ikke tilgjengelig"
"ENCREC_006";"34";"3403";"Hamar";"Ingen";"2018-2024";NA;"Data ikke tilgjengelig"
"ENCREC_006";"34";"3405";"Lillehammer";"Ingen";"2018-2024";0;"Data ikke tilgjengelig"
"ENCREC_006";"34";"3405";"Lillehammer";"Ingen";"2018-2024";0;"Data ikke tilgjengelig"
"ENCREC_006";"34";"3405";"Lillehammer";"Ingen";"2018-2024";0;"Data ikke tilgjengelig"
"ENCREC_006";"34";"3405";"Lillehammer";"Ingen";"2018-2024";0;"Data ikke tilgjengelig"
"ENCREC_006";"34";"3405";"Lillehammer";"Ingen";"2018-2024";0;"Data ikke tilgjengelig"
"ENCREC_006";"34";"3405";"Lillehammer";"Ingen";"2018-2024";0;"Data ikke tilgjengelig"
"ENCREC_006";"34";"3405";"Lillehammer";"Ingen";"2018-2024";0;"Data ikke tilgjengelig"
"ENCREC_006";"34";"3405";"Lillehammer";"Ingen";"2018-2024";NA;"Data ikke tilgjengelig"
"ENCREC_006";"34";"3414";"Nord-Odal";"Ingen";"2018-2024";0;"Data ikke tilgjengelig"
"ENCREC_006";"34";"3414";"Nord-Odal";"Ingen";"2018-2024";0;"Data ikke tilgjengelig"
"ENCREC_006";"34";"3414";"Nord-Odal";"Ingen";"2018-2024";0;"Data ikke tilgjengelig"
"ENCREC_006";"34";"3414";"Nord-Odal";"Ingen";"2018-2024";0;"Data ikke tilgjengelig"
"ENCREC_006";"34";"3414";"Nord-Odal";"Ingen";"2018-2024";0;"Data ikke tilgjengelig"
"ENCREC_006";"34";"3414";"Nord-Odal";"Ingen";"2018-2024";0;"Data ikke tilgjengelig"
"ENCREC_006";"34";"3414";"Nord-Odal";"Ingen";"2018-2024";0;"Data ikke tilgjengelig"
"ENCREC_006";"34";"3414";"Nord-Odal";"Ingen";"2018-2024";NA;"Data ikke tilgjengelig"
"ENCREC_006";"34";"3415";"Sør-Odal";"Ingen";"2018-2024";0;"Data ikke tilgjengelig"
"ENCREC_006";"34";"3415";"Sør-Odal";"Ingen";"2018-2024";0;"Data ikke tilgjengelig"
"ENCREC_006";"34";"3415";"Sør-Odal";"Ingen";"2018-2024";0;"Data ikke tilgjengelig"
"ENCREC_006";"34";"3415";"Sør-Odal";"Ingen";"2018-2024";0;"Data ikke tilgjengelig"
"ENCREC_006";"34";"3415";"Sør-Odal";"Ingen";"2018-2024";0;"Data ikke tilgjengelig"
"ENCREC_006";"34";"3415";"Sør-Odal";"Ingen";"2018-2024";0;"Data ikke tilgjengelig"
"ENCREC_006";"34";"3415";"Sør-Odal";"Ingen";"2018-2024";0;"Data ikke tilgjengelig"
"ENCREC_006";"34";"3415";"Sør-Odal";"Ingen";"2018-2024";NA;"Data ikke tilgjengelig"
"ENCREC_006";"34";"3416";"Eidskog";"Ingen";"2018-2024";0;"Data ikke tilgjengelig"
"ENCREC_006";"34";"3416";"Eidskog";"Ingen";"2018-2024";0;"Data ikke tilgjengelig"
"ENCREC_006";"34";"3416";"Eidskog";"Ingen";"2018-2024";0;"Data ikke tilgjengelig"
"ENCREC_006";"34";"3416";"Eidskog";"Ingen";"2018-2024";0;"Data ikke tilgjengelig"
"ENCREC_006";"34";"3416";"Eidskog";"Ingen";"2018-2024";0;"Data ikke tilgjengelig"
"ENCREC_006";"34";"3416";"Eidskog";"Ingen";"2018-2024";0;"Data ikke tilgjengelig"
"ENCREC_006";"34";"3416";"Eidskog";"Ingen";"2018-2024";0;"Data ikke tilgjengelig"
"ENCREC_006";"34";"3416";"Eidskog";"Ingen";"2018-2024";NA;"Data ikke tilgjengelig"
"ENCREC_006";"34";"3419";"Våler (Innlandet)";"Ingen";"2018-2024";0;"Data ikke tilgjengelig"
"ENCREC_006";"34";"3419";"Våler (Innlandet)";"Ingen";"2018-2024";0;"Data ikke tilgjengelig"
"ENCREC_006";"34";"3419";"Våler (Innlandet)";"Ingen";"2018-2024";0;"Data ikke tilgjengelig"
"ENCREC_006";"34";"3419";"Våler (Innlandet)";"Ingen";"2018-2024";0;"Data ikke tilgjengelig"
"ENCREC_006";"34";"3419";"Våler (Innlandet)";"Ingen";"2018-2024";0;"Data ikke tilgjengelig"
"ENCREC_006";"34";"3419";"Våler (Innlandet)";"Ingen";"2018-2024";0;"Data ikke tilgjengelig"
"ENCREC_006";"34";"3419";"Våler (Innlandet)";"Ingen";"2018-2024";0;"Data ikke tilgjengelig"
"ENCREC_006";"34";"3419";"Våler (Innlandet)";"Ingen";"2018-2024";NA;"Data ikke tilgjengelig"
"ENCREC_006";"34";"3421";"Trysil";"Ingen";"2018-2024";0;"Data ikke tilgjengelig"
"ENCREC_006";"34";"3421";"Trysil";"Ingen";"2018-2024";0;"Data ikke tilgjengelig"
"ENCREC_006";"34";"3421";"Trysil";"Ingen";"2018-2024";0;"Data ikke tilgjengelig"
"ENCREC_006";"34";"3421";"Trysil";"Ingen";"2018-2024";0;"Data ikke tilgjengelig"
"ENCREC_006";"34";"3421";"Trysil";"Ingen";"2018-2024";0;"Data ikke tilgjengelig"
"ENCREC_006";"34";"3421";"Trysil";"Ingen";"2018-2024";0;"Data ikke tilgjengelig"
"ENCREC_006";"34";"3421";"Trysil";"Ingen";"2018-2024";0;"Data ikke tilgjengelig"
"ENCREC_006";"34";"3421";"Trysil";"Ingen";"2018-2024";NA;"Data ikke tilgjengelig"
"ENCREC_006";"34";"3422";"Åmot";"Ingen";"2018-2024";0;"Data ikke tilgjengelig"
"ENCREC_006";"34";"3422";"Åmot";"Ingen";"2018-2024";0;"Data ikke tilgjengelig"
"ENCREC_006";"34";"3422";"Åmot";"Ingen";"2018-2024";0;"Data ikke tilgjengelig"
"ENCREC_006";"34";"3422";"Åmot";"Ingen";"2018-2024";0;"Data ikke tilgjengelig"
"ENCREC_006";"34";"3422";"Åmot";"Ingen";"2018-2024";0;"Data ikke tilgjengelig"
"ENCREC_006";"34";"3422";"Åmot";"Ingen";"2018-2024";0;"Data ikke tilgjengelig"
"ENCREC_006";"34";"3422";"Åmot";"Ingen";"2018-2024";0;"Data ikke tilgjengelig"
"ENCREC_006";"34";"3422";"Åmot";"Ingen";"2018-2024";NA;"Data ikke tilgjengelig"
"ENCREC_006";"34";"3423";"Stor-Elvdal";"Ingen";"2018-2024";0;"Data ikke tilgjengelig"
"ENCREC_006";"34";"3423";"Stor-Elvdal";"Ingen";"2018-2024";0;"Data ikke tilgjengelig"
"ENCREC_006";"34";"3423";"Stor-Elvdal";"Ingen";"2018-2024";0;"Data ikke tilgjengelig"
"ENCREC_006";"34";"3423";"Stor-Elvdal";"Ingen";"2018-2024";0;"Data ikke tilgjengelig"
"ENCREC_006";"34";"3423";"Stor-Elvdal";"Ingen";"2018-2024";0;"Data ikke tilgjengelig"
"ENCREC_006";"34";"3423";"Stor-Elvdal";"Ingen";"2018-2024";0;"Data ikke tilgjengelig"
"ENCREC_006";"34";"3423";"Stor-Elvdal";"Ingen";"2018-2024";0;"Data ikke tilgjengelig"
"ENCREC_006";"34";"3423";"Stor-Elvdal";"Ingen";"2018-2024";NA;"Data ikke tilgjengelig"
"ENCREC_006";"34";"3424";"Rendalen";"Ingen";"2018-2024";0;"Data ikke tilgjengelig"
"ENCREC_006";"34";"3424";"Rendalen";"Ingen";"2018-2024";0;"Data ikke tilgjengelig"
"ENCREC_006";"34";"3424";"Rendalen";"Ingen";"2018-2024";0;"Data ikke tilgjengelig"
"ENCREC_006";"34";"3424";"Rendalen";"Ingen";"2018-2024";0;"Data ikke tilgjengelig"
"ENCREC_006";"34";"3424";"Rendalen";"Ingen";"2018-2024";0;"Data ikke tilgjengelig"
"ENCREC_006";"34";"3424";"Rendalen";"Ingen";"2018-2024";0;"Data ikke tilgjengelig"
"ENCREC_006";"34";"3424";"Rendalen";"Ingen";"2018-2024";0;"Data ikke tilgjengelig"
"ENCREC_006";"34";"3424";"Rendalen";"Ingen";"2018-2024";NA;"Data ikke tilgjengelig"
"ENCREC_006";"34";"3425";"Engerdal";"Ingen";"2018-2024";0;"Data ikke tilgjengelig"
"ENCREC_006";"34";"3425";"Engerdal";"Ingen";"2018-2024";0;"Data ikke tilgjengelig"
"ENCREC_006";"34";"3425";"Engerdal";"Ingen";"2018-2024";0;"Data ikke tilgjengelig"
"ENCREC_006";"34";"3425";"Engerdal";"Ingen";"2018-2024";0;"Data ikke tilgjengelig"
"ENCREC_006";"34";"3425";"Engerdal";"Ingen";"2018-2024";0;"Data ikke tilgjengelig"
"ENCREC_006";"34";"3425";"Engerdal";"Ingen";"2018-2024";0;"Data ikke tilgjengelig"
"ENCREC_006";"34";"3425";"Engerdal";"Ingen";"2018-2024";0;"Data ikke tilgjengelig"
"ENCREC_006";"34";"3425";"Engerdal";"Ingen";"2018-2024";NA;"Data ikke tilgjengelig"
"ENCREC_006";"34";"3426";"Tolga";"Ingen";"2018-2024";0;"Data ikke tilgjengelig"
"ENCREC_006";"34";"3426";"Tolga";"Ingen";"2018-2024";0;"Data ikke tilgjengelig"
"ENCREC_006";"34";"3426";"Tolga";"Ingen";"2018-2024";0;"Data ikke tilgjengelig"
"ENCREC_006";"34";"3426";"Tolga";"Ingen";"2018-2024";0;"Data ikke tilgjengelig"
"ENCREC_006";"34";"3426";"Tolga";"Ingen";"2018-2024";0;"Data ikke tilgjengelig"
"ENCREC_006";"34";"3426";"Tolga";"Ingen";"2018-2024";0;"Data ikke tilgjengelig"
"ENCREC_006";"34";"3426";"Tolga";"Ingen";"2018-2024";0;"Data ikke tilgjengelig"
"ENCREC_006";"34";"3426";"Tolga";"Ingen";"2018-2024";NA;"Data ikke tilgjengelig"
"ENCREC_006";"34";"3429";"Folldal";"Ingen";"2018-2024";0;"Data ikke tilgjengelig"
"ENCREC_006";"34";"3429";"Folldal";"Ingen";"2018-2024";0;"Data ikke tilgjengelig"
"ENCREC_006";"34";"3429";"Folldal";"Ingen";"2018-2024";0;"Data ikke tilgjengelig"
"ENCREC_006";"34";"3429";"Folldal";"Ingen";"2018-2024";0;"Data ikke tilgjengelig"
"ENCREC_006";"34";"3429";"Folldal";"Ingen";"2018-2024";0;"Data ikke tilgjengelig"
"ENCREC_006";"34";"3429";"Folldal";"Ingen";"2018-2024";0;"Data ikke tilgjengelig"
"ENCREC_006";"34";"3429";"Folldal";"Ingen";"2018-2024";0;"Data ikke tilgjengelig"
"ENCREC_006";"34";"3429";"Folldal";"Ingen";"2018-2024";NA;"Data ikke tilgjengelig"
"ENCREC_006";"34";"3433";"Skjåk";"Ingen";"2018-2024";0;"Data ikke tilgjengelig"
"ENCREC_006";"34";"3433";"Skjåk";"Ingen";"2018-2024";0;"Data ikke tilgjengelig"
"ENCREC_006";"34";"3433";"Skjåk";"Ingen";"2018-2024";0;"Data ikke tilgjengelig"
"ENCREC_006";"34";"3433";"Skjåk";"Ingen";"2018-2024";0;"Data ikke tilgjengelig"
"ENCREC_006";"34";"3433";"Skjåk";"Ingen";"2018-2024";0;"Data ikke tilgjengelig"
"ENCREC_006";"34";"3433";"Skjåk";"Ingen";"2018-2024";0;"Data ikke tilgjengelig"
"ENCREC_006";"34";"3433";"Skjåk";"Ingen";"2018-2024";0;"Data ikke tilgjengelig"
"ENCREC_006";"34";"3433";"Skjåk";"Ingen";"2018-2024";NA;"Data ikke tilgjengelig"
"ENCREC_006";"34";"3440";"Øyer";"Ingen";"2018-2024";0;"Data ikke tilgjengelig"
"ENCREC_006";"34";"3440";"Øyer";"Ingen";"2018-2024";0;"Data ikke tilgjengelig"
"ENCREC_006";"34";"3440";"Øyer";"Ingen";"2018-2024";0;"Data ikke tilgjengelig"
"ENCREC_006";"34";"3440";"Øyer";"Ingen";"2018-2024";0;"Data ikke tilgjengelig"
"ENCREC_006";"34";"3440";"Øyer";"Ingen";"2018-2024";0;"Data ikke tilgjengelig"
"ENCREC_006";"34";"3440";"Øyer";"Ingen";"2018-2024";0;"Data ikke tilgjengelig"
"ENCREC_006";"34";"3440";"Øyer";"Ingen";"2018-2024";0;"Data ikke tilgjengelig"
"ENCREC_006";"34";"3440";"Øyer";"Ingen";"2018-2024";NA;"Data ikke tilgjengelig"
"ENCREC_006";"34";"3441";"Gausdal";"Ingen";"2018-2024";0;"Data ikke tilgjengelig"
"ENCREC_006";"34";"3441";"Gausdal";"Ingen";"2018-2024";0;"Data ikke tilgjengelig"
"ENCREC_006";"34";"3441";"Gausdal";"Ingen";"2018-2024";0;"Data ikke tilgjengelig"
"ENCREC_006";"34";"3441";"Gausdal";"Ingen";"2018-2024";0;"Data ikke tilgjengelig"
"ENCREC_006";"34";"3441";"Gausdal";"Ingen";"2018-2024";0;"Data ikke tilgjengelig"
"ENCREC_006";"34";"3441";"Gausdal";"Ingen";"2018-2024";0;"Data ikke tilgjengelig"
"ENCREC_006";"34";"3441";"Gausdal";"Ingen";"2018-2024";0;"Data ikke tilgjengelig"
"ENCREC_006";"34";"3441";"Gausdal";"Ingen";"2018-2024";NA;"Data ikke tilgjengelig"
"ENCREC_006";"34";"3450";"Etnedal";"Ingen";"2018-2024";0;"Data ikke tilgjengelig"
"ENCREC_006";"34";"3450";"Etnedal";"Ingen";"2018-2024";0;"Data ikke tilgjengelig"
"ENCREC_006";"34";"3450";"Etnedal";"Ingen";"2018-2024";0;"Data ikke tilgjengelig"
"ENCREC_006";"34";"3450";"Etnedal";"Ingen";"2018-2024";0;"Data ikke tilgjengelig"
"ENCREC_006";"34";"3450";"Etnedal";"Ingen";"2018-2024";0;"Data ikke tilgjengelig"
"ENCREC_006";"34";"3450";"Etnedal";"Ingen";"2018-2024";0;"Data ikke tilgjengelig"
"ENCREC_006";"34";"3450";"Etnedal";"Ingen";"2018-2024";0;"Data ikke tilgjengelig"
"ENCREC_006";"34";"3450";"Etnedal";"Ingen";"2018-2024";NA;"Data ikke tilgjengelig"
"ENCREC_006";"40";"4010";"Siljan";"Ingen";"2018-2024";0;"Data ikke tilgjengelig"
"ENCREC_006";"40";"4010";"Siljan";"Ingen";"2018-2024";0;"Data ikke tilgjengelig"
"ENCREC_006";"40";"4010";"Siljan";"Ingen";"2018-2024";0;"Data ikke tilgjengelig"
"ENCREC_006";"40";"4010";"Siljan";"Ingen";"2018-2024";0;"Data ikke tilgjengelig"
"ENCREC_006";"40";"4010";"Siljan";"Ingen";"2018-2024";0;"Data ikke tilgjengelig"
"ENCREC_006";"40";"4010";"Siljan";"Ingen";"2018-2024";0;"Data ikke tilgjengelig"
"ENCREC_006";"40";"4010";"Siljan";"Ingen";"2018-2024";0;"Data ikke tilgjengelig"
"ENCREC_006";"40";"4010";"Siljan";"Ingen";"2018-2024";NA;"Data ikke tilgjengelig"
"ENCREC_006";"40";"4016";"Drangedal";"Ingen";"2018-2024";0;"Data ikke tilgjengelig"
"ENCREC_006";"40";"4016";"Drangedal";"Ingen";"2018-2024";0;"Data ikke tilgjengelig"
"ENCREC_006";"40";"4016";"Drangedal";"Ingen";"2018-2024";0;"Data ikke tilgjengelig"
"ENCREC_006";"40";"4016";"Drangedal";"Ingen";"2018-2024";0;"Data ikke tilgjengelig"
"ENCREC_006";"40";"4016";"Drangedal";"Ingen";"2018-2024";0;"Data ikke tilgjengelig"
"ENCREC_006";"40";"4016";"Drangedal";"Ingen";"2018-2024";0;"Data ikke tilgjengelig"
"ENCREC_006";"40";"4016";"Drangedal";"Ingen";"2018-2024";0;"Data ikke tilgjengelig"
"ENCREC_006";"40";"4016";"Drangedal";"Ingen";"2018-2024";NA;"Data ikke tilgjengelig"
"ENCREC_006";"40";"4020";"Midt-Telemark";"Ingen";"2018-2024";0;"Data ikke tilgjengelig"
"ENCREC_006";"40";"4020";"Midt-Telemark";"Ingen";"2018-2024";0;"Data ikke tilgjengelig"
"ENCREC_006";"40";"4020";"Midt-Telemark";"Ingen";"2018-2024";0;"Data ikke tilgjengelig"
"ENCREC_006";"40";"4020";"Midt-Telemark";"Ingen";"2018-2024";0;"Data ikke tilgjengelig"
"ENCREC_006";"40";"4020";"Midt-Telemark";"Ingen";"2018-2024";0;"Data ikke tilgjengelig"
"ENCREC_006";"40";"4020";"Midt-Telemark";"Ingen";"2018-2024";0;"Data ikke tilgjengelig"
"ENCREC_006";"40";"4020";"Midt-Telemark";"Ingen";"2018-2024";0;"Data ikke tilgjengelig"
"ENCREC_006";"40";"4020";"Midt-Telemark";"Ingen";"2018-2024";NA;"Data ikke tilgjengelig"
"ENCREC_006";"42";"4201";"Risør";"Ingen";"2018-2024";0;"Data ikke tilgjengelig"
"ENCREC_006";"42";"4201";"Risør";"Ingen";"2018-2024";0;"Data ikke tilgjengelig"
"ENCREC_006";"42";"4201";"Risør";"Ingen";"2018-2024";0;"Data ikke tilgjengelig"
"ENCREC_006";"42";"4201";"Risør";"Ingen";"2018-2024";0;"Data ikke tilgjengelig"
"ENCREC_006";"42";"4201";"Risør";"Ingen";"2018-2024";0;"Data ikke tilgjengelig"
"ENCREC_006";"42";"4201";"Risør";"Ingen";"2018-2024";0;"Data ikke tilgjengelig"
"ENCREC_006";"42";"4201";"Risør";"Ingen";"2018-2024";0;"Data ikke tilgjengelig"
"ENCREC_006";"42";"4201";"Risør";"Ingen";"2018-2024";NA;"Data ikke tilgjengelig"
"ENCREC_006";"42";"4211";"Gjerstad";"Ingen";"2018-2024";0;"Data ikke tilgjengelig"
"ENCREC_006";"42";"4211";"Gjerstad";"Ingen";"2018-2024";0;"Data ikke tilgjengelig"
"ENCREC_006";"42";"4211";"Gjerstad";"Ingen";"2018-2024";0;"Data ikke tilgjengelig"
"ENCREC_006";"42";"4211";"Gjerstad";"Ingen";"2018-2024";0;"Data ikke tilgjengelig"
"ENCREC_006";"42";"4211";"Gjerstad";"Ingen";"2018-2024";0;"Data ikke tilgjengelig"
"ENCREC_006";"42";"4211";"Gjerstad";"Ingen";"2018-2024";0;"Data ikke tilgjengelig"
"ENCREC_006";"42";"4211";"Gjerstad";"Ingen";"2018-2024";0;"Data ikke tilgjengelig"
"ENCREC_006";"42";"4211";"Gjerstad";"Ingen";"2018-2024";NA;"Data ikke tilgjengelig"
"ENCREC_006";"42";"4212";"Vegårshei";"Ingen";"2018-2024";0;"Data ikke tilgjengelig"
"ENCREC_006";"42";"4212";"Vegårshei";"Ingen";"2018-2024";0;"Data ikke tilgjengelig"
"ENCREC_006";"42";"4212";"Vegårshei";"Ingen";"2018-2024";0;"Data ikke tilgjengelig"
"ENCREC_006";"42";"4212";"Vegårshei";"Ingen";"2018-2024";0;"Data ikke tilgjengelig"
"ENCREC_006";"42";"4212";"Vegårshei";"Ingen";"2018-2024";0;"Data ikke tilgjengelig"
"ENCREC_006";"42";"4212";"Vegårshei";"Ingen";"2018-2024";0;"Data ikke tilgjengelig"
"ENCREC_006";"42";"4212";"Vegårshei";"Ingen";"2018-2024";0;"Data ikke tilgjengelig"
"ENCREC_006";"42";"4212";"Vegårshei";"Ingen";"2018-2024";NA;"Data ikke tilgjengelig"
"ENCREC_006";"42";"4214";"Froland";"Ingen";"2018-2024";0;"Data ikke tilgjengelig"
"ENCREC_006";"42";"4214";"Froland";"Ingen";"2018-2024";0;"Data ikke tilgjengelig"
"ENCREC_006";"42";"4214";"Froland";"Ingen";"2018-2024";0;"Data ikke tilgjengelig"
"ENCREC_006";"42";"4214";"Froland";"Ingen";"2018-2024";0;"Data ikke tilgjengelig"
"ENCREC_006";"42";"4214";"Froland";"Ingen";"2018-2024";0;"Data ikke tilgjengelig"
"ENCREC_006";"42";"4214";"Froland";"Ingen";"2018-2024";0;"Data ikke tilgjengelig"
"ENCREC_006";"42";"4214";"Froland";"Ingen";"2018-2024";0;"Data ikke tilgjengelig"
"ENCREC_006";"42";"4214";"Froland";"Ingen";"2018-2024";NA;"Data ikke tilgjengelig"
"ENCREC_006";"42";"4216";"Birkenes";"Ingen";"2018-2024";0;"Data ikke tilgjengelig"
"ENCREC_006";"42";"4216";"Birkenes";"Ingen";"2018-2024";0;"Data ikke tilgjengelig"
"ENCREC_006";"42";"4216";"Birkenes";"Ingen";"2018-2024";0;"Data ikke tilgjengelig"
"ENCREC_006";"42";"4216";"Birkenes";"Ingen";"2018-2024";0;"Data ikke tilgjengelig"
"ENCREC_006";"42";"4216";"Birkenes";"Ingen";"2018-2024";0;"Data ikke tilgjengelig"
"ENCREC_006";"42";"4216";"Birkenes";"Ingen";"2018-2024";0;"Data ikke tilgjengelig"
"ENCREC_006";"42";"4216";"Birkenes";"Ingen";"2018-2024";0;"Data ikke tilgjengelig"
"ENCREC_006";"42";"4216";"Birkenes";"Ingen";"2018-2024";NA;"Data ikke tilgjengelig"
"ENCREC_006";"42";"4219";"Evje og Hornnes";"Ingen";"2018-2024";0;"Data ikke tilgjengelig"
"ENCREC_006";"42";"4219";"Evje og Hornnes";"Ingen";"2018-2024";0;"Data ikke tilgjengelig"
"ENCREC_006";"42";"4219";"Evje og Hornnes";"Ingen";"2018-2024";0;"Data ikke tilgjengelig"
"ENCREC_006";"42";"4219";"Evje og Hornnes";"Ingen";"2018-2024";0;"Data ikke tilgjengelig"
"ENCREC_006";"42";"4219";"Evje og Hornnes";"Ingen";"2018-2024";0;"Data ikke tilgjengelig"
"ENCREC_006";"42";"4219";"Evje og Hornnes";"Ingen";"2018-2024";0;"Data ikke tilgjengelig"
"ENCREC_006";"42";"4219";"Evje og Hornnes";"Ingen";"2018-2024";0;"Data ikke tilgjengelig"
"ENCREC_006";"42";"4219";"Evje og Hornnes";"Ingen";"2018-2024";NA;"Data ikke tilgjengelig"
"ENCREC_006";"42";"4225";"Lyngdal";"Ingen";"2018-2024";0;"Data ikke tilgjengelig"
"ENCREC_006";"42";"4225";"Lyngdal";"Ingen";"2018-2024";0;"Data ikke tilgjengelig"
"ENCREC_006";"42";"4225";"Lyngdal";"Ingen";"2018-2024";0;"Data ikke tilgjengelig"
"ENCREC_006";"42";"4225";"Lyngdal";"Ingen";"2018-2024";0;"Data ikke tilgjengelig"
"ENCREC_006";"42";"4225";"Lyngdal";"Ingen";"2018-2024";0;"Data ikke tilgjengelig"
"ENCREC_006";"42";"4225";"Lyngdal";"Ingen";"2018-2024";0;"Data ikke tilgjengelig"
"ENCREC_006";"42";"4225";"Lyngdal";"Ingen";"2018-2024";0;"Data ikke tilgjengelig"
"ENCREC_006";"42";"4225";"Lyngdal";"Ingen";"2018-2024";NA;"Data ikke tilgjengelig"
"ENCREC_006";"42";"4227";"Kvinesdal";"Ingen";"2018-2024";0;"Data ikke tilgjengelig"
"ENCREC_006";"42";"4227";"Kvinesdal";"Ingen";"2018-2024";0;"Data ikke tilgjengelig"
"ENCREC_006";"42";"4227";"Kvinesdal";"Ingen";"2018-2024";0;"Data ikke tilgjengelig"
"ENCREC_006";"42";"4227";"Kvinesdal";"Ingen";"2018-2024";0;"Data ikke tilgjengelig"
"ENCREC_006";"42";"4227";"Kvinesdal";"Ingen";"2018-2024";0;"Data ikke tilgjengelig"
"ENCREC_006";"42";"4227";"Kvinesdal";"Ingen";"2018-2024";0;"Data ikke tilgjengelig"
"ENCREC_006";"42";"4227";"Kvinesdal";"Ingen";"2018-2024";0;"Data ikke tilgjengelig"
"ENCREC_006";"42";"4227";"Kvinesdal";"Ingen";"2018-2024";NA;"Data ikke tilgjengelig"
"ENCREC_006";"46";"4602";"Kinn";"Ingen";"2018-2024";0;"Data ikke tilgjengelig"
"ENCREC_006";"46";"4602";"Kinn";"Ingen";"2018-2024";0;"Data ikke tilgjengelig"
"ENCREC_006";"46";"4602";"Kinn";"Ingen";"2018-2024";0;"Data ikke tilgjengelig"
"ENCREC_006";"46";"4602";"Kinn";"Ingen";"2018-2024";0;"Data ikke tilgjengelig"
"ENCREC_006";"46";"4602";"Kinn";"Ingen";"2018-2024";0;"Data ikke tilgjengelig"
"ENCREC_006";"46";"4602";"Kinn";"Ingen";"2018-2024";0;"Data ikke tilgjengelig"
"ENCREC_006";"46";"4602";"Kinn";"Ingen";"2018-2024";0;"Data ikke tilgjengelig"
"ENCREC_006";"46";"4602";"Kinn";"Ingen";"2018-2024";NA;"Data ikke tilgjengelig"
"ENCREC_006";"46";"4611";"Etne";"Ingen";"2018-2024";0;"Data ikke tilgjengelig"
"ENCREC_006";"46";"4611";"Etne";"Ingen";"2018-2024";0;"Data ikke tilgjengelig"
"ENCREC_006";"46";"4611";"Etne";"Ingen";"2018-2024";0;"Data ikke tilgjengelig"
"ENCREC_006";"46";"4611";"Etne";"Ingen";"2018-2024";0;"Data ikke tilgjengelig"
"ENCREC_006";"46";"4611";"Etne";"Ingen";"2018-2024";0;"Data ikke tilgjengelig"
"ENCREC_006";"46";"4611";"Etne";"Ingen";"2018-2024";0;"Data ikke tilgjengelig"
"ENCREC_006";"46";"4611";"Etne";"Ingen";"2018-2024";0;"Data ikke tilgjengelig"
"ENCREC_006";"46";"4611";"Etne";"Ingen";"2018-2024";NA;"Data ikke tilgjengelig"
"ENCREC_006";"46";"4614";"Stord";"Ingen";"2018-2024";0;"Data ikke tilgjengelig"
"ENCREC_006";"46";"4614";"Stord";"Ingen";"2018-2024";0;"Data ikke tilgjengelig"
"ENCREC_006";"46";"4614";"Stord";"Ingen";"2018-2024";0;"Data ikke tilgjengelig"
"ENCREC_006";"46";"4614";"Stord";"Ingen";"2018-2024";0;"Data ikke tilgjengelig"
"ENCREC_006";"46";"4614";"Stord";"Ingen";"2018-2024";0;"Data ikke tilgjengelig"
"ENCREC_006";"46";"4614";"Stord";"Ingen";"2018-2024";0;"Data ikke tilgjengelig"
"ENCREC_006";"46";"4614";"Stord";"Ingen";"2018-2024";0;"Data ikke tilgjengelig"
"ENCREC_006";"46";"4614";"Stord";"Ingen";"2018-2024";NA;"Data ikke tilgjengelig"
"ENCREC_006";"46";"4615";"Fitjar";"Ingen";"2018-2024";0;"Data ikke tilgjengelig"
"ENCREC_006";"46";"4615";"Fitjar";"Ingen";"2018-2024";0;"Data ikke tilgjengelig"
"ENCREC_006";"46";"4615";"Fitjar";"Ingen";"2018-2024";0;"Data ikke tilgjengelig"
"ENCREC_006";"46";"4615";"Fitjar";"Ingen";"2018-2024";0;"Data ikke tilgjengelig"
"ENCREC_006";"46";"4615";"Fitjar";"Ingen";"2018-2024";0;"Data ikke tilgjengelig"
"ENCREC_006";"46";"4615";"Fitjar";"Ingen";"2018-2024";0;"Data ikke tilgjengelig"
"ENCREC_006";"46";"4615";"Fitjar";"Ingen";"2018-2024";0;"Data ikke tilgjengelig"
"ENCREC_006";"46";"4615";"Fitjar";"Ingen";"2018-2024";NA;"Data ikke tilgjengelig"
"ENCREC_006";"46";"4620";"Ulvik";"Ingen";"2018-2024";0;"Data ikke tilgjengelig"
"ENCREC_006";"46";"4620";"Ulvik";"Ingen";"2018-2024";0;"Data ikke tilgjengelig"
"ENCREC_006";"46";"4620";"Ulvik";"Ingen";"2018-2024";0;"Data ikke tilgjengelig"
"ENCREC_006";"46";"4620";"Ulvik";"Ingen";"2018-2024";0;"Data ikke tilgjengelig"
"ENCREC_006";"46";"4620";"Ulvik";"Ingen";"2018-2024";0;"Data ikke tilgjengelig"
"ENCREC_006";"46";"4620";"Ulvik";"Ingen";"2018-2024";0;"Data ikke tilgjengelig"
"ENCREC_006";"46";"4620";"Ulvik";"Ingen";"2018-2024";0;"Data ikke tilgjengelig"
"ENCREC_006";"46";"4620";"Ulvik";"Ingen";"2018-2024";NA;"Data ikke tilgjengelig"
"ENCREC_006";"46";"4621";"Voss";"Ingen";"2018-2024";0;"Data ikke tilgjengelig"
"ENCREC_006";"46";"4621";"Voss";"Ingen";"2018-2024";0;"Data ikke tilgjengelig"
"ENCREC_006";"46";"4621";"Voss";"Ingen";"2018-2024";0;"Data ikke tilgjengelig"
"ENCREC_006";"46";"4621";"Voss";"Ingen";"2018-2024";0;"Data ikke tilgjengelig"
"ENCREC_006";"46";"4621";"Voss";"Ingen";"2018-2024";0;"Data ikke tilgjengelig"
"ENCREC_006";"46";"4621";"Voss";"Ingen";"2018-2024";0;"Data ikke tilgjengelig"
"ENCREC_006";"46";"4621";"Voss";"Ingen";"2018-2024";0;"Data ikke tilgjengelig"
"ENCREC_006";"46";"4621";"Voss";"Ingen";"2018-2024";NA;"Data ikke tilgjengelig"
"ENCREC_006";"46";"4623";"Samnanger";"Ingen";"2018-2024";0;"Data ikke tilgjengelig"
"ENCREC_006";"46";"4623";"Samnanger";"Ingen";"2018-2024";0;"Data ikke tilgjengelig"
"ENCREC_006";"46";"4623";"Samnanger";"Ingen";"2018-2024";0;"Data ikke tilgjengelig"
"ENCREC_006";"46";"4623";"Samnanger";"Ingen";"2018-2024";0;"Data ikke tilgjengelig"
"ENCREC_006";"46";"4623";"Samnanger";"Ingen";"2018-2024";0;"Data ikke tilgjengelig"
"ENCREC_006";"46";"4623";"Samnanger";"Ingen";"2018-2024";0;"Data ikke tilgjengelig"
"ENCREC_006";"46";"4623";"Samnanger";"Ingen";"2018-2024";0;"Data ikke tilgjengelig"
"ENCREC_006";"46";"4623";"Samnanger";"Ingen";"2018-2024";NA;"Data ikke tilgjengelig"
"ENCREC_006";"46";"4624";"Bjørnafjorden";"Ingen";"2018-2024";0;"Data ikke tilgjengelig"
"ENCREC_006";"46";"4624";"Bjørnafjorden";"Ingen";"2018-2024";0;"Data ikke tilgjengelig"
"ENCREC_006";"46";"4624";"Bjørnafjorden";"Ingen";"2018-2024";0;"Data ikke tilgjengelig"
"ENCREC_006";"46";"4624";"Bjørnafjorden";"Ingen";"2018-2024";0;"Data ikke tilgjengelig"
"ENCREC_006";"46";"4624";"Bjørnafjorden";"Ingen";"2018-2024";0;"Data ikke tilgjengelig"
"ENCREC_006";"46";"4624";"Bjørnafjorden";"Ingen";"2018-2024";0;"Data ikke tilgjengelig"
"ENCREC_006";"46";"4624";"Bjørnafjorden";"Ingen";"2018-2024";0;"Data ikke tilgjengelig"
"ENCREC_006";"46";"4624";"Bjørnafjorden";"Ingen";"2018-2024";NA;"Data ikke tilgjengelig"
"ENCREC_006";"46";"4628";"Vaksdal";"Ingen";"2018-2024";0;"Data ikke tilgjengelig"
"ENCREC_006";"46";"4628";"Vaksdal";"Ingen";"2018-2024";0;"Data ikke tilgjengelig"
"ENCREC_006";"46";"4628";"Vaksdal";"Ingen";"2018-2024";0;"Data ikke tilgjengelig"
"ENCREC_006";"46";"4628";"Vaksdal";"Ingen";"2018-2024";0;"Data ikke tilgjengelig"
"ENCREC_006";"46";"4628";"Vaksdal";"Ingen";"2018-2024";0;"Data ikke tilgjengelig"
"ENCREC_006";"46";"4628";"Vaksdal";"Ingen";"2018-2024";0;"Data ikke tilgjengelig"
"ENCREC_006";"46";"4628";"Vaksdal";"Ingen";"2018-2024";0;"Data ikke tilgjengelig"
"ENCREC_006";"46";"4628";"Vaksdal";"Ingen";"2018-2024";NA;"Data ikke tilgjengelig"
"ENCREC_006";"46";"4629";"Modalen";"Ingen";"2018-2024";0;"Data ikke tilgjengelig"
"ENCREC_006";"46";"4629";"Modalen";"Ingen";"2018-2024";0;"Data ikke tilgjengelig"
"ENCREC_006";"46";"4629";"Modalen";"Ingen";"2018-2024";0;"Data ikke tilgjengelig"
"ENCREC_006";"46";"4629";"Modalen";"Ingen";"2018-2024";0;"Data ikke tilgjengelig"
"ENCREC_006";"46";"4629";"Modalen";"Ingen";"2018-2024";0;"Data ikke tilgjengelig"
"ENCREC_006";"46";"4629";"Modalen";"Ingen";"2018-2024";0;"Data ikke tilgjengelig"
"ENCREC_006";"46";"4629";"Modalen";"Ingen";"2018-2024";0;"Data ikke tilgjengelig"
"ENCREC_006";"46";"4629";"Modalen";"Ingen";"2018-2024";NA;"Data ikke tilgjengelig"
"ENCREC_006";"46";"4630";"Osterøy";"Ingen";"2018-2024";0;"Data ikke tilgjengelig"
"ENCREC_006";"46";"4630";"Osterøy";"Ingen";"2018-2024";0;"Data ikke tilgjengelig"
"ENCREC_006";"46";"4630";"Osterøy";"Ingen";"2018-2024";0;"Data ikke tilgjengelig"
"ENCREC_006";"46";"4630";"Osterøy";"Ingen";"2018-2024";0;"Data ikke tilgjengelig"
"ENCREC_006";"46";"4630";"Osterøy";"Ingen";"2018-2024";0;"Data ikke tilgjengelig"
"ENCREC_006";"46";"4630";"Osterøy";"Ingen";"2018-2024";0;"Data ikke tilgjengelig"
"ENCREC_006";"46";"4630";"Osterøy";"Ingen";"2018-2024";0;"Data ikke tilgjengelig"
"ENCREC_006";"46";"4630";"Osterøy";"Ingen";"2018-2024";NA;"Data ikke tilgjengelig"
"ENCREC_006";"46";"4631";"Alver";"Ingen";"2018-2024";0;"Data ikke tilgjengelig"
"ENCREC_006";"46";"4631";"Alver";"Ingen";"2018-2024";0;"Data ikke tilgjengelig"
"ENCREC_006";"46";"4631";"Alver";"Ingen";"2018-2024";0;"Data ikke tilgjengelig"
"ENCREC_006";"46";"4631";"Alver";"Ingen";"2018-2024";0;"Data ikke tilgjengelig"
"ENCREC_006";"46";"4631";"Alver";"Ingen";"2018-2024";0;"Data ikke tilgjengelig"
"ENCREC_006";"46";"4631";"Alver";"Ingen";"2018-2024";0;"Data ikke tilgjengelig"
"ENCREC_006";"46";"4631";"Alver";"Ingen";"2018-2024";0;"Data ikke tilgjengelig"
"ENCREC_006";"46";"4631";"Alver";"Ingen";"2018-2024";NA;"Data ikke tilgjengelig"
"ENCREC_006";"46";"4632";"Austrheim";"Ingen";"2018-2024";0;"Data ikke tilgjengelig"
"ENCREC_006";"46";"4632";"Austrheim";"Ingen";"2018-2024";0;"Data ikke tilgjengelig"
"ENCREC_006";"46";"4632";"Austrheim";"Ingen";"2018-2024";0;"Data ikke tilgjengelig"
"ENCREC_006";"46";"4632";"Austrheim";"Ingen";"2018-2024";0;"Data ikke tilgjengelig"
"ENCREC_006";"46";"4632";"Austrheim";"Ingen";"2018-2024";0;"Data ikke tilgjengelig"
"ENCREC_006";"46";"4632";"Austrheim";"Ingen";"2018-2024";0;"Data ikke tilgjengelig"
"ENCREC_006";"46";"4632";"Austrheim";"Ingen";"2018-2024";0;"Data ikke tilgjengelig"
"ENCREC_006";"46";"4632";"Austrheim";"Ingen";"2018-2024";NA;"Data ikke tilgjengelig"
"ENCREC_006";"46";"4633";"Fedje";"Ingen";"2018-2024";0;"Data ikke tilgjengelig"
"ENCREC_006";"46";"4633";"Fedje";"Ingen";"2018-2024";0;"Data ikke tilgjengelig"
"ENCREC_006";"46";"4633";"Fedje";"Ingen";"2018-2024";0;"Data ikke tilgjengelig"
"ENCREC_006";"46";"4633";"Fedje";"Ingen";"2018-2024";0;"Data ikke tilgjengelig"
"ENCREC_006";"46";"4633";"Fedje";"Ingen";"2018-2024";0;"Data ikke tilgjengelig"
"ENCREC_006";"46";"4633";"Fedje";"Ingen";"2018-2024";0;"Data ikke tilgjengelig"
"ENCREC_006";"46";"4633";"Fedje";"Ingen";"2018-2024";0;"Data ikke tilgjengelig"
"ENCREC_006";"46";"4633";"Fedje";"Ingen";"2018-2024";NA;"Data ikke tilgjengelig"
"ENCREC_006";"46";"4634";"Masfjorden";"Ingen";"2018-2024";0;"Data ikke tilgjengelig"
"ENCREC_006";"46";"4634";"Masfjorden";"Ingen";"2018-2024";0;"Data ikke tilgjengelig"
"ENCREC_006";"46";"4634";"Masfjorden";"Ingen";"2018-2024";0;"Data ikke tilgjengelig"
"ENCREC_006";"46";"4634";"Masfjorden";"Ingen";"2018-2024";0;"Data ikke tilgjengelig"
"ENCREC_006";"46";"4634";"Masfjorden";"Ingen";"2018-2024";0;"Data ikke tilgjengelig"
"ENCREC_006";"46";"4634";"Masfjorden";"Ingen";"2018-2024";0;"Data ikke tilgjengelig"
"ENCREC_006";"46";"4634";"Masfjorden";"Ingen";"2018-2024";0;"Data ikke tilgjengelig"
"ENCREC_006";"46";"4634";"Masfjorden";"Ingen";"2018-2024";NA;"Data ikke tilgjengelig"
"ENCREC_006";"46";"4635";"Gulen";"Ingen";"2018-2024";0;"Data ikke tilgjengelig"
"ENCREC_006";"46";"4635";"Gulen";"Ingen";"2018-2024";0;"Data ikke tilgjengelig"
"ENCREC_006";"46";"4635";"Gulen";"Ingen";"2018-2024";0;"Data ikke tilgjengelig"
"ENCREC_006";"46";"4635";"Gulen";"Ingen";"2018-2024";0;"Data ikke tilgjengelig"
"ENCREC_006";"46";"4635";"Gulen";"Ingen";"2018-2024";0;"Data ikke tilgjengelig"
"ENCREC_006";"46";"4635";"Gulen";"Ingen";"2018-2024";0;"Data ikke tilgjengelig"
"ENCREC_006";"46";"4635";"Gulen";"Ingen";"2018-2024";0;"Data ikke tilgjengelig"
"ENCREC_006";"46";"4635";"Gulen";"Ingen";"2018-2024";NA;"Data ikke tilgjengelig"
"ENCREC_006";"46";"4637";"Hyllestad";"Ingen";"2018-2024";0;"Data ikke tilgjengelig"
"ENCREC_006";"46";"4637";"Hyllestad";"Ingen";"2018-2024";0;"Data ikke tilgjengelig"
"ENCREC_006";"46";"4637";"Hyllestad";"Ingen";"2018-2024";0;"Data ikke tilgjengelig"
"ENCREC_006";"46";"4637";"Hyllestad";"Ingen";"2018-2024";0;"Data ikke tilgjengelig"
"ENCREC_006";"46";"4637";"Hyllestad";"Ingen";"2018-2024";0;"Data ikke tilgjengelig"
"ENCREC_006";"46";"4637";"Hyllestad";"Ingen";"2018-2024";0;"Data ikke tilgjengelig"
"ENCREC_006";"46";"4637";"Hyllestad";"Ingen";"2018-2024";0;"Data ikke tilgjengelig"
"ENCREC_006";"46";"4637";"Hyllestad";"Ingen";"2018-2024";NA;"Data ikke tilgjengelig"
"ENCREC_006";"46";"4638";"Høyanger";"Ingen";"2018-2024";0;"Data ikke tilgjengelig"
"ENCREC_006";"46";"4638";"Høyanger";"Ingen";"2018-2024";0;"Data ikke tilgjengelig"
"ENCREC_006";"46";"4638";"Høyanger";"Ingen";"2018-2024";0;"Data ikke tilgjengelig"
"ENCREC_006";"46";"4638";"Høyanger";"Ingen";"2018-2024";0;"Data ikke tilgjengelig"
"ENCREC_006";"46";"4638";"Høyanger";"Ingen";"2018-2024";0;"Data ikke tilgjengelig"
"ENCREC_006";"46";"4638";"Høyanger";"Ingen";"2018-2024";0;"Data ikke tilgjengelig"
"ENCREC_006";"46";"4638";"Høyanger";"Ingen";"2018-2024";0;"Data ikke tilgjengelig"
"ENCREC_006";"46";"4638";"Høyanger";"Ingen";"2018-2024";NA;"Data ikke tilgjengelig"
"ENCREC_006";"46";"4639";"Vik";"Ingen";"2018-2024";0;"Data ikke tilgjengelig"
"ENCREC_006";"46";"4639";"Vik";"Ingen";"2018-2024";0;"Data ikke tilgjengelig"
"ENCREC_006";"46";"4639";"Vik";"Ingen";"2018-2024";0;"Data ikke tilgjengelig"
"ENCREC_006";"46";"4639";"Vik";"Ingen";"2018-2024";0;"Data ikke tilgjengelig"
"ENCREC_006";"46";"4639";"Vik";"Ingen";"2018-2024";0;"Data ikke tilgjengelig"
"ENCREC_006";"46";"4639";"Vik";"Ingen";"2018-2024";0;"Data ikke tilgjengelig"
"ENCREC_006";"46";"4639";"Vik";"Ingen";"2018-2024";0;"Data ikke tilgjengelig"
"ENCREC_006";"46";"4639";"Vik";"Ingen";"2018-2024";NA;"Data ikke tilgjengelig"
"ENCREC_006";"46";"4641";"Aurland";"Ingen";"2018-2024";0;"Data ikke tilgjengelig"
"ENCREC_006";"46";"4641";"Aurland";"Ingen";"2018-2024";0;"Data ikke tilgjengelig"
"ENCREC_006";"46";"4641";"Aurland";"Ingen";"2018-2024";0;"Data ikke tilgjengelig"
"ENCREC_006";"46";"4641";"Aurland";"Ingen";"2018-2024";0;"Data ikke tilgjengelig"
"ENCREC_006";"46";"4641";"Aurland";"Ingen";"2018-2024";0;"Data ikke tilgjengelig"
"ENCREC_006";"46";"4641";"Aurland";"Ingen";"2018-2024";0;"Data ikke tilgjengelig"
"ENCREC_006";"46";"4641";"Aurland";"Ingen";"2018-2024";0;"Data ikke tilgjengelig"
"ENCREC_006";"46";"4641";"Aurland";"Ingen";"2018-2024";NA;"Data ikke tilgjengelig"
"ENCREC_006";"46";"4643";"Årdal";"Ingen";"2018-2024";0;"Data ikke tilgjengelig"
"ENCREC_006";"46";"4643";"Årdal";"Ingen";"2018-2024";0;"Data ikke tilgjengelig"
"ENCREC_006";"46";"4643";"Årdal";"Ingen";"2018-2024";0;"Data ikke tilgjengelig"
"ENCREC_006";"46";"4643";"Årdal";"Ingen";"2018-2024";0;"Data ikke tilgjengelig"
"ENCREC_006";"46";"4643";"Årdal";"Ingen";"2018-2024";0;"Data ikke tilgjengelig"
"ENCREC_006";"46";"4643";"Årdal";"Ingen";"2018-2024";0;"Data ikke tilgjengelig"
"ENCREC_006";"46";"4643";"Årdal";"Ingen";"2018-2024";0;"Data ikke tilgjengelig"
"ENCREC_006";"46";"4643";"Årdal";"Ingen";"2018-2024";NA;"Data ikke tilgjengelig"
"ENCREC_006";"46";"4646";"Fjaler";"Ingen";"2018-2024";0;"Data ikke tilgjengelig"
"ENCREC_006";"46";"4646";"Fjaler";"Ingen";"2018-2024";0;"Data ikke tilgjengelig"
"ENCREC_006";"46";"4646";"Fjaler";"Ingen";"2018-2024";0;"Data ikke tilgjengelig"
"ENCREC_006";"46";"4646";"Fjaler";"Ingen";"2018-2024";0;"Data ikke tilgjengelig"
"ENCREC_006";"46";"4646";"Fjaler";"Ingen";"2018-2024";0;"Data ikke tilgjengelig"
"ENCREC_006";"46";"4646";"Fjaler";"Ingen";"2018-2024";0;"Data ikke tilgjengelig"
"ENCREC_006";"46";"4646";"Fjaler";"Ingen";"2018-2024";0;"Data ikke tilgjengelig"
"ENCREC_006";"46";"4646";"Fjaler";"Ingen";"2018-2024";NA;"Data ikke tilgjengelig"
"ENCREC_006";"46";"4648";"Bremanger";"Ingen";"2018-2024";0;"Data ikke tilgjengelig"
"ENCREC_006";"46";"4648";"Bremanger";"Ingen";"2018-2024";0;"Data ikke tilgjengelig"
"ENCREC_006";"46";"4648";"Bremanger";"Ingen";"2018-2024";0;"Data ikke tilgjengelig"
"ENCREC_006";"46";"4648";"Bremanger";"Ingen";"2018-2024";0;"Data ikke tilgjengelig"
"ENCREC_006";"46";"4648";"Bremanger";"Ingen";"2018-2024";0;"Data ikke tilgjengelig"
"ENCREC_006";"46";"4648";"Bremanger";"Ingen";"2018-2024";0;"Data ikke tilgjengelig"
"ENCREC_006";"46";"4648";"Bremanger";"Ingen";"2018-2024";0;"Data ikke tilgjengelig"
"ENCREC_006";"46";"4648";"Bremanger";"Ingen";"2018-2024";NA;"Data ikke tilgjengelig"
"ENCREC_006";"46";"4650";"Gloppen";"Ingen";"2018-2024";0;"Data ikke tilgjengelig"
"ENCREC_006";"46";"4650";"Gloppen";"Ingen";"2018-2024";0;"Data ikke tilgjengelig"
"ENCREC_006";"46";"4650";"Gloppen";"Ingen";"2018-2024";0;"Data ikke tilgjengelig"
"ENCREC_006";"46";"4650";"Gloppen";"Ingen";"2018-2024";0;"Data ikke tilgjengelig"
"ENCREC_006";"46";"4650";"Gloppen";"Ingen";"2018-2024";0;"Data ikke tilgjengelig"
"ENCREC_006";"46";"4650";"Gloppen";"Ingen";"2018-2024";0;"Data ikke tilgjengelig"
"ENCREC_006";"46";"4650";"Gloppen";"Ingen";"2018-2024";0;"Data ikke tilgjengelig"
"ENCREC_006";"46";"4650";"Gloppen";"Ingen";"2018-2024";NA;"Data ikke tilgjengelig"
"ENCREC_006";"50";"5007";"Namsos/Nåavmesjenjaelmie";"Ingen";"2018-2024";0;"Data ikke tilgjengelig"
"ENCREC_006";"50";"5007";"Namsos/Nåavmesjenjaelmie";"Ingen";"2018-2024";0;"Data ikke tilgjengelig"
"ENCREC_006";"50";"5007";"Namsos/Nåavmesjenjaelmie";"Ingen";"2018-2024";0;"Data ikke tilgjengelig"
"ENCREC_006";"50";"5007";"Namsos/Nåavmesjenjaelmie";"Ingen";"2018-2024";0;"Data ikke tilgjengelig"
"ENCREC_006";"50";"5007";"Namsos/Nåavmesjenjaelmie";"Ingen";"2018-2024";0;"Data ikke tilgjengelig"
"ENCREC_006";"50";"5007";"Namsos/Nåavmesjenjaelmie";"Ingen";"2018-2024";0;"Data ikke tilgjengelig"
"ENCREC_006";"50";"5007";"Namsos/Nåavmesjenjaelmie";"Ingen";"2018-2024";0;"Data ikke tilgjengelig"
"ENCREC_006";"50";"5007";"Namsos/Nåavmesjenjaelmie";"Ingen";"2018-2024";NA;"Data ikke tilgjengelig"
"ENCREC_006";"50";"5020";"Osen";"Ingen";"2018-2024";0;"Data ikke tilgjengelig"
"ENCREC_006";"50";"5020";"Osen";"Ingen";"2018-2024";0;"Data ikke tilgjengelig"
"ENCREC_006";"50";"5020";"Osen";"Ingen";"2018-2024";0;"Data ikke tilgjengelig"
"ENCREC_006";"50";"5020";"Osen";"Ingen";"2018-2024";0;"Data ikke tilgjengelig"
"ENCREC_006";"50";"5020";"Osen";"Ingen";"2018-2024";0;"Data ikke tilgjengelig"
"ENCREC_006";"50";"5020";"Osen";"Ingen";"2018-2024";0;"Data ikke tilgjengelig"
"ENCREC_006";"50";"5020";"Osen";"Ingen";"2018-2024";0;"Data ikke tilgjengelig"
"ENCREC_006";"50";"5020";"Osen";"Ingen";"2018-2024";NA;"Data ikke tilgjengelig"
"ENCREC_006";"50";"5027";"Midtre Gauldal";"Ingen";"2018-2024";0;"Data ikke tilgjengelig"
"ENCREC_006";"50";"5027";"Midtre Gauldal";"Ingen";"2018-2024";0;"Data ikke tilgjengelig"
"ENCREC_006";"50";"5027";"Midtre Gauldal";"Ingen";"2018-2024";0;"Data ikke tilgjengelig"
"ENCREC_006";"50";"5027";"Midtre Gauldal";"Ingen";"2018-2024";0;"Data ikke tilgjengelig"
"ENCREC_006";"50";"5027";"Midtre Gauldal";"Ingen";"2018-2024";0;"Data ikke tilgjengelig"
"ENCREC_006";"50";"5027";"Midtre Gauldal";"Ingen";"2018-2024";0;"Data ikke tilgjengelig"
"ENCREC_006";"50";"5027";"Midtre Gauldal";"Ingen";"2018-2024";0;"Data ikke tilgjengelig"
"ENCREC_006";"50";"5027";"Midtre Gauldal";"Ingen";"2018-2024";NA;"Data ikke tilgjengelig"
"ENCREC_006";"50";"5029";"Skaun";"Ingen";"2018-2024";0;"Data ikke tilgjengelig"
"ENCREC_006";"50";"5029";"Skaun";"Ingen";"2018-2024";0;"Data ikke tilgjengelig"
"ENCREC_006";"50";"5029";"Skaun";"Ingen";"2018-2024";0;"Data ikke tilgjengelig"
"ENCREC_006";"50";"5029";"Skaun";"Ingen";"2018-2024";0;"Data ikke tilgjengelig"
"ENCREC_006";"50";"5029";"Skaun";"Ingen";"2018-2024";0;"Data ikke tilgjengelig"
"ENCREC_006";"50";"5029";"Skaun";"Ingen";"2018-2024";0;"Data ikke tilgjengelig"
"ENCREC_006";"50";"5029";"Skaun";"Ingen";"2018-2024";0;"Data ikke tilgjengelig"
"ENCREC_006";"50";"5029";"Skaun";"Ingen";"2018-2024";NA;"Data ikke tilgjengelig"
"ENCREC_006";"50";"5034";"Meråker";"Ingen";"2018-2024";0;"Data ikke tilgjengelig"
"ENCREC_006";"50";"5034";"Meråker";"Ingen";"2018-2024";0;"Data ikke tilgjengelig"
"ENCREC_006";"50";"5034";"Meråker";"Ingen";"2018-2024";0;"Data ikke tilgjengelig"
"ENCREC_006";"50";"5034";"Meråker";"Ingen";"2018-2024";0;"Data ikke tilgjengelig"
"ENCREC_006";"50";"5034";"Meråker";"Ingen";"2018-2024";0;"Data ikke tilgjengelig"
"ENCREC_006";"50";"5034";"Meråker";"Ingen";"2018-2024";0;"Data ikke tilgjengelig"
"ENCREC_006";"50";"5034";"Meråker";"Ingen";"2018-2024";0;"Data ikke tilgjengelig"
"ENCREC_006";"50";"5034";"Meråker";"Ingen";"2018-2024";NA;"Data ikke tilgjengelig"
"ENCREC_006";"50";"5036";"Frosta";"Ingen";"2018-2024";0;"Data ikke tilgjengelig"
"ENCREC_006";"50";"5036";"Frosta";"Ingen";"2018-2024";0;"Data ikke tilgjengelig"
"ENCREC_006";"50";"5036";"Frosta";"Ingen";"2018-2024";0;"Data ikke tilgjengelig"
"ENCREC_006";"50";"5036";"Frosta";"Ingen";"2018-2024";0;"Data ikke tilgjengelig"
"ENCREC_006";"50";"5036";"Frosta";"Ingen";"2018-2024";0;"Data ikke tilgjengelig"
"ENCREC_006";"50";"5036";"Frosta";"Ingen";"2018-2024";0;"Data ikke tilgjengelig"
"ENCREC_006";"50";"5036";"Frosta";"Ingen";"2018-2024";0;"Data ikke tilgjengelig"
"ENCREC_006";"50";"5036";"Frosta";"Ingen";"2018-2024";NA;"Data ikke tilgjengelig"
"ENCREC_006";"50";"5038";"Verdal";"Ingen";"2018-2024";0;"Data ikke tilgjengelig"
"ENCREC_006";"50";"5038";"Verdal";"Ingen";"2018-2024";0;"Data ikke tilgjengelig"
"ENCREC_006";"50";"5038";"Verdal";"Ingen";"2018-2024";0;"Data ikke tilgjengelig"
"ENCREC_006";"50";"5038";"Verdal";"Ingen";"2018-2024";0;"Data ikke tilgjengelig"
"ENCREC_006";"50";"5038";"Verdal";"Ingen";"2018-2024";0;"Data ikke tilgjengelig"
"ENCREC_006";"50";"5038";"Verdal";"Ingen";"2018-2024";0;"Data ikke tilgjengelig"
"ENCREC_006";"50";"5038";"Verdal";"Ingen";"2018-2024";0;"Data ikke tilgjengelig"
"ENCREC_006";"50";"5038";"Verdal";"Ingen";"2018-2024";NA;"Data ikke tilgjengelig"
"ENCREC_006";"50";"5041";"Snåase/Snåsa";"Ingen";"2018-2024";0;"Data ikke tilgjengelig"
"ENCREC_006";"50";"5041";"Snåase/Snåsa";"Ingen";"2018-2024";0;"Data ikke tilgjengelig"
"ENCREC_006";"50";"5041";"Snåase/Snåsa";"Ingen";"2018-2024";0;"Data ikke tilgjengelig"
"ENCREC_006";"50";"5041";"Snåase/Snåsa";"Ingen";"2018-2024";0;"Data ikke tilgjengelig"
"ENCREC_006";"50";"5041";"Snåase/Snåsa";"Ingen";"2018-2024";0;"Data ikke tilgjengelig"
"ENCREC_006";"50";"5041";"Snåase/Snåsa";"Ingen";"2018-2024";0;"Data ikke tilgjengelig"
"ENCREC_006";"50";"5041";"Snåase/Snåsa";"Ingen";"2018-2024";0;"Data ikke tilgjengelig"
"ENCREC_006";"50";"5041";"Snåase/Snåsa";"Ingen";"2018-2024";NA;"Data ikke tilgjengelig"
"ENCREC_006";"50";"5042";"Lierne";"Ingen";"2018-2024";0;"Data ikke tilgjengelig"
"ENCREC_006";"50";"5042";"Lierne";"Ingen";"2018-2024";0;"Data ikke tilgjengelig"
"ENCREC_006";"50";"5042";"Lierne";"Ingen";"2018-2024";0;"Data ikke tilgjengelig"
"ENCREC_006";"50";"5042";"Lierne";"Ingen";"2018-2024";0;"Data ikke tilgjengelig"
"ENCREC_006";"50";"5042";"Lierne";"Ingen";"2018-2024";0;"Data ikke tilgjengelig"
"ENCREC_006";"50";"5042";"Lierne";"Ingen";"2018-2024";0;"Data ikke tilgjengelig"
"ENCREC_006";"50";"5042";"Lierne";"Ingen";"2018-2024";0;"Data ikke tilgjengelig"
"ENCREC_006";"50";"5042";"Lierne";"Ingen";"2018-2024";NA;"Data ikke tilgjengelig"
"ENCREC_006";"50";"5043";"Raarvihke/Røyrvik";"Ingen";"2018-2024";0;"Data ikke tilgjengelig"
"ENCREC_006";"50";"5043";"Raarvihke/Røyrvik";"Ingen";"2018-2024";0;"Data ikke tilgjengelig"
"ENCREC_006";"50";"5043";"Raarvihke/Røyrvik";"Ingen";"2018-2024";0;"Data ikke tilgjengelig"
"ENCREC_006";"50";"5043";"Raarvihke/Røyrvik";"Ingen";"2018-2024";0;"Data ikke tilgjengelig"
"ENCREC_006";"50";"5043";"Raarvihke/Røyrvik";"Ingen";"2018-2024";0;"Data ikke tilgjengelig"
"ENCREC_006";"50";"5043";"Raarvihke/Røyrvik";"Ingen";"2018-2024";0;"Data ikke tilgjengelig"
"ENCREC_006";"50";"5043";"Raarvihke/Røyrvik";"Ingen";"2018-2024";0;"Data ikke tilgjengelig"
"ENCREC_006";"50";"5043";"Raarvihke/Røyrvik";"Ingen";"2018-2024";NA;"Data ikke tilgjengelig"
"ENCREC_006";"50";"5044";"Namsskogan";"Ingen";"2018-2024";0;"Data ikke tilgjengelig"
"ENCREC_006";"50";"5044";"Namsskogan";"Ingen";"2018-2024";0;"Data ikke tilgjengelig"
"ENCREC_006";"50";"5044";"Namsskogan";"Ingen";"2018-2024";0;"Data ikke tilgjengelig"
"ENCREC_006";"50";"5044";"Namsskogan";"Ingen";"2018-2024";0;"Data ikke tilgjengelig"
"ENCREC_006";"50";"5044";"Namsskogan";"Ingen";"2018-2024";0;"Data ikke tilgjengelig"
"ENCREC_006";"50";"5044";"Namsskogan";"Ingen";"2018-2024";0;"Data ikke tilgjengelig"
"ENCREC_006";"50";"5044";"Namsskogan";"Ingen";"2018-2024";0;"Data ikke tilgjengelig"
"ENCREC_006";"50";"5044";"Namsskogan";"Ingen";"2018-2024";NA;"Data ikke tilgjengelig"
"ENCREC_006";"50";"5046";"Høylandet";"Ingen";"2018-2024";0;"Data ikke tilgjengelig"
"ENCREC_006";"50";"5046";"Høylandet";"Ingen";"2018-2024";0;"Data ikke tilgjengelig"
"ENCREC_006";"50";"5046";"Høylandet";"Ingen";"2018-2024";0;"Data ikke tilgjengelig"
"ENCREC_006";"50";"5046";"Høylandet";"Ingen";"2018-2024";0;"Data ikke tilgjengelig"
"ENCREC_006";"50";"5046";"Høylandet";"Ingen";"2018-2024";0;"Data ikke tilgjengelig"
"ENCREC_006";"50";"5046";"Høylandet";"Ingen";"2018-2024";0;"Data ikke tilgjengelig"
"ENCREC_006";"50";"5046";"Høylandet";"Ingen";"2018-2024";0;"Data ikke tilgjengelig"
"ENCREC_006";"50";"5046";"Høylandet";"Ingen";"2018-2024";NA;"Data ikke tilgjengelig"
"ENCREC_006";"50";"5047";"Overhalla";"Ingen";"2018-2024";0;"Data ikke tilgjengelig"
"ENCREC_006";"50";"5047";"Overhalla";"Ingen";"2018-2024";0;"Data ikke tilgjengelig"
"ENCREC_006";"50";"5047";"Overhalla";"Ingen";"2018-2024";0;"Data ikke tilgjengelig"
"ENCREC_006";"50";"5047";"Overhalla";"Ingen";"2018-2024";0;"Data ikke tilgjengelig"
"ENCREC_006";"50";"5047";"Overhalla";"Ingen";"2018-2024";0;"Data ikke tilgjengelig"
"ENCREC_006";"50";"5047";"Overhalla";"Ingen";"2018-2024";0;"Data ikke tilgjengelig"
"ENCREC_006";"50";"5047";"Overhalla";"Ingen";"2018-2024";0;"Data ikke tilgjengelig"
"ENCREC_006";"50";"5047";"Overhalla";"Ingen";"2018-2024";NA;"Data ikke tilgjengelig"
"ENCREC_006";"50";"5049";"Flatanger";"Ingen";"2018-2024";0;"Data ikke tilgjengelig"
"ENCREC_006";"50";"5049";"Flatanger";"Ingen";"2018-2024";0;"Data ikke tilgjengelig"
"ENCREC_006";"50";"5049";"Flatanger";"Ingen";"2018-2024";0;"Data ikke tilgjengelig"
"ENCREC_006";"50";"5049";"Flatanger";"Ingen";"2018-2024";0;"Data ikke tilgjengelig"
"ENCREC_006";"50";"5049";"Flatanger";"Ingen";"2018-2024";0;"Data ikke tilgjengelig"
"ENCREC_006";"50";"5049";"Flatanger";"Ingen";"2018-2024";0;"Data ikke tilgjengelig"
"ENCREC_006";"50";"5049";"Flatanger";"Ingen";"2018-2024";0;"Data ikke tilgjengelig"
"ENCREC_006";"50";"5049";"Flatanger";"Ingen";"2018-2024";NA;"Data ikke tilgjengelig"
"ENCREC_006";"50";"5052";"Leka";"Ingen";"2018-2024";0;"Data ikke tilgjengelig"
"ENCREC_006";"50";"5052";"Leka";"Ingen";"2018-2024";0;"Data ikke tilgjengelig"
"ENCREC_006";"50";"5052";"Leka";"Ingen";"2018-2024";0;"Data ikke tilgjengelig"
"ENCREC_006";"50";"5052";"Leka";"Ingen";"2018-2024";0;"Data ikke tilgjengelig"
"ENCREC_006";"50";"5052";"Leka";"Ingen";"2018-2024";0;"Data ikke tilgjengelig"
"ENCREC_006";"50";"5052";"Leka";"Ingen";"2018-2024";0;"Data ikke tilgjengelig"
"ENCREC_006";"50";"5052";"Leka";"Ingen";"2018-2024";0;"Data ikke tilgjengelig"
"ENCREC_006";"50";"5052";"Leka";"Ingen";"2018-2024";NA;"Data ikke tilgjengelig"
"ENCREC_006";"50";"5061";"Rindal";"Ingen";"2018-2024";0;"Data ikke tilgjengelig"
"ENCREC_006";"50";"5061";"Rindal";"Ingen";"2018-2024";0;"Data ikke tilgjengelig"
"ENCREC_006";"50";"5061";"Rindal";"Ingen";"2018-2024";0;"Data ikke tilgjengelig"
"ENCREC_006";"50";"5061";"Rindal";"Ingen";"2018-2024";0;"Data ikke tilgjengelig"
"ENCREC_006";"50";"5061";"Rindal";"Ingen";"2018-2024";0;"Data ikke tilgjengelig"
"ENCREC_006";"50";"5061";"Rindal";"Ingen";"2018-2024";0;"Data ikke tilgjengelig"
"ENCREC_006";"50";"5061";"Rindal";"Ingen";"2018-2024";0;"Data ikke tilgjengelig"
"ENCREC_006";"50";"5061";"Rindal";"Ingen";"2018-2024";NA;"Data ikke tilgjengelig"
"ENCREC_006";"55";"5510";"Kvæfjord";"Ingen";"2018-2024";0;"Data ikke tilgjengelig"
"ENCREC_006";"55";"5510";"Kvæfjord";"Ingen";"2018-2024";0;"Data ikke tilgjengelig"
"ENCREC_006";"55";"5510";"Kvæfjord";"Ingen";"2018-2024";0;"Data ikke tilgjengelig"
"ENCREC_006";"55";"5510";"Kvæfjord";"Ingen";"2018-2024";0;"Data ikke tilgjengelig"
"ENCREC_006";"55";"5510";"Kvæfjord";"Ingen";"2018-2024";0;"Data ikke tilgjengelig"
"ENCREC_006";"55";"5510";"Kvæfjord";"Ingen";"2018-2024";0;"Data ikke tilgjengelig"
"ENCREC_006";"55";"5510";"Kvæfjord";"Ingen";"2018-2024";0;"Data ikke tilgjengelig"
"ENCREC_006";"55";"5510";"Kvæfjord";"Ingen";"2018-2024";NA;"Data ikke tilgjengelig"
"ENCREC_006";"55";"5516";"Gratangen";"Ingen";"2018-2024";0;"Data ikke tilgjengelig"
"ENCREC_006";"55";"5516";"Gratangen";"Ingen";"2018-2024";0;"Data ikke tilgjengelig"
"ENCREC_006";"55";"5516";"Gratangen";"Ingen";"2018-2024";0;"Data ikke tilgjengelig"
"ENCREC_006";"55";"5516";"Gratangen";"Ingen";"2018-2024";0;"Data ikke tilgjengelig"
"ENCREC_006";"55";"5516";"Gratangen";"Ingen";"2018-2024";0;"Data ikke tilgjengelig"
"ENCREC_006";"55";"5516";"Gratangen";"Ingen";"2018-2024";0;"Data ikke tilgjengelig"
"ENCREC_006";"55";"5516";"Gratangen";"Ingen";"2018-2024";0;"Data ikke tilgjengelig"
"ENCREC_006";"55";"5516";"Gratangen";"Ingen";"2018-2024";NA;"Data ikke tilgjengelig"
"ENCREC_006";"55";"5518";"Loabák/Lavangen";"Ingen";"2018-2024";0;"Data ikke tilgjengelig"
"ENCREC_006";"55";"5518";"Loabák/Lavangen";"Ingen";"2018-2024";0;"Data ikke tilgjengelig"
"ENCREC_006";"55";"5518";"Loabák/Lavangen";"Ingen";"2018-2024";0;"Data ikke tilgjengelig"
"ENCREC_006";"55";"5518";"Loabák/Lavangen";"Ingen";"2018-2024";0;"Data ikke tilgjengelig"
"ENCREC_006";"55";"5518";"Loabák/Lavangen";"Ingen";"2018-2024";0;"Data ikke tilgjengelig"
"ENCREC_006";"55";"5518";"Loabák/Lavangen";"Ingen";"2018-2024";0;"Data ikke tilgjengelig"
"ENCREC_006";"55";"5518";"Loabák/Lavangen";"Ingen";"2018-2024";0;"Data ikke tilgjengelig"
"ENCREC_006";"55";"5518";"Loabák/Lavangen";"Ingen";"2018-2024";NA;"Data ikke tilgjengelig"
"ENCREC_006";"55";"5520";"Bardu";"Ingen";"2018-2024";0;"Data ikke tilgjengelig"
"ENCREC_006";"55";"5520";"Bardu";"Ingen";"2018-2024";0;"Data ikke tilgjengelig"
"ENCREC_006";"55";"5520";"Bardu";"Ingen";"2018-2024";0;"Data ikke tilgjengelig"
"ENCREC_006";"55";"5520";"Bardu";"Ingen";"2018-2024";0;"Data ikke tilgjengelig"
"ENCREC_006";"55";"5520";"Bardu";"Ingen";"2018-2024";0;"Data ikke tilgjengelig"
"ENCREC_006";"55";"5520";"Bardu";"Ingen";"2018-2024";0;"Data ikke tilgjengelig"
"ENCREC_006";"55";"5520";"Bardu";"Ingen";"2018-2024";0;"Data ikke tilgjengelig"
"ENCREC_006";"55";"5520";"Bardu";"Ingen";"2018-2024";NA;"Data ikke tilgjengelig"
"ENCREC_006";"55";"5522";"Salangen";"Ingen";"2018-2024";0;"Data ikke tilgjengelig"
"ENCREC_006";"55";"5522";"Salangen";"Ingen";"2018-2024";0;"Data ikke tilgjengelig"
"ENCREC_006";"55";"5522";"Salangen";"Ingen";"2018-2024";0;"Data ikke tilgjengelig"
"ENCREC_006";"55";"5522";"Salangen";"Ingen";"2018-2024";0;"Data ikke tilgjengelig"
"ENCREC_006";"55";"5522";"Salangen";"Ingen";"2018-2024";0;"Data ikke tilgjengelig"
"ENCREC_006";"55";"5522";"Salangen";"Ingen";"2018-2024";0;"Data ikke tilgjengelig"
"ENCREC_006";"55";"5522";"Salangen";"Ingen";"2018-2024";0;"Data ikke tilgjengelig"
"ENCREC_006";"55";"5522";"Salangen";"Ingen";"2018-2024";NA;"Data ikke tilgjengelig"
"ENCREC_006";"55";"5526";"Sørreisa";"Ingen";"2018-2024";0;"Data ikke tilgjengelig"
"ENCREC_006";"55";"5526";"Sørreisa";"Ingen";"2018-2024";0;"Data ikke tilgjengelig"
"ENCREC_006";"55";"5526";"Sørreisa";"Ingen";"2018-2024";0;"Data ikke tilgjengelig"
"ENCREC_006";"55";"5526";"Sørreisa";"Ingen";"2018-2024";0;"Data ikke tilgjengelig"
"ENCREC_006";"55";"5526";"Sørreisa";"Ingen";"2018-2024";0;"Data ikke tilgjengelig"
"ENCREC_006";"55";"5526";"Sørreisa";"Ingen";"2018-2024";0;"Data ikke tilgjengelig"
"ENCREC_006";"55";"5526";"Sørreisa";"Ingen";"2018-2024";0;"Data ikke tilgjengelig"
"ENCREC_006";"55";"5526";"Sørreisa";"Ingen";"2018-2024";NA;"Data ikke tilgjengelig"
"ENCREC_006";"55";"5528";"Dyrøy";"Ingen";"2018-2024";0;"Data ikke tilgjengelig"
"ENCREC_006";"55";"5528";"Dyrøy";"Ingen";"2018-2024";0;"Data ikke tilgjengelig"
"ENCREC_006";"55";"5528";"Dyrøy";"Ingen";"2018-2024";0;"Data ikke tilgjengelig"
"ENCREC_006";"55";"5528";"Dyrøy";"Ingen";"2018-2024";0;"Data ikke tilgjengelig"
"ENCREC_006";"55";"5528";"Dyrøy";"Ingen";"2018-2024";0;"Data ikke tilgjengelig"
"ENCREC_006";"55";"5528";"Dyrøy";"Ingen";"2018-2024";0;"Data ikke tilgjengelig"
"ENCREC_006";"55";"5528";"Dyrøy";"Ingen";"2018-2024";0;"Data ikke tilgjengelig"
"ENCREC_006";"55";"5528";"Dyrøy";"Ingen";"2018-2024";NA;"Data ikke tilgjengelig"
"ENCREC_006";"55";"5530";"Senja";"Ingen";"2018-2024";0;"Data ikke tilgjengelig"
"ENCREC_006";"55";"5530";"Senja";"Ingen";"2018-2024";0;"Data ikke tilgjengelig"
"ENCREC_006";"55";"5530";"Senja";"Ingen";"2018-2024";0;"Data ikke tilgjengelig"
"ENCREC_006";"55";"5530";"Senja";"Ingen";"2018-2024";0;"Data ikke tilgjengelig"
"ENCREC_006";"55";"5530";"Senja";"Ingen";"2018-2024";0;"Data ikke tilgjengelig"
"ENCREC_006";"55";"5530";"Senja";"Ingen";"2018-2024";0;"Data ikke tilgjengelig"
"ENCREC_006";"55";"5530";"Senja";"Ingen";"2018-2024";0;"Data ikke tilgjengelig"
"ENCREC_006";"55";"5530";"Senja";"Ingen";"2018-2024";NA;"Data ikke tilgjengelig"
"ENCREC_006";"55";"5532";"Balsfjord";"Ingen";"2018-2024";0;"Data ikke tilgjengelig"
"ENCREC_006";"55";"5532";"Balsfjord";"Ingen";"2018-2024";0;"Data ikke tilgjengelig"
"ENCREC_006";"55";"5532";"Balsfjord";"Ingen";"2018-2024";0;"Data ikke tilgjengelig"
"ENCREC_006";"55";"5532";"Balsfjord";"Ingen";"2018-2024";0;"Data ikke tilgjengelig"
"ENCREC_006";"55";"5532";"Balsfjord";"Ingen";"2018-2024";0;"Data ikke tilgjengelig"
"ENCREC_006";"55";"5532";"Balsfjord";"Ingen";"2018-2024";0;"Data ikke tilgjengelig"
"ENCREC_006";"55";"5532";"Balsfjord";"Ingen";"2018-2024";0;"Data ikke tilgjengelig"
"ENCREC_006";"55";"5532";"Balsfjord";"Ingen";"2018-2024";NA;"Data ikke tilgjengelig"
"ENCREC_006";"55";"5534";"Karlsøy";"Ingen";"2018-2024";0;"Data ikke tilgjengelig"
"ENCREC_006";"55";"5534";"Karlsøy";"Ingen";"2018-2024";0;"Data ikke tilgjengelig"
"ENCREC_006";"55";"5534";"Karlsøy";"Ingen";"2018-2024";0;"Data ikke tilgjengelig"
"ENCREC_006";"55";"5534";"Karlsøy";"Ingen";"2018-2024";0;"Data ikke tilgjengelig"
"ENCREC_006";"55";"5534";"Karlsøy";"Ingen";"2018-2024";0;"Data ikke tilgjengelig"
"ENCREC_006";"55";"5534";"Karlsøy";"Ingen";"2018-2024";0;"Data ikke tilgjengelig"
"ENCREC_006";"55";"5534";"Karlsøy";"Ingen";"2018-2024";0;"Data ikke tilgjengelig"
"ENCREC_006";"55";"5534";"Karlsøy";"Ingen";"2018-2024";NA;"Data ikke tilgjengelig"
"ENCREC_006";"55";"5536";"Lyngen";"Ingen";"2018-2024";0;"Data ikke tilgjengelig"
"ENCREC_006";"55";"5536";"Lyngen";"Ingen";"2018-2024";0;"Data ikke tilgjengelig"
"ENCREC_006";"55";"5536";"Lyngen";"Ingen";"2018-2024";0;"Data ikke tilgjengelig"
"ENCREC_006";"55";"5536";"Lyngen";"Ingen";"2018-2024";0;"Data ikke tilgjengelig"
"ENCREC_006";"55";"5536";"Lyngen";"Ingen";"2018-2024";0;"Data ikke tilgjengelig"
"ENCREC_006";"55";"5536";"Lyngen";"Ingen";"2018-2024";0;"Data ikke tilgjengelig"
"ENCREC_006";"55";"5536";"Lyngen";"Ingen";"2018-2024";0;"Data ikke tilgjengelig"
"ENCREC_006";"55";"5536";"Lyngen";"Ingen";"2018-2024";NA;"Data ikke tilgjengelig"
"ENCREC_006";"55";"5542";"Skjervøy";"Ingen";"2018-2024";0;"Data ikke tilgjengelig"
"ENCREC_006";"55";"5542";"Skjervøy";"Ingen";"2018-2024";0;"Data ikke tilgjengelig"
"ENCREC_006";"55";"5542";"Skjervøy";"Ingen";"2018-2024";0;"Data ikke tilgjengelig"
"ENCREC_006";"55";"5542";"Skjervøy";"Ingen";"2018-2024";0;"Data ikke tilgjengelig"
"ENCREC_006";"55";"5542";"Skjervøy";"Ingen";"2018-2024";0;"Data ikke tilgjengelig"
"ENCREC_006";"55";"5542";"Skjervøy";"Ingen";"2018-2024";0;"Data ikke tilgjengelig"
"ENCREC_006";"55";"5542";"Skjervøy";"Ingen";"2018-2024";0;"Data ikke tilgjengelig"
"ENCREC_006";"55";"5542";"Skjervøy";"Ingen";"2018-2024";NA;"Data ikke tilgjengelig"
"ENCREC_006";"55";"5544";"Nordreisa/Ráisa/Raisi";"Ingen";"2018-2024";0;"Data ikke tilgjengelig"
"ENCREC_006";"55";"5544";"Nordreisa/Ráisa/Raisi";"Ingen";"2018-2024";0;"Data ikke tilgjengelig"
"ENCREC_006";"55";"5544";"Nordreisa/Ráisa/Raisi";"Ingen";"2018-2024";0;"Data ikke tilgjengelig"
"ENCREC_006";"55";"5544";"Nordreisa/Ráisa/Raisi";"Ingen";"2018-2024";0;"Data ikke tilgjengelig"
"ENCREC_006";"55";"5544";"Nordreisa/Ráisa/Raisi";"Ingen";"2018-2024";0;"Data ikke tilgjengelig"
"ENCREC_006";"55";"5544";"Nordreisa/Ráisa/Raisi";"Ingen";"2018-2024";0;"Data ikke tilgjengelig"
"ENCREC_006";"55";"5544";"Nordreisa/Ráisa/Raisi";"Ingen";"2018-2024";0;"Data ikke tilgjengelig"
"ENCREC_006";"55";"5544";"Nordreisa/Ráisa/Raisi";"Ingen";"2018-2024";NA;"Data ikke tilgjengelig"
"ENCREC_006";"55";"5546";"Kvænangen";"Ingen";"2018-2024";0;"Data ikke tilgjengelig"
"ENCREC_006";"55";"5546";"Kvænangen";"Ingen";"2018-2024";0;"Data ikke tilgjengelig"
"ENCREC_006";"55";"5546";"Kvænangen";"Ingen";"2018-2024";0;"Data ikke tilgjengelig"
"ENCREC_006";"55";"5546";"Kvænangen";"Ingen";"2018-2024";0;"Data ikke tilgjengelig"
"ENCREC_006";"55";"5546";"Kvænangen";"Ingen";"2018-2024";0;"Data ikke tilgjengelig"
"ENCREC_006";"55";"5546";"Kvænangen";"Ingen";"2018-2024";0;"Data ikke tilgjengelig"
"ENCREC_006";"55";"5546";"Kvænangen";"Ingen";"2018-2024";0;"Data ikke tilgjengelig"
"ENCREC_006";"55";"5546";"Kvænangen";"Ingen";"2018-2024";NA;"Data ikke tilgjengelig"
"ENCREC_006";"56";"5605";"Sør-Varanger";"Ingen";"2018-2024";0;"Data ikke tilgjengelig"
"ENCREC_006";"56";"5605";"Sør-Varanger";"Ingen";"2018-2024";0;"Data ikke tilgjengelig"
"ENCREC_006";"56";"5605";"Sør-Varanger";"Ingen";"2018-2024";0;"Data ikke tilgjengelig"
"ENCREC_006";"56";"5605";"Sør-Varanger";"Ingen";"2018-2024";0;"Data ikke tilgjengelig"
"ENCREC_006";"56";"5605";"Sør-Varanger";"Ingen";"2018-2024";0;"Data ikke tilgjengelig"
"ENCREC_006";"56";"5605";"Sør-Varanger";"Ingen";"2018-2024";0;"Data ikke tilgjengelig"
"ENCREC_006";"56";"5605";"Sør-Varanger";"Ingen";"2018-2024";0;"Data ikke tilgjengelig"
"ENCREC_006";"56";"5605";"Sør-Varanger";"Ingen";"2018-2024";NA;"Data ikke tilgjengelig"
"ENCREC_006";"56";"5607";"Vadsø";"Ingen";"2018-2024";0;"Data ikke tilgjengelig"
"ENCREC_006";"56";"5607";"Vadsø";"Ingen";"2018-2024";0;"Data ikke tilgjengelig"
"ENCREC_006";"56";"5607";"Vadsø";"Ingen";"2018-2024";0;"Data ikke tilgjengelig"
"ENCREC_006";"56";"5607";"Vadsø";"Ingen";"2018-2024";0;"Data ikke tilgjengelig"
"ENCREC_006";"56";"5607";"Vadsø";"Ingen";"2018-2024";0;"Data ikke tilgjengelig"
"ENCREC_006";"56";"5607";"Vadsø";"Ingen";"2018-2024";0;"Data ikke tilgjengelig"
"ENCREC_006";"56";"5607";"Vadsø";"Ingen";"2018-2024";0;"Data ikke tilgjengelig"
"ENCREC_006";"56";"5607";"Vadsø";"Ingen";"2018-2024";NA;"Data ikke tilgjengelig"
"ENCREC_006";"56";"5612";"Guovdageaidnu/Kautokeino";"Ingen";"2018-2024";0;"Data ikke tilgjengelig"
"ENCREC_006";"56";"5612";"Guovdageaidnu/Kautokeino";"Ingen";"2018-2024";0;"Data ikke tilgjengelig"
"ENCREC_006";"56";"5612";"Guovdageaidnu/Kautokeino";"Ingen";"2018-2024";0;"Data ikke tilgjengelig"
"ENCREC_006";"56";"5612";"Guovdageaidnu/Kautokeino";"Ingen";"2018-2024";0;"Data ikke tilgjengelig"
"ENCREC_006";"56";"5612";"Guovdageaidnu/Kautokeino";"Ingen";"2018-2024";0;"Data ikke tilgjengelig"
"ENCREC_006";"56";"5612";"Guovdageaidnu/Kautokeino";"Ingen";"2018-2024";0;"Data ikke tilgjengelig"
"ENCREC_006";"56";"5612";"Guovdageaidnu/Kautokeino";"Ingen";"2018-2024";0;"Data ikke tilgjengelig"
"ENCREC_006";"56";"5612";"Guovdageaidnu/Kautokeino";"Ingen";"2018-2024";NA;"Data ikke tilgjengelig"
"ENCREC_006";"56";"5614";"Loppa";"Ingen";"2018-2024";0;"Data ikke tilgjengelig"
"ENCREC_006";"56";"5614";"Loppa";"Ingen";"2018-2024";0;"Data ikke tilgjengelig"
"ENCREC_006";"56";"5614";"Loppa";"Ingen";"2018-2024";0;"Data ikke tilgjengelig"
"ENCREC_006";"56";"5614";"Loppa";"Ingen";"2018-2024";0;"Data ikke tilgjengelig"
"ENCREC_006";"56";"5614";"Loppa";"Ingen";"2018-2024";0;"Data ikke tilgjengelig"
"ENCREC_006";"56";"5614";"Loppa";"Ingen";"2018-2024";0;"Data ikke tilgjengelig"
"ENCREC_006";"56";"5614";"Loppa";"Ingen";"2018-2024";0;"Data ikke tilgjengelig"
"ENCREC_006";"56";"5614";"Loppa";"Ingen";"2018-2024";NA;"Data ikke tilgjengelig"
"ENCREC_006";"56";"5616";"Hasvik";"Ingen";"2018-2024";0;"Data ikke tilgjengelig"
"ENCREC_006";"56";"5616";"Hasvik";"Ingen";"2018-2024";0;"Data ikke tilgjengelig"
"ENCREC_006";"56";"5616";"Hasvik";"Ingen";"2018-2024";0;"Data ikke tilgjengelig"
"ENCREC_006";"56";"5616";"Hasvik";"Ingen";"2018-2024";0;"Data ikke tilgjengelig"
"ENCREC_006";"56";"5616";"Hasvik";"Ingen";"2018-2024";0;"Data ikke tilgjengelig"
"ENCREC_006";"56";"5616";"Hasvik";"Ingen";"2018-2024";0;"Data ikke tilgjengelig"
"ENCREC_006";"56";"5616";"Hasvik";"Ingen";"2018-2024";0;"Data ikke tilgjengelig"
"ENCREC_006";"56";"5616";"Hasvik";"Ingen";"2018-2024";NA;"Data ikke tilgjengelig"
"ENCREC_006";"56";"5618";"Måsøy";"Ingen";"2018-2024";0;"Data ikke tilgjengelig"
"ENCREC_006";"56";"5618";"Måsøy";"Ingen";"2018-2024";0;"Data ikke tilgjengelig"
"ENCREC_006";"56";"5618";"Måsøy";"Ingen";"2018-2024";0;"Data ikke tilgjengelig"
"ENCREC_006";"56";"5618";"Måsøy";"Ingen";"2018-2024";0;"Data ikke tilgjengelig"
"ENCREC_006";"56";"5618";"Måsøy";"Ingen";"2018-2024";0;"Data ikke tilgjengelig"
"ENCREC_006";"56";"5618";"Måsøy";"Ingen";"2018-2024";0;"Data ikke tilgjengelig"
"ENCREC_006";"56";"5618";"Måsøy";"Ingen";"2018-2024";0;"Data ikke tilgjengelig"
"ENCREC_006";"56";"5618";"Måsøy";"Ingen";"2018-2024";NA;"Data ikke tilgjengelig"
"ENCREC_006";"56";"5624";"Lebesby";"Ingen";"2018-2024";0;"Data ikke tilgjengelig"
"ENCREC_006";"56";"5624";"Lebesby";"Ingen";"2018-2024";0;"Data ikke tilgjengelig"
"ENCREC_006";"56";"5624";"Lebesby";"Ingen";"2018-2024";0;"Data ikke tilgjengelig"
"ENCREC_006";"56";"5624";"Lebesby";"Ingen";"2018-2024";0;"Data ikke tilgjengelig"
"ENCREC_006";"56";"5624";"Lebesby";"Ingen";"2018-2024";0;"Data ikke tilgjengelig"
"ENCREC_006";"56";"5624";"Lebesby";"Ingen";"2018-2024";0;"Data ikke tilgjengelig"
"ENCREC_006";"56";"5624";"Lebesby";"Ingen";"2018-2024";0;"Data ikke tilgjengelig"
"ENCREC_006";"56";"5624";"Lebesby";"Ingen";"2018-2024";NA;"Data ikke tilgjengelig"
"ENCREC_006";"56";"5630";"Berlevåg";"Ingen";"2018-2024";0;"Data ikke tilgjengelig"
"ENCREC_006";"56";"5630";"Berlevåg";"Ingen";"2018-2024";0;"Data ikke tilgjengelig"
"ENCREC_006";"56";"5630";"Berlevåg";"Ingen";"2018-2024";0;"Data ikke tilgjengelig"
"ENCREC_006";"56";"5630";"Berlevåg";"Ingen";"2018-2024";0;"Data ikke tilgjengelig"
"ENCREC_006";"56";"5630";"Berlevåg";"Ingen";"2018-2024";0;"Data ikke tilgjengelig"
"ENCREC_006";"56";"5630";"Berlevåg";"Ingen";"2018-2024";0;"Data ikke tilgjengelig"
"ENCREC_006";"56";"5630";"Berlevåg";"Ingen";"2018-2024";0;"Data ikke tilgjengelig"
"ENCREC_006";"56";"5630";"Berlevåg";"Ingen";"2018-2024";NA;"Data ikke tilgjengelig"
"ENCREC_006";"56";"5634";"Vardø";"Ingen";"2018-2024";0;"Data ikke tilgjengelig"
"ENCREC_006";"56";"5634";"Vardø";"Ingen";"2018-2024";0;"Data ikke tilgjengelig"
"ENCREC_006";"56";"5634";"Vardø";"Ingen";"2018-2024";0;"Data ikke tilgjengelig"
"ENCREC_006";"56";"5634";"Vardø";"Ingen";"2018-2024";0;"Data ikke tilgjengelig"
"ENCREC_006";"56";"5634";"Vardø";"Ingen";"2018-2024";0;"Data ikke tilgjengelig"
"ENCREC_006";"56";"5634";"Vardø";"Ingen";"2018-2024";0;"Data ikke tilgjengelig"
"ENCREC_006";"56";"5634";"Vardø";"Ingen";"2018-2024";0;"Data ikke tilgjengelig"
"ENCREC_006";"56";"5634";"Vardø";"Ingen";"2018-2024";NA;"Data ikke tilgjengelig"
"ENCREC_006";"56";"5636";"Unjárga/Nesseby";"Ingen";"2018-2024";0;"Data ikke tilgjengelig"
"ENCREC_006";"56";"5636";"Unjárga/Nesseby";"Ingen";"2018-2024";0;"Data ikke tilgjengelig"
"ENCREC_006";"56";"5636";"Unjárga/Nesseby";"Ingen";"2018-2024";0;"Data ikke tilgjengelig"
"ENCREC_006";"56";"5636";"Unjárga/Nesseby";"Ingen";"2018-2024";0;"Data ikke tilgjengelig"
"ENCREC_006";"56";"5636";"Unjárga/Nesseby";"Ingen";"2018-2024";0;"Data ikke tilgjengelig"
"ENCREC_006";"56";"5636";"Unjárga/Nesseby";"Ingen";"2018-2024";0;"Data ikke tilgjengelig"
"ENCREC_006";"56";"5636";"Unjárga/Nesseby";"Ingen";"2018-2024";0;"Data ikke tilgjengelig"
"ENCREC_006";"56";"5636";"Unjárga/Nesseby";"Ingen";"2018-2024";NA;"Data ikke tilgjengelig"
"ENCREC_006";"11";"1101";"Eigersund";NA;"2018-2024";NA;"Data ikke tilgjengelig"
"ENCREC_006";"11";"1101";"Eigersund";NA;"2018-2024";NA;"Data ikke tilgjengelig"
"ENCREC_006";"11";"1101";"Eigersund";NA;"2018-2024";NA;"Data ikke tilgjengelig"
"ENCREC_006";"11";"1101";"Eigersund";NA;"2018-2024";NA;"Data ikke tilgjengelig"
"ENCREC_006";"11";"1101";"Eigersund";NA;"2018-2024";NA;"Data ikke tilgjengelig"
"ENCREC_006";"11";"1101";"Eigersund";NA;"2018-2024";NA;"Data ikke tilgjengelig"
"ENCREC_006";"11";"1101";"Eigersund";NA;"2018-2024";NA;"Data ikke tilgjengelig"
"ENCREC_006";"11";"1101";"Eigersund";NA;"2018-2024";NA;"Data ikke tilgjengelig"
"ENCREC_006";"11";"1111";"Sokndal";NA;"2018-2024";NA;"Data ikke tilgjengelig"
"ENCREC_006";"11";"1111";"Sokndal";NA;"2018-2024";NA;"Data ikke tilgjengelig"
"ENCREC_006";"11";"1111";"Sokndal";NA;"2018-2024";NA;"Data ikke tilgjengelig"
"ENCREC_006";"11";"1111";"Sokndal";NA;"2018-2024";NA;"Data ikke tilgjengelig"
"ENCREC_006";"11";"1111";"Sokndal";NA;"2018-2024";NA;"Data ikke tilgjengelig"
"ENCREC_006";"11";"1111";"Sokndal";NA;"2018-2024";NA;"Data ikke tilgjengelig"
"ENCREC_006";"11";"1111";"Sokndal";NA;"2018-2024";NA;"Data ikke tilgjengelig"
"ENCREC_006";"11";"1111";"Sokndal";NA;"2018-2024";NA;"Data ikke tilgjengelig"
"ENCREC_006";"11";"1112";"Lund";NA;"2018-2024";NA;"Data ikke tilgjengelig"
"ENCREC_006";"11";"1112";"Lund";NA;"2018-2024";NA;"Data ikke tilgjengelig"
"ENCREC_006";"11";"1112";"Lund";NA;"2018-2024";NA;"Data ikke tilgjengelig"
"ENCREC_006";"11";"1112";"Lund";NA;"2018-2024";NA;"Data ikke tilgjengelig"
"ENCREC_006";"11";"1112";"Lund";NA;"2018-2024";NA;"Data ikke tilgjengelig"
"ENCREC_006";"11";"1112";"Lund";NA;"2018-2024";NA;"Data ikke tilgjengelig"
"ENCREC_006";"11";"1112";"Lund";NA;"2018-2024";NA;"Data ikke tilgjengelig"
"ENCREC_006";"11";"1112";"Lund";NA;"2018-2024";NA;"Data ikke tilgjengelig"
"ENCREC_006";"11";"1114";"Bjerkreim";NA;"2018-2024";NA;"Data ikke tilgjengelig"
"ENCREC_006";"11";"1114";"Bjerkreim";NA;"2018-2024";NA;"Data ikke tilgjengelig"
"ENCREC_006";"11";"1114";"Bjerkreim";NA;"2018-2024";NA;"Data ikke tilgjengelig"
"ENCREC_006";"11";"1114";"Bjerkreim";NA;"2018-2024";NA;"Data ikke tilgjengelig"
"ENCREC_006";"11";"1114";"Bjerkreim";NA;"2018-2024";NA;"Data ikke tilgjengelig"
"ENCREC_006";"11";"1114";"Bjerkreim";NA;"2018-2024";NA;"Data ikke tilgjengelig"
"ENCREC_006";"11";"1114";"Bjerkreim";NA;"2018-2024";NA;"Data ikke tilgjengelig"
"ENCREC_006";"11";"1114";"Bjerkreim";NA;"2018-2024";NA;"Data ikke tilgjengelig"
"ENCREC_006";"15";"1508";"Ålesund";NA;"2018-2024";NA;"Data ikke tilgjengelig"
"ENCREC_006";"15";"1508";"Ålesund";NA;"2018-2024";NA;"Data ikke tilgjengelig"
"ENCREC_006";"15";"1508";"Ålesund";NA;"2018-2024";NA;"Data ikke tilgjengelig"
"ENCREC_006";"15";"1508";"Ålesund";NA;"2018-2024";NA;"Data ikke tilgjengelig"
"ENCREC_006";"15";"1508";"Ålesund";NA;"2018-2024";NA;"Data ikke tilgjengelig"
"ENCREC_006";"15";"1508";"Ålesund";NA;"2018-2024";NA;"Data ikke tilgjengelig"
"ENCREC_006";"15";"1508";"Ålesund";NA;"2018-2024";NA;"Data ikke tilgjengelig"
"ENCREC_006";"15";"1508";"Ålesund";NA;"2018-2024";NA;"Data ikke tilgjengelig"
"ENCREC_006";"15";"1511";"Vanylven";NA;"2018-2024";NA;"Data ikke tilgjengelig"
"ENCREC_006";"15";"1511";"Vanylven";NA;"2018-2024";NA;"Data ikke tilgjengelig"
"ENCREC_006";"15";"1511";"Vanylven";NA;"2018-2024";NA;"Data ikke tilgjengelig"
"ENCREC_006";"15";"1511";"Vanylven";NA;"2018-2024";NA;"Data ikke tilgjengelig"
"ENCREC_006";"15";"1511";"Vanylven";NA;"2018-2024";NA;"Data ikke tilgjengelig"
"ENCREC_006";"15";"1511";"Vanylven";NA;"2018-2024";NA;"Data ikke tilgjengelig"
"ENCREC_006";"15";"1511";"Vanylven";NA;"2018-2024";NA;"Data ikke tilgjengelig"
"ENCREC_006";"15";"1511";"Vanylven";NA;"2018-2024";NA;"Data ikke tilgjengelig"
"ENCREC_006";"15";"1514";"Sande";NA;"2018-2024";NA;"Data ikke tilgjengelig"
"ENCREC_006";"15";"1514";"Sande";NA;"2018-2024";NA;"Data ikke tilgjengelig"
"ENCREC_006";"15";"1514";"Sande";NA;"2018-2024";NA;"Data ikke tilgjengelig"
"ENCREC_006";"15";"1514";"Sande";NA;"2018-2024";NA;"Data ikke tilgjengelig"
"ENCREC_006";"15";"1514";"Sande";NA;"2018-2024";NA;"Data ikke tilgjengelig"
"ENCREC_006";"15";"1514";"Sande";NA;"2018-2024";NA;"Data ikke tilgjengelig"
"ENCREC_006";"15";"1514";"Sande";NA;"2018-2024";NA;"Data ikke tilgjengelig"
"ENCREC_006";"15";"1514";"Sande";NA;"2018-2024";NA;"Data ikke tilgjengelig"
"ENCREC_006";"15";"1515";"Herøy (Møre og Romsdal)";NA;"2018-2024";NA;"Data ikke tilgjengelig"
"ENCREC_006";"15";"1515";"Herøy (Møre og Romsdal)";NA;"2018-2024";NA;"Data ikke tilgjengelig"
"ENCREC_006";"15";"1515";"Herøy (Møre og Romsdal)";NA;"2018-2024";NA;"Data ikke tilgjengelig"
"ENCREC_006";"15";"1515";"Herøy (Møre og Romsdal)";NA;"2018-2024";NA;"Data ikke tilgjengelig"
"ENCREC_006";"15";"1515";"Herøy (Møre og Romsdal)";NA;"2018-2024";NA;"Data ikke tilgjengelig"
"ENCREC_006";"15";"1515";"Herøy (Møre og Romsdal)";NA;"2018-2024";NA;"Data ikke tilgjengelig"
"ENCREC_006";"15";"1515";"Herøy (Møre og Romsdal)";NA;"2018-2024";NA;"Data ikke tilgjengelig"
"ENCREC_006";"15";"1515";"Herøy (Møre og Romsdal)";NA;"2018-2024";NA;"Data ikke tilgjengelig"
"ENCREC_006";"15";"1525";"Stranda";NA;"2018-2024";NA;"Data ikke tilgjengelig"
"ENCREC_006";"15";"1525";"Stranda";NA;"2018-2024";NA;"Data ikke tilgjengelig"
"ENCREC_006";"15";"1525";"Stranda";NA;"2018-2024";NA;"Data ikke tilgjengelig"
"ENCREC_006";"15";"1525";"Stranda";NA;"2018-2024";NA;"Data ikke tilgjengelig"
"ENCREC_006";"15";"1525";"Stranda";NA;"2018-2024";NA;"Data ikke tilgjengelig"
"ENCREC_006";"15";"1525";"Stranda";NA;"2018-2024";NA;"Data ikke tilgjengelig"
"ENCREC_006";"15";"1525";"Stranda";NA;"2018-2024";NA;"Data ikke tilgjengelig"
"ENCREC_006";"15";"1525";"Stranda";NA;"2018-2024";NA;"Data ikke tilgjengelig"
"ENCREC_006";"15";"1528";"Sykkylven";NA;"2018-2024";NA;"Data ikke tilgjengelig"
"ENCREC_006";"15";"1528";"Sykkylven";NA;"2018-2024";NA;"Data ikke tilgjengelig"
"ENCREC_006";"15";"1528";"Sykkylven";NA;"2018-2024";NA;"Data ikke tilgjengelig"
"ENCREC_006";"15";"1528";"Sykkylven";NA;"2018-2024";NA;"Data ikke tilgjengelig"
"ENCREC_006";"15";"1528";"Sykkylven";NA;"2018-2024";NA;"Data ikke tilgjengelig"
"ENCREC_006";"15";"1528";"Sykkylven";NA;"2018-2024";NA;"Data ikke tilgjengelig"
"ENCREC_006";"15";"1528";"Sykkylven";NA;"2018-2024";NA;"Data ikke tilgjengelig"
"ENCREC_006";"15";"1528";"Sykkylven";NA;"2018-2024";NA;"Data ikke tilgjengelig"
"ENCREC_006";"15";"1535";"Vestnes";NA;"2018-2024";NA;"Data ikke tilgjengelig"
"ENCREC_006";"15";"1535";"Vestnes";NA;"2018-2024";NA;"Data ikke tilgjengelig"
"ENCREC_006";"15";"1535";"Vestnes";NA;"2018-2024";NA;"Data ikke tilgjengelig"
"ENCREC_006";"15";"1535";"Vestnes";NA;"2018-2024";NA;"Data ikke tilgjengelig"
"ENCREC_006";"15";"1535";"Vestnes";NA;"2018-2024";NA;"Data ikke tilgjengelig"
"ENCREC_006";"15";"1535";"Vestnes";NA;"2018-2024";NA;"Data ikke tilgjengelig"
"ENCREC_006";"15";"1535";"Vestnes";NA;"2018-2024";NA;"Data ikke tilgjengelig"
"ENCREC_006";"15";"1535";"Vestnes";NA;"2018-2024";NA;"Data ikke tilgjengelig"
"ENCREC_006";"15";"1539";"Rauma";NA;"2018-2024";NA;"Data ikke tilgjengelig"
"ENCREC_006";"15";"1539";"Rauma";NA;"2018-2024";NA;"Data ikke tilgjengelig"
"ENCREC_006";"15";"1539";"Rauma";NA;"2018-2024";NA;"Data ikke tilgjengelig"
"ENCREC_006";"15";"1539";"Rauma";NA;"2018-2024";NA;"Data ikke tilgjengelig"
"ENCREC_006";"15";"1539";"Rauma";NA;"2018-2024";NA;"Data ikke tilgjengelig"
"ENCREC_006";"15";"1539";"Rauma";NA;"2018-2024";NA;"Data ikke tilgjengelig"
"ENCREC_006";"15";"1539";"Rauma";NA;"2018-2024";NA;"Data ikke tilgjengelig"
"ENCREC_006";"15";"1539";"Rauma";NA;"2018-2024";NA;"Data ikke tilgjengelig"
"ENCREC_006";"15";"1554";"Averøy";NA;"2018-2024";NA;"Data ikke tilgjengelig"
"ENCREC_006";"15";"1554";"Averøy";NA;"2018-2024";NA;"Data ikke tilgjengelig"
"ENCREC_006";"15";"1554";"Averøy";NA;"2018-2024";NA;"Data ikke tilgjengelig"
"ENCREC_006";"15";"1554";"Averøy";NA;"2018-2024";NA;"Data ikke tilgjengelig"
"ENCREC_006";"15";"1554";"Averøy";NA;"2018-2024";NA;"Data ikke tilgjengelig"
"ENCREC_006";"15";"1554";"Averøy";NA;"2018-2024";NA;"Data ikke tilgjengelig"
"ENCREC_006";"15";"1554";"Averøy";NA;"2018-2024";NA;"Data ikke tilgjengelig"
"ENCREC_006";"15";"1554";"Averøy";NA;"2018-2024";NA;"Data ikke tilgjengelig"
"ENCREC_006";"15";"1557";"Gjemnes";NA;"2018-2024";NA;"Data ikke tilgjengelig"
"ENCREC_006";"15";"1557";"Gjemnes";NA;"2018-2024";NA;"Data ikke tilgjengelig"
"ENCREC_006";"15";"1557";"Gjemnes";NA;"2018-2024";NA;"Data ikke tilgjengelig"
"ENCREC_006";"15";"1557";"Gjemnes";NA;"2018-2024";NA;"Data ikke tilgjengelig"
"ENCREC_006";"15";"1557";"Gjemnes";NA;"2018-2024";NA;"Data ikke tilgjengelig"
"ENCREC_006";"15";"1557";"Gjemnes";NA;"2018-2024";NA;"Data ikke tilgjengelig"
"ENCREC_006";"15";"1557";"Gjemnes";NA;"2018-2024";NA;"Data ikke tilgjengelig"
"ENCREC_006";"15";"1557";"Gjemnes";NA;"2018-2024";NA;"Data ikke tilgjengelig"
"ENCREC_006";"15";"1560";"Tingvoll";NA;"2018-2024";NA;"Data ikke tilgjengelig"
"ENCREC_006";"15";"1560";"Tingvoll";NA;"2018-2024";NA;"Data ikke tilgjengelig"
"ENCREC_006";"15";"1560";"Tingvoll";NA;"2018-2024";NA;"Data ikke tilgjengelig"
"ENCREC_006";"15";"1560";"Tingvoll";NA;"2018-2024";NA;"Data ikke tilgjengelig"
"ENCREC_006";"15";"1560";"Tingvoll";NA;"2018-2024";NA;"Data ikke tilgjengelig"
"ENCREC_006";"15";"1560";"Tingvoll";NA;"2018-2024";NA;"Data ikke tilgjengelig"
"ENCREC_006";"15";"1560";"Tingvoll";NA;"2018-2024";NA;"Data ikke tilgjengelig"
"ENCREC_006";"15";"1560";"Tingvoll";NA;"2018-2024";NA;"Data ikke tilgjengelig"
"ENCREC_006";"15";"1573";"Smøla";NA;"2018-2024";NA;"Data ikke tilgjengelig"
"ENCREC_006";"15";"1573";"Smøla";NA;"2018-2024";NA;"Data ikke tilgjengelig"
"ENCREC_006";"15";"1573";"Smøla";NA;"2018-2024";NA;"Data ikke tilgjengelig"
"ENCREC_006";"15";"1573";"Smøla";NA;"2018-2024";NA;"Data ikke tilgjengelig"
"ENCREC_006";"15";"1573";"Smøla";NA;"2018-2024";NA;"Data ikke tilgjengelig"
"ENCREC_006";"15";"1573";"Smøla";NA;"2018-2024";NA;"Data ikke tilgjengelig"
"ENCREC_006";"15";"1573";"Smøla";NA;"2018-2024";NA;"Data ikke tilgjengelig"
"ENCREC_006";"15";"1573";"Smøla";NA;"2018-2024";NA;"Data ikke tilgjengelig"
"ENCREC_006";"15";"1576";"Aure";NA;"2018-2024";NA;"Data ikke tilgjengelig"
"ENCREC_006";"15";"1576";"Aure";NA;"2018-2024";NA;"Data ikke tilgjengelig"
"ENCREC_006";"15";"1576";"Aure";NA;"2018-2024";NA;"Data ikke tilgjengelig"
"ENCREC_006";"15";"1576";"Aure";NA;"2018-2024";NA;"Data ikke tilgjengelig"
"ENCREC_006";"15";"1576";"Aure";NA;"2018-2024";NA;"Data ikke tilgjengelig"
"ENCREC_006";"15";"1576";"Aure";NA;"2018-2024";NA;"Data ikke tilgjengelig"
"ENCREC_006";"15";"1576";"Aure";NA;"2018-2024";NA;"Data ikke tilgjengelig"
"ENCREC_006";"15";"1576";"Aure";NA;"2018-2024";NA;"Data ikke tilgjengelig"
"ENCREC_006";"18";"1848";"Steigen";NA;"2018-2024";NA;"Data ikke tilgjengelig"
"ENCREC_006";"18";"1848";"Steigen";NA;"2018-2024";NA;"Data ikke tilgjengelig"
"ENCREC_006";"18";"1848";"Steigen";NA;"2018-2024";NA;"Data ikke tilgjengelig"
"ENCREC_006";"18";"1848";"Steigen";NA;"2018-2024";NA;"Data ikke tilgjengelig"
"ENCREC_006";"18";"1848";"Steigen";NA;"2018-2024";NA;"Data ikke tilgjengelig"
"ENCREC_006";"18";"1848";"Steigen";NA;"2018-2024";NA;"Data ikke tilgjengelig"
"ENCREC_006";"18";"1848";"Steigen";NA;"2018-2024";NA;"Data ikke tilgjengelig"
"ENCREC_006";"18";"1848";"Steigen";NA;"2018-2024";NA;"Data ikke tilgjengelig"
"ENCREC_006";"31";"3116";"Skiptvet";NA;"2018-2024";NA;"Data ikke tilgjengelig"
"ENCREC_006";"31";"3116";"Skiptvet";NA;"2018-2024";NA;"Data ikke tilgjengelig"
"ENCREC_006";"31";"3116";"Skiptvet";NA;"2018-2024";NA;"Data ikke tilgjengelig"
"ENCREC_006";"31";"3116";"Skiptvet";NA;"2018-2024";NA;"Data ikke tilgjengelig"
"ENCREC_006";"31";"3116";"Skiptvet";NA;"2018-2024";NA;"Data ikke tilgjengelig"
"ENCREC_006";"31";"3116";"Skiptvet";NA;"2018-2024";NA;"Data ikke tilgjengelig"
"ENCREC_006";"31";"3116";"Skiptvet";NA;"2018-2024";NA;"Data ikke tilgjengelig"
"ENCREC_006";"31";"3116";"Skiptvet";NA;"2018-2024";NA;"Data ikke tilgjengelig"
"ENCREC_006";"31";"3124";"Aremark";NA;"2018-2024";NA;"Data ikke tilgjengelig"
"ENCREC_006";"31";"3124";"Aremark";NA;"2018-2024";NA;"Data ikke tilgjengelig"
"ENCREC_006";"31";"3124";"Aremark";NA;"2018-2024";NA;"Data ikke tilgjengelig"
"ENCREC_006";"31";"3124";"Aremark";NA;"2018-2024";NA;"Data ikke tilgjengelig"
"ENCREC_006";"31";"3124";"Aremark";NA;"2018-2024";NA;"Data ikke tilgjengelig"
"ENCREC_006";"31";"3124";"Aremark";NA;"2018-2024";NA;"Data ikke tilgjengelig"
"ENCREC_006";"31";"3124";"Aremark";NA;"2018-2024";NA;"Data ikke tilgjengelig"
"ENCREC_006";"31";"3124";"Aremark";NA;"2018-2024";NA;"Data ikke tilgjengelig"
"ENCREC_006";"32";"3222";"Lørenskog";NA;"2018-2024";NA;"Data ikke tilgjengelig"
"ENCREC_006";"32";"3222";"Lørenskog";NA;"2018-2024";NA;"Data ikke tilgjengelig"
"ENCREC_006";"32";"3222";"Lørenskog";NA;"2018-2024";NA;"Data ikke tilgjengelig"
"ENCREC_006";"32";"3222";"Lørenskog";NA;"2018-2024";NA;"Data ikke tilgjengelig"
"ENCREC_006";"32";"3222";"Lørenskog";NA;"2018-2024";NA;"Data ikke tilgjengelig"
"ENCREC_006";"32";"3222";"Lørenskog";NA;"2018-2024";NA;"Data ikke tilgjengelig"
"ENCREC_006";"32";"3222";"Lørenskog";NA;"2018-2024";NA;"Data ikke tilgjengelig"
"ENCREC_006";"32";"3222";"Lørenskog";NA;"2018-2024";NA;"Data ikke tilgjengelig"
"ENCREC_006";"32";"3236";"Jevnaker";NA;"2018-2024";NA;"Data ikke tilgjengelig"
"ENCREC_006";"32";"3236";"Jevnaker";NA;"2018-2024";NA;"Data ikke tilgjengelig"
"ENCREC_006";"32";"3236";"Jevnaker";NA;"2018-2024";NA;"Data ikke tilgjengelig"
"ENCREC_006";"32";"3236";"Jevnaker";NA;"2018-2024";NA;"Data ikke tilgjengelig"
"ENCREC_006";"32";"3236";"Jevnaker";NA;"2018-2024";NA;"Data ikke tilgjengelig"
"ENCREC_006";"32";"3236";"Jevnaker";NA;"2018-2024";NA;"Data ikke tilgjengelig"
"ENCREC_006";"32";"3236";"Jevnaker";NA;"2018-2024";NA;"Data ikke tilgjengelig"
"ENCREC_006";"32";"3236";"Jevnaker";NA;"2018-2024";NA;"Data ikke tilgjengelig"
"ENCREC_006";"33";"3330";"Hol";NA;"2018-2024";NA;"Data ikke tilgjengelig"
"ENCREC_006";"33";"3330";"Hol";NA;"2018-2024";NA;"Data ikke tilgjengelig"
"ENCREC_006";"33";"3330";"Hol";NA;"2018-2024";NA;"Data ikke tilgjengelig"
"ENCREC_006";"33";"3330";"Hol";NA;"2018-2024";NA;"Data ikke tilgjengelig"
"ENCREC_006";"33";"3330";"Hol";NA;"2018-2024";NA;"Data ikke tilgjengelig"
"ENCREC_006";"33";"3330";"Hol";NA;"2018-2024";NA;"Data ikke tilgjengelig"
"ENCREC_006";"33";"3330";"Hol";NA;"2018-2024";NA;"Data ikke tilgjengelig"
"ENCREC_006";"33";"3330";"Hol";NA;"2018-2024";NA;"Data ikke tilgjengelig"
"ENCREC_006";"34";"3407";"Gjøvik";NA;"2018-2024";NA;"Data ikke tilgjengelig"
"ENCREC_006";"34";"3407";"Gjøvik";NA;"2018-2024";NA;"Data ikke tilgjengelig"
"ENCREC_006";"34";"3407";"Gjøvik";NA;"2018-2024";NA;"Data ikke tilgjengelig"
"ENCREC_006";"34";"3407";"Gjøvik";NA;"2018-2024";NA;"Data ikke tilgjengelig"
"ENCREC_006";"34";"3407";"Gjøvik";NA;"2018-2024";NA;"Data ikke tilgjengelig"
"ENCREC_006";"34";"3407";"Gjøvik";NA;"2018-2024";NA;"Data ikke tilgjengelig"
"ENCREC_006";"34";"3407";"Gjøvik";NA;"2018-2024";NA;"Data ikke tilgjengelig"
"ENCREC_006";"34";"3407";"Gjøvik";NA;"2018-2024";NA;"Data ikke tilgjengelig"
"ENCREC_006";"34";"3417";"Grue";NA;"2018-2024";NA;"Data ikke tilgjengelig"
"ENCREC_006";"34";"3417";"Grue";NA;"2018-2024";NA;"Data ikke tilgjengelig"
"ENCREC_006";"34";"3417";"Grue";NA;"2018-2024";NA;"Data ikke tilgjengelig"
"ENCREC_006";"34";"3417";"Grue";NA;"2018-2024";NA;"Data ikke tilgjengelig"
"ENCREC_006";"34";"3417";"Grue";NA;"2018-2024";NA;"Data ikke tilgjengelig"
"ENCREC_006";"34";"3417";"Grue";NA;"2018-2024";NA;"Data ikke tilgjengelig"
"ENCREC_006";"34";"3417";"Grue";NA;"2018-2024";NA;"Data ikke tilgjengelig"
"ENCREC_006";"34";"3417";"Grue";NA;"2018-2024";NA;"Data ikke tilgjengelig"
"ENCREC_006";"34";"3418";"Åsnes";NA;"2018-2024";NA;"Data ikke tilgjengelig"
"ENCREC_006";"34";"3418";"Åsnes";NA;"2018-2024";NA;"Data ikke tilgjengelig"
"ENCREC_006";"34";"3418";"Åsnes";NA;"2018-2024";NA;"Data ikke tilgjengelig"
"ENCREC_006";"34";"3418";"Åsnes";NA;"2018-2024";NA;"Data ikke tilgjengelig"
"ENCREC_006";"34";"3418";"Åsnes";NA;"2018-2024";NA;"Data ikke tilgjengelig"
"ENCREC_006";"34";"3418";"Åsnes";NA;"2018-2024";NA;"Data ikke tilgjengelig"
"ENCREC_006";"34";"3418";"Åsnes";NA;"2018-2024";NA;"Data ikke tilgjengelig"
"ENCREC_006";"34";"3418";"Åsnes";NA;"2018-2024";NA;"Data ikke tilgjengelig"
"ENCREC_006";"34";"3430";"Os";NA;"2018-2024";NA;"Data ikke tilgjengelig"
"ENCREC_006";"34";"3430";"Os";NA;"2018-2024";NA;"Data ikke tilgjengelig"
"ENCREC_006";"34";"3430";"Os";NA;"2018-2024";NA;"Data ikke tilgjengelig"
"ENCREC_006";"34";"3430";"Os";NA;"2018-2024";NA;"Data ikke tilgjengelig"
"ENCREC_006";"34";"3430";"Os";NA;"2018-2024";NA;"Data ikke tilgjengelig"
"ENCREC_006";"34";"3430";"Os";NA;"2018-2024";NA;"Data ikke tilgjengelig"
"ENCREC_006";"34";"3430";"Os";NA;"2018-2024";NA;"Data ikke tilgjengelig"
"ENCREC_006";"34";"3430";"Os";NA;"2018-2024";NA;"Data ikke tilgjengelig"
"ENCREC_006";"34";"3431";"Dovre";NA;"2018-2024";NA;"Data ikke tilgjengelig"
"ENCREC_006";"34";"3431";"Dovre";NA;"2018-2024";NA;"Data ikke tilgjengelig"
"ENCREC_006";"34";"3431";"Dovre";NA;"2018-2024";NA;"Data ikke tilgjengelig"
"ENCREC_006";"34";"3431";"Dovre";NA;"2018-2024";NA;"Data ikke tilgjengelig"
"ENCREC_006";"34";"3431";"Dovre";NA;"2018-2024";NA;"Data ikke tilgjengelig"
"ENCREC_006";"34";"3431";"Dovre";NA;"2018-2024";NA;"Data ikke tilgjengelig"
"ENCREC_006";"34";"3431";"Dovre";NA;"2018-2024";NA;"Data ikke tilgjengelig"
"ENCREC_006";"34";"3431";"Dovre";NA;"2018-2024";NA;"Data ikke tilgjengelig"
"ENCREC_006";"34";"3432";"Lesja";NA;"2018-2024";NA;"Data ikke tilgjengelig"
"ENCREC_006";"34";"3432";"Lesja";NA;"2018-2024";NA;"Data ikke tilgjengelig"
"ENCREC_006";"34";"3432";"Lesja";NA;"2018-2024";NA;"Data ikke tilgjengelig"
"ENCREC_006";"34";"3432";"Lesja";NA;"2018-2024";NA;"Data ikke tilgjengelig"
"ENCREC_006";"34";"3432";"Lesja";NA;"2018-2024";NA;"Data ikke tilgjengelig"
"ENCREC_006";"34";"3432";"Lesja";NA;"2018-2024";NA;"Data ikke tilgjengelig"
"ENCREC_006";"34";"3432";"Lesja";NA;"2018-2024";NA;"Data ikke tilgjengelig"
"ENCREC_006";"34";"3432";"Lesja";NA;"2018-2024";NA;"Data ikke tilgjengelig"
"ENCREC_006";"34";"3434";"Lom";NA;"2018-2024";NA;"Data ikke tilgjengelig"
"ENCREC_006";"34";"3434";"Lom";NA;"2018-2024";NA;"Data ikke tilgjengelig"
"ENCREC_006";"34";"3434";"Lom";NA;"2018-2024";NA;"Data ikke tilgjengelig"
"ENCREC_006";"34";"3434";"Lom";NA;"2018-2024";NA;"Data ikke tilgjengelig"
"ENCREC_006";"34";"3434";"Lom";NA;"2018-2024";NA;"Data ikke tilgjengelig"
"ENCREC_006";"34";"3434";"Lom";NA;"2018-2024";NA;"Data ikke tilgjengelig"
"ENCREC_006";"34";"3434";"Lom";NA;"2018-2024";NA;"Data ikke tilgjengelig"
"ENCREC_006";"34";"3434";"Lom";NA;"2018-2024";NA;"Data ikke tilgjengelig"
"ENCREC_006";"34";"3436";"Nord-Fron";NA;"2018-2024";NA;"Data ikke tilgjengelig"
"ENCREC_006";"34";"3436";"Nord-Fron";NA;"2018-2024";NA;"Data ikke tilgjengelig"
"ENCREC_006";"34";"3436";"Nord-Fron";NA;"2018-2024";NA;"Data ikke tilgjengelig"
"ENCREC_006";"34";"3436";"Nord-Fron";NA;"2018-2024";NA;"Data ikke tilgjengelig"
"ENCREC_006";"34";"3436";"Nord-Fron";NA;"2018-2024";NA;"Data ikke tilgjengelig"
"ENCREC_006";"34";"3436";"Nord-Fron";NA;"2018-2024";NA;"Data ikke tilgjengelig"
"ENCREC_006";"34";"3436";"Nord-Fron";NA;"2018-2024";NA;"Data ikke tilgjengelig"
"ENCREC_006";"34";"3436";"Nord-Fron";NA;"2018-2024";NA;"Data ikke tilgjengelig"
"ENCREC_006";"34";"3438";"Sør-Fron";NA;"2018-2024";NA;"Data ikke tilgjengelig"
"ENCREC_006";"34";"3438";"Sør-Fron";NA;"2018-2024";NA;"Data ikke tilgjengelig"
"ENCREC_006";"34";"3438";"Sør-Fron";NA;"2018-2024";NA;"Data ikke tilgjengelig"
"ENCREC_006";"34";"3438";"Sør-Fron";NA;"2018-2024";NA;"Data ikke tilgjengelig"
"ENCREC_006";"34";"3438";"Sør-Fron";NA;"2018-2024";NA;"Data ikke tilgjengelig"
"ENCREC_006";"34";"3438";"Sør-Fron";NA;"2018-2024";NA;"Data ikke tilgjengelig"
"ENCREC_006";"34";"3438";"Sør-Fron";NA;"2018-2024";NA;"Data ikke tilgjengelig"
"ENCREC_006";"34";"3438";"Sør-Fron";NA;"2018-2024";NA;"Data ikke tilgjengelig"
"ENCREC_006";"34";"3439";"Ringebu";NA;"2018-2024";NA;"Data ikke tilgjengelig"
"ENCREC_006";"34";"3439";"Ringebu";NA;"2018-2024";NA;"Data ikke tilgjengelig"
"ENCREC_006";"34";"3439";"Ringebu";NA;"2018-2024";NA;"Data ikke tilgjengelig"
"ENCREC_006";"34";"3439";"Ringebu";NA;"2018-2024";NA;"Data ikke tilgjengelig"
"ENCREC_006";"34";"3439";"Ringebu";NA;"2018-2024";NA;"Data ikke tilgjengelig"
"ENCREC_006";"34";"3439";"Ringebu";NA;"2018-2024";NA;"Data ikke tilgjengelig"
"ENCREC_006";"34";"3439";"Ringebu";NA;"2018-2024";NA;"Data ikke tilgjengelig"
"ENCREC_006";"34";"3439";"Ringebu";NA;"2018-2024";NA;"Data ikke tilgjengelig"
"ENCREC_006";"34";"3443";"Vestre Toten";NA;"2018-2024";NA;"Data ikke tilgjengelig"
"ENCREC_006";"34";"3443";"Vestre Toten";NA;"2018-2024";NA;"Data ikke tilgjengelig"
"ENCREC_006";"34";"3443";"Vestre Toten";NA;"2018-2024";NA;"Data ikke tilgjengelig"
"ENCREC_006";"34";"3443";"Vestre Toten";NA;"2018-2024";NA;"Data ikke tilgjengelig"
"ENCREC_006";"34";"3443";"Vestre Toten";NA;"2018-2024";NA;"Data ikke tilgjengelig"
"ENCREC_006";"34";"3443";"Vestre Toten";NA;"2018-2024";NA;"Data ikke tilgjengelig"
"ENCREC_006";"34";"3443";"Vestre Toten";NA;"2018-2024";NA;"Data ikke tilgjengelig"
"ENCREC_006";"34";"3443";"Vestre Toten";NA;"2018-2024";NA;"Data ikke tilgjengelig"
"ENCREC_006";"34";"3446";"Gran";NA;"2018-2024";NA;"Data ikke tilgjengelig"
"ENCREC_006";"34";"3446";"Gran";NA;"2018-2024";NA;"Data ikke tilgjengelig"
"ENCREC_006";"34";"3446";"Gran";NA;"2018-2024";NA;"Data ikke tilgjengelig"
"ENCREC_006";"34";"3446";"Gran";NA;"2018-2024";NA;"Data ikke tilgjengelig"
"ENCREC_006";"34";"3446";"Gran";NA;"2018-2024";NA;"Data ikke tilgjengelig"
"ENCREC_006";"34";"3446";"Gran";NA;"2018-2024";NA;"Data ikke tilgjengelig"
"ENCREC_006";"34";"3446";"Gran";NA;"2018-2024";NA;"Data ikke tilgjengelig"
"ENCREC_006";"34";"3446";"Gran";NA;"2018-2024";NA;"Data ikke tilgjengelig"
"ENCREC_006";"34";"3447";"Søndre Land";NA;"2018-2024";NA;"Data ikke tilgjengelig"
"ENCREC_006";"34";"3447";"Søndre Land";NA;"2018-2024";NA;"Data ikke tilgjengelig"
"ENCREC_006";"34";"3447";"Søndre Land";NA;"2018-2024";NA;"Data ikke tilgjengelig"
"ENCREC_006";"34";"3447";"Søndre Land";NA;"2018-2024";NA;"Data ikke tilgjengelig"
"ENCREC_006";"34";"3447";"Søndre Land";NA;"2018-2024";NA;"Data ikke tilgjengelig"
"ENCREC_006";"34";"3447";"Søndre Land";NA;"2018-2024";NA;"Data ikke tilgjengelig"
"ENCREC_006";"34";"3447";"Søndre Land";NA;"2018-2024";NA;"Data ikke tilgjengelig"
"ENCREC_006";"34";"3447";"Søndre Land";NA;"2018-2024";NA;"Data ikke tilgjengelig"
"ENCREC_006";"34";"3448";"Nordre Land";NA;"2018-2024";NA;"Data ikke tilgjengelig"
"ENCREC_006";"34";"3448";"Nordre Land";NA;"2018-2024";NA;"Data ikke tilgjengelig"
"ENCREC_006";"34";"3448";"Nordre Land";NA;"2018-2024";NA;"Data ikke tilgjengelig"
"ENCREC_006";"34";"3448";"Nordre Land";NA;"2018-2024";NA;"Data ikke tilgjengelig"
"ENCREC_006";"34";"3448";"Nordre Land";NA;"2018-2024";NA;"Data ikke tilgjengelig"
"ENCREC_006";"34";"3448";"Nordre Land";NA;"2018-2024";NA;"Data ikke tilgjengelig"
"ENCREC_006";"34";"3448";"Nordre Land";NA;"2018-2024";NA;"Data ikke tilgjengelig"
"ENCREC_006";"34";"3448";"Nordre Land";NA;"2018-2024";NA;"Data ikke tilgjengelig"
"ENCREC_006";"34";"3449";"Sør-Aurdal";NA;"2018-2024";NA;"Data ikke tilgjengelig"
"ENCREC_006";"34";"3449";"Sør-Aurdal";NA;"2018-2024";NA;"Data ikke tilgjengelig"
"ENCREC_006";"34";"3449";"Sør-Aurdal";NA;"2018-2024";NA;"Data ikke tilgjengelig"
"ENCREC_006";"34";"3449";"Sør-Aurdal";NA;"2018-2024";NA;"Data ikke tilgjengelig"
"ENCREC_006";"34";"3449";"Sør-Aurdal";NA;"2018-2024";NA;"Data ikke tilgjengelig"
"ENCREC_006";"34";"3449";"Sør-Aurdal";NA;"2018-2024";NA;"Data ikke tilgjengelig"
"ENCREC_006";"34";"3449";"Sør-Aurdal";NA;"2018-2024";NA;"Data ikke tilgjengelig"
"ENCREC_006";"34";"3449";"Sør-Aurdal";NA;"2018-2024";NA;"Data ikke tilgjengelig"
"ENCREC_006";"34";"3452";"Vestre Slidre";NA;"2018-2024";NA;"Data ikke tilgjengelig"
"ENCREC_006";"34";"3452";"Vestre Slidre";NA;"2018-2024";NA;"Data ikke tilgjengelig"
"ENCREC_006";"34";"3452";"Vestre Slidre";NA;"2018-2024";NA;"Data ikke tilgjengelig"
"ENCREC_006";"34";"3452";"Vestre Slidre";NA;"2018-2024";NA;"Data ikke tilgjengelig"
"ENCREC_006";"34";"3452";"Vestre Slidre";NA;"2018-2024";NA;"Data ikke tilgjengelig"
"ENCREC_006";"34";"3452";"Vestre Slidre";NA;"2018-2024";NA;"Data ikke tilgjengelig"
"ENCREC_006";"34";"3452";"Vestre Slidre";NA;"2018-2024";NA;"Data ikke tilgjengelig"
"ENCREC_006";"34";"3452";"Vestre Slidre";NA;"2018-2024";NA;"Data ikke tilgjengelig"
"ENCREC_006";"34";"3453";"Øystre Slidre";NA;"2018-2024";NA;"Data ikke tilgjengelig"
"ENCREC_006";"34";"3453";"Øystre Slidre";NA;"2018-2024";NA;"Data ikke tilgjengelig"
"ENCREC_006";"34";"3453";"Øystre Slidre";NA;"2018-2024";NA;"Data ikke tilgjengelig"
"ENCREC_006";"34";"3453";"Øystre Slidre";NA;"2018-2024";NA;"Data ikke tilgjengelig"
"ENCREC_006";"34";"3453";"Øystre Slidre";NA;"2018-2024";NA;"Data ikke tilgjengelig"
"ENCREC_006";"34";"3453";"Øystre Slidre";NA;"2018-2024";NA;"Data ikke tilgjengelig"
"ENCREC_006";"34";"3453";"Øystre Slidre";NA;"2018-2024";NA;"Data ikke tilgjengelig"
"ENCREC_006";"34";"3453";"Øystre Slidre";NA;"2018-2024";NA;"Data ikke tilgjengelig"
"ENCREC_006";"40";"4001";"Porsgrunn";NA;"2018-2024";NA;"Data ikke tilgjengelig"
"ENCREC_006";"40";"4001";"Porsgrunn";NA;"2018-2024";NA;"Data ikke tilgjengelig"
"ENCREC_006";"40";"4001";"Porsgrunn";NA;"2018-2024";NA;"Data ikke tilgjengelig"
"ENCREC_006";"40";"4001";"Porsgrunn";NA;"2018-2024";NA;"Data ikke tilgjengelig"
"ENCREC_006";"40";"4001";"Porsgrunn";NA;"2018-2024";NA;"Data ikke tilgjengelig"
"ENCREC_006";"40";"4001";"Porsgrunn";NA;"2018-2024";NA;"Data ikke tilgjengelig"
"ENCREC_006";"40";"4001";"Porsgrunn";NA;"2018-2024";NA;"Data ikke tilgjengelig"
"ENCREC_006";"40";"4001";"Porsgrunn";NA;"2018-2024";NA;"Data ikke tilgjengelig"
"ENCREC_006";"40";"4005";"Notodden";NA;"2018-2024";NA;"Data ikke tilgjengelig"
"ENCREC_006";"40";"4005";"Notodden";NA;"2018-2024";NA;"Data ikke tilgjengelig"
"ENCREC_006";"40";"4005";"Notodden";NA;"2018-2024";NA;"Data ikke tilgjengelig"
"ENCREC_006";"40";"4005";"Notodden";NA;"2018-2024";NA;"Data ikke tilgjengelig"
"ENCREC_006";"40";"4005";"Notodden";NA;"2018-2024";NA;"Data ikke tilgjengelig"
"ENCREC_006";"40";"4005";"Notodden";NA;"2018-2024";NA;"Data ikke tilgjengelig"
"ENCREC_006";"40";"4005";"Notodden";NA;"2018-2024";NA;"Data ikke tilgjengelig"
"ENCREC_006";"40";"4005";"Notodden";NA;"2018-2024";NA;"Data ikke tilgjengelig"
"ENCREC_006";"40";"4018";"Nome";NA;"2018-2024";NA;"Data ikke tilgjengelig"
"ENCREC_006";"40";"4018";"Nome";NA;"2018-2024";NA;"Data ikke tilgjengelig"
"ENCREC_006";"40";"4018";"Nome";NA;"2018-2024";NA;"Data ikke tilgjengelig"
"ENCREC_006";"40";"4018";"Nome";NA;"2018-2024";NA;"Data ikke tilgjengelig"
"ENCREC_006";"40";"4018";"Nome";NA;"2018-2024";NA;"Data ikke tilgjengelig"
"ENCREC_006";"40";"4018";"Nome";NA;"2018-2024";NA;"Data ikke tilgjengelig"
"ENCREC_006";"40";"4018";"Nome";NA;"2018-2024";NA;"Data ikke tilgjengelig"
"ENCREC_006";"40";"4018";"Nome";NA;"2018-2024";NA;"Data ikke tilgjengelig"
"ENCREC_006";"40";"4022";"Seljord";NA;"2018-2024";NA;"Data ikke tilgjengelig"
"ENCREC_006";"40";"4022";"Seljord";NA;"2018-2024";NA;"Data ikke tilgjengelig"
"ENCREC_006";"40";"4022";"Seljord";NA;"2018-2024";NA;"Data ikke tilgjengelig"
"ENCREC_006";"40";"4022";"Seljord";NA;"2018-2024";NA;"Data ikke tilgjengelig"
"ENCREC_006";"40";"4022";"Seljord";NA;"2018-2024";NA;"Data ikke tilgjengelig"
"ENCREC_006";"40";"4022";"Seljord";NA;"2018-2024";NA;"Data ikke tilgjengelig"
"ENCREC_006";"40";"4022";"Seljord";NA;"2018-2024";NA;"Data ikke tilgjengelig"
"ENCREC_006";"40";"4022";"Seljord";NA;"2018-2024";NA;"Data ikke tilgjengelig"
"ENCREC_006";"40";"4024";"Hjartdal";NA;"2018-2024";NA;"Data ikke tilgjengelig"
"ENCREC_006";"40";"4024";"Hjartdal";NA;"2018-2024";NA;"Data ikke tilgjengelig"
"ENCREC_006";"40";"4024";"Hjartdal";NA;"2018-2024";NA;"Data ikke tilgjengelig"
"ENCREC_006";"40";"4024";"Hjartdal";NA;"2018-2024";NA;"Data ikke tilgjengelig"
"ENCREC_006";"40";"4024";"Hjartdal";NA;"2018-2024";NA;"Data ikke tilgjengelig"
"ENCREC_006";"40";"4024";"Hjartdal";NA;"2018-2024";NA;"Data ikke tilgjengelig"
"ENCREC_006";"40";"4024";"Hjartdal";NA;"2018-2024";NA;"Data ikke tilgjengelig"
"ENCREC_006";"40";"4024";"Hjartdal";NA;"2018-2024";NA;"Data ikke tilgjengelig"
"ENCREC_006";"40";"4026";"Tinn";NA;"2018-2024";NA;"Data ikke tilgjengelig"
"ENCREC_006";"40";"4026";"Tinn";NA;"2018-2024";NA;"Data ikke tilgjengelig"
"ENCREC_006";"40";"4026";"Tinn";NA;"2018-2024";NA;"Data ikke tilgjengelig"
"ENCREC_006";"40";"4026";"Tinn";NA;"2018-2024";NA;"Data ikke tilgjengelig"
"ENCREC_006";"40";"4026";"Tinn";NA;"2018-2024";NA;"Data ikke tilgjengelig"
"ENCREC_006";"40";"4026";"Tinn";NA;"2018-2024";NA;"Data ikke tilgjengelig"
"ENCREC_006";"40";"4026";"Tinn";NA;"2018-2024";NA;"Data ikke tilgjengelig"
"ENCREC_006";"40";"4026";"Tinn";NA;"2018-2024";NA;"Data ikke tilgjengelig"
"ENCREC_006";"40";"4028";"Kviteseid";NA;"2018-2024";NA;"Data ikke tilgjengelig"
"ENCREC_006";"40";"4028";"Kviteseid";NA;"2018-2024";NA;"Data ikke tilgjengelig"
"ENCREC_006";"40";"4028";"Kviteseid";NA;"2018-2024";NA;"Data ikke tilgjengelig"
"ENCREC_006";"40";"4028";"Kviteseid";NA;"2018-2024";NA;"Data ikke tilgjengelig"
"ENCREC_006";"40";"4028";"Kviteseid";NA;"2018-2024";NA;"Data ikke tilgjengelig"
"ENCREC_006";"40";"4028";"Kviteseid";NA;"2018-2024";NA;"Data ikke tilgjengelig"
"ENCREC_006";"40";"4028";"Kviteseid";NA;"2018-2024";NA;"Data ikke tilgjengelig"
"ENCREC_006";"40";"4028";"Kviteseid";NA;"2018-2024";NA;"Data ikke tilgjengelig"
"ENCREC_006";"40";"4030";"Nissedal";NA;"2018-2024";NA;"Data ikke tilgjengelig"
"ENCREC_006";"40";"4030";"Nissedal";NA;"2018-2024";NA;"Data ikke tilgjengelig"
"ENCREC_006";"40";"4030";"Nissedal";NA;"2018-2024";NA;"Data ikke tilgjengelig"
"ENCREC_006";"40";"4030";"Nissedal";NA;"2018-2024";NA;"Data ikke tilgjengelig"
"ENCREC_006";"40";"4030";"Nissedal";NA;"2018-2024";NA;"Data ikke tilgjengelig"
"ENCREC_006";"40";"4030";"Nissedal";NA;"2018-2024";NA;"Data ikke tilgjengelig"
"ENCREC_006";"40";"4030";"Nissedal";NA;"2018-2024";NA;"Data ikke tilgjengelig"
"ENCREC_006";"40";"4030";"Nissedal";NA;"2018-2024";NA;"Data ikke tilgjengelig"
"ENCREC_006";"40";"4032";"Fyresdal";NA;"2018-2024";NA;"Data ikke tilgjengelig"
"ENCREC_006";"40";"4032";"Fyresdal";NA;"2018-2024";NA;"Data ikke tilgjengelig"
"ENCREC_006";"40";"4032";"Fyresdal";NA;"2018-2024";NA;"Data ikke tilgjengelig"
"ENCREC_006";"40";"4032";"Fyresdal";NA;"2018-2024";NA;"Data ikke tilgjengelig"
"ENCREC_006";"40";"4032";"Fyresdal";NA;"2018-2024";NA;"Data ikke tilgjengelig"
"ENCREC_006";"40";"4032";"Fyresdal";NA;"2018-2024";NA;"Data ikke tilgjengelig"
"ENCREC_006";"40";"4032";"Fyresdal";NA;"2018-2024";NA;"Data ikke tilgjengelig"
"ENCREC_006";"40";"4032";"Fyresdal";NA;"2018-2024";NA;"Data ikke tilgjengelig"
"ENCREC_006";"40";"4034";"Tokke";NA;"2018-2024";NA;"Data ikke tilgjengelig"
"ENCREC_006";"40";"4034";"Tokke";NA;"2018-2024";NA;"Data ikke tilgjengelig"
"ENCREC_006";"40";"4034";"Tokke";NA;"2018-2024";NA;"Data ikke tilgjengelig"
"ENCREC_006";"40";"4034";"Tokke";NA;"2018-2024";NA;"Data ikke tilgjengelig"
"ENCREC_006";"40";"4034";"Tokke";NA;"2018-2024";NA;"Data ikke tilgjengelig"
"ENCREC_006";"40";"4034";"Tokke";NA;"2018-2024";NA;"Data ikke tilgjengelig"
"ENCREC_006";"40";"4034";"Tokke";NA;"2018-2024";NA;"Data ikke tilgjengelig"
"ENCREC_006";"40";"4034";"Tokke";NA;"2018-2024";NA;"Data ikke tilgjengelig"
"ENCREC_006";"42";"4217";"Åmli";NA;"2018-2024";NA;"Data ikke tilgjengelig"
"ENCREC_006";"42";"4217";"Åmli";NA;"2018-2024";NA;"Data ikke tilgjengelig"
"ENCREC_006";"42";"4217";"Åmli";NA;"2018-2024";NA;"Data ikke tilgjengelig"
"ENCREC_006";"42";"4217";"Åmli";NA;"2018-2024";NA;"Data ikke tilgjengelig"
"ENCREC_006";"42";"4217";"Åmli";NA;"2018-2024";NA;"Data ikke tilgjengelig"
"ENCREC_006";"42";"4217";"Åmli";NA;"2018-2024";NA;"Data ikke tilgjengelig"
"ENCREC_006";"42";"4217";"Åmli";NA;"2018-2024";NA;"Data ikke tilgjengelig"
"ENCREC_006";"42";"4217";"Åmli";NA;"2018-2024";NA;"Data ikke tilgjengelig"
"ENCREC_006";"42";"4218";"Iveland";NA;"2018-2024";NA;"Data ikke tilgjengelig"
"ENCREC_006";"42";"4218";"Iveland";NA;"2018-2024";NA;"Data ikke tilgjengelig"
"ENCREC_006";"42";"4218";"Iveland";NA;"2018-2024";NA;"Data ikke tilgjengelig"
"ENCREC_006";"42";"4218";"Iveland";NA;"2018-2024";NA;"Data ikke tilgjengelig"
"ENCREC_006";"42";"4218";"Iveland";NA;"2018-2024";NA;"Data ikke tilgjengelig"
"ENCREC_006";"42";"4218";"Iveland";NA;"2018-2024";NA;"Data ikke tilgjengelig"
"ENCREC_006";"42";"4218";"Iveland";NA;"2018-2024";NA;"Data ikke tilgjengelig"
"ENCREC_006";"42";"4218";"Iveland";NA;"2018-2024";NA;"Data ikke tilgjengelig"
"ENCREC_006";"42";"4220";"Bygland";NA;"2018-2024";NA;"Data ikke tilgjengelig"
"ENCREC_006";"42";"4220";"Bygland";NA;"2018-2024";NA;"Data ikke tilgjengelig"
"ENCREC_006";"42";"4220";"Bygland";NA;"2018-2024";NA;"Data ikke tilgjengelig"
"ENCREC_006";"42";"4220";"Bygland";NA;"2018-2024";NA;"Data ikke tilgjengelig"
"ENCREC_006";"42";"4220";"Bygland";NA;"2018-2024";NA;"Data ikke tilgjengelig"
"ENCREC_006";"42";"4220";"Bygland";NA;"2018-2024";NA;"Data ikke tilgjengelig"
"ENCREC_006";"42";"4220";"Bygland";NA;"2018-2024";NA;"Data ikke tilgjengelig"
"ENCREC_006";"42";"4220";"Bygland";NA;"2018-2024";NA;"Data ikke tilgjengelig"
"ENCREC_006";"42";"4221";"Valle";NA;"2018-2024";NA;"Data ikke tilgjengelig"
"ENCREC_006";"42";"4221";"Valle";NA;"2018-2024";NA;"Data ikke tilgjengelig"
"ENCREC_006";"42";"4221";"Valle";NA;"2018-2024";NA;"Data ikke tilgjengelig"
"ENCREC_006";"42";"4221";"Valle";NA;"2018-2024";NA;"Data ikke tilgjengelig"
"ENCREC_006";"42";"4221";"Valle";NA;"2018-2024";NA;"Data ikke tilgjengelig"
"ENCREC_006";"42";"4221";"Valle";NA;"2018-2024";NA;"Data ikke tilgjengelig"
"ENCREC_006";"42";"4221";"Valle";NA;"2018-2024";NA;"Data ikke tilgjengelig"
"ENCREC_006";"42";"4221";"Valle";NA;"2018-2024";NA;"Data ikke tilgjengelig"
"ENCREC_006";"42";"4222";"Bykle";NA;"2018-2024";NA;"Data ikke tilgjengelig"
"ENCREC_006";"42";"4222";"Bykle";NA;"2018-2024";NA;"Data ikke tilgjengelig"
"ENCREC_006";"42";"4222";"Bykle";NA;"2018-2024";NA;"Data ikke tilgjengelig"
"ENCREC_006";"42";"4222";"Bykle";NA;"2018-2024";NA;"Data ikke tilgjengelig"
"ENCREC_006";"42";"4222";"Bykle";NA;"2018-2024";NA;"Data ikke tilgjengelig"
"ENCREC_006";"42";"4222";"Bykle";NA;"2018-2024";NA;"Data ikke tilgjengelig"
"ENCREC_006";"42";"4222";"Bykle";NA;"2018-2024";NA;"Data ikke tilgjengelig"
"ENCREC_006";"42";"4222";"Bykle";NA;"2018-2024";NA;"Data ikke tilgjengelig"
"ENCREC_006";"42";"4223";"Vennesla";NA;"2018-2024";NA;"Data ikke tilgjengelig"
"ENCREC_006";"42";"4223";"Vennesla";NA;"2018-2024";NA;"Data ikke tilgjengelig"
"ENCREC_006";"42";"4223";"Vennesla";NA;"2018-2024";NA;"Data ikke tilgjengelig"
"ENCREC_006";"42";"4223";"Vennesla";NA;"2018-2024";NA;"Data ikke tilgjengelig"
"ENCREC_006";"42";"4223";"Vennesla";NA;"2018-2024";NA;"Data ikke tilgjengelig"
"ENCREC_006";"42";"4223";"Vennesla";NA;"2018-2024";NA;"Data ikke tilgjengelig"
"ENCREC_006";"42";"4223";"Vennesla";NA;"2018-2024";NA;"Data ikke tilgjengelig"
"ENCREC_006";"42";"4223";"Vennesla";NA;"2018-2024";NA;"Data ikke tilgjengelig"
"ENCREC_006";"42";"4224";"Åseral";NA;"2018-2024";NA;"Data ikke tilgjengelig"
"ENCREC_006";"42";"4224";"Åseral";NA;"2018-2024";NA;"Data ikke tilgjengelig"
"ENCREC_006";"42";"4224";"Åseral";NA;"2018-2024";NA;"Data ikke tilgjengelig"
"ENCREC_006";"42";"4224";"Åseral";NA;"2018-2024";NA;"Data ikke tilgjengelig"
"ENCREC_006";"42";"4224";"Åseral";NA;"2018-2024";NA;"Data ikke tilgjengelig"
"ENCREC_006";"42";"4224";"Åseral";NA;"2018-2024";NA;"Data ikke tilgjengelig"
"ENCREC_006";"42";"4224";"Åseral";NA;"2018-2024";NA;"Data ikke tilgjengelig"
"ENCREC_006";"42";"4224";"Åseral";NA;"2018-2024";NA;"Data ikke tilgjengelig"
"ENCREC_006";"42";"4226";"Hægebostad";NA;"2018-2024";NA;"Data ikke tilgjengelig"
"ENCREC_006";"42";"4226";"Hægebostad";NA;"2018-2024";NA;"Data ikke tilgjengelig"
"ENCREC_006";"42";"4226";"Hægebostad";NA;"2018-2024";NA;"Data ikke tilgjengelig"
"ENCREC_006";"42";"4226";"Hægebostad";NA;"2018-2024";NA;"Data ikke tilgjengelig"
"ENCREC_006";"42";"4226";"Hægebostad";NA;"2018-2024";NA;"Data ikke tilgjengelig"
"ENCREC_006";"42";"4226";"Hægebostad";NA;"2018-2024";NA;"Data ikke tilgjengelig"
"ENCREC_006";"42";"4226";"Hægebostad";NA;"2018-2024";NA;"Data ikke tilgjengelig"
"ENCREC_006";"42";"4226";"Hægebostad";NA;"2018-2024";NA;"Data ikke tilgjengelig"
"ENCREC_006";"42";"4228";"Sirdal";NA;"2018-2024";NA;"Data ikke tilgjengelig"
"ENCREC_006";"42";"4228";"Sirdal";NA;"2018-2024";NA;"Data ikke tilgjengelig"
"ENCREC_006";"42";"4228";"Sirdal";NA;"2018-2024";NA;"Data ikke tilgjengelig"
"ENCREC_006";"42";"4228";"Sirdal";NA;"2018-2024";NA;"Data ikke tilgjengelig"
"ENCREC_006";"42";"4228";"Sirdal";NA;"2018-2024";NA;"Data ikke tilgjengelig"
"ENCREC_006";"42";"4228";"Sirdal";NA;"2018-2024";NA;"Data ikke tilgjengelig"
"ENCREC_006";"42";"4228";"Sirdal";NA;"2018-2024";NA;"Data ikke tilgjengelig"
"ENCREC_006";"42";"4228";"Sirdal";NA;"2018-2024";NA;"Data ikke tilgjengelig"
"ENCREC_006";"46";"4642";"Lærdal";NA;"2018-2024";NA;"Data ikke tilgjengelig"
"ENCREC_006";"46";"4642";"Lærdal";NA;"2018-2024";NA;"Data ikke tilgjengelig"
"ENCREC_006";"46";"4642";"Lærdal";NA;"2018-2024";NA;"Data ikke tilgjengelig"
"ENCREC_006";"46";"4642";"Lærdal";NA;"2018-2024";NA;"Data ikke tilgjengelig"
"ENCREC_006";"46";"4642";"Lærdal";NA;"2018-2024";NA;"Data ikke tilgjengelig"
"ENCREC_006";"46";"4642";"Lærdal";NA;"2018-2024";NA;"Data ikke tilgjengelig"
"ENCREC_006";"46";"4642";"Lærdal";NA;"2018-2024";NA;"Data ikke tilgjengelig"
"ENCREC_006";"46";"4642";"Lærdal";NA;"2018-2024";NA;"Data ikke tilgjengelig"
"ENCREC_006";"46";"4645";"Askvoll";NA;"2018-2024";NA;"Data ikke tilgjengelig"
"ENCREC_006";"46";"4645";"Askvoll";NA;"2018-2024";NA;"Data ikke tilgjengelig"
"ENCREC_006";"46";"4645";"Askvoll";NA;"2018-2024";NA;"Data ikke tilgjengelig"
"ENCREC_006";"46";"4645";"Askvoll";NA;"2018-2024";NA;"Data ikke tilgjengelig"
"ENCREC_006";"46";"4645";"Askvoll";NA;"2018-2024";NA;"Data ikke tilgjengelig"
"ENCREC_006";"46";"4645";"Askvoll";NA;"2018-2024";NA;"Data ikke tilgjengelig"
"ENCREC_006";"46";"4645";"Askvoll";NA;"2018-2024";NA;"Data ikke tilgjengelig"
"ENCREC_006";"46";"4645";"Askvoll";NA;"2018-2024";NA;"Data ikke tilgjengelig"
"ENCREC_006";"50";"5032";"Selbu";NA;"2018-2024";NA;"Data ikke tilgjengelig"
"ENCREC_006";"50";"5032";"Selbu";NA;"2018-2024";NA;"Data ikke tilgjengelig"
"ENCREC_006";"50";"5032";"Selbu";NA;"2018-2024";NA;"Data ikke tilgjengelig"
"ENCREC_006";"50";"5032";"Selbu";NA;"2018-2024";NA;"Data ikke tilgjengelig"
"ENCREC_006";"50";"5032";"Selbu";NA;"2018-2024";NA;"Data ikke tilgjengelig"
"ENCREC_006";"50";"5032";"Selbu";NA;"2018-2024";NA;"Data ikke tilgjengelig"
"ENCREC_006";"50";"5032";"Selbu";NA;"2018-2024";NA;"Data ikke tilgjengelig"
"ENCREC_006";"50";"5032";"Selbu";NA;"2018-2024";NA;"Data ikke tilgjengelig"
"ENCREC_006";"55";"5514";"Ibestad";NA;"2018-2024";NA;"Data ikke tilgjengelig"
"ENCREC_006";"55";"5514";"Ibestad";NA;"2018-2024";NA;"Data ikke tilgjengelig"
"ENCREC_006";"55";"5514";"Ibestad";NA;"2018-2024";NA;"Data ikke tilgjengelig"
"ENCREC_006";"55";"5514";"Ibestad";NA;"2018-2024";NA;"Data ikke tilgjengelig"
"ENCREC_006";"55";"5514";"Ibestad";NA;"2018-2024";NA;"Data ikke tilgjengelig"
"ENCREC_006";"55";"5514";"Ibestad";NA;"2018-2024";NA;"Data ikke tilgjengelig"
"ENCREC_006";"55";"5514";"Ibestad";NA;"2018-2024";NA;"Data ikke tilgjengelig"
"ENCREC_006";"55";"5514";"Ibestad";NA;"2018-2024";NA;"Data ikke tilgjengelig"
"ENCREC_006";"56";"5610";"Kárášjohka/Karasjok";NA;"2018-2024";NA;"Data ikke tilgjengelig"
"ENCREC_006";"56";"5610";"Kárášjohka/Karasjok";NA;"2018-2024";NA;"Data ikke tilgjengelig"
"ENCREC_006";"56";"5610";"Kárášjohka/Karasjok";NA;"2018-2024";NA;"Data ikke tilgjengelig"
"ENCREC_006";"56";"5610";"Kárášjohka/Karasjok";NA;"2018-2024";NA;"Data ikke tilgjengelig"
"ENCREC_006";"56";"5610";"Kárášjohka/Karasjok";NA;"2018-2024";NA;"Data ikke tilgjengelig"
"ENCREC_006";"56";"5610";"Kárášjohka/Karasjok";NA;"2018-2024";NA;"Data ikke tilgjengelig"
"ENCREC_006";"56";"5610";"Kárášjohka/Karasjok";NA;"2018-2024";NA;"Data ikke tilgjengelig"
"ENCREC_006";"56";"5610";"Kárášjohka/Karasjok";NA;"2018-2024";NA;"Data ikke tilgjengelig"
"ENCREC_006";"56";"5626";"Gamvik";NA;"2018-2024";NA;"Data ikke tilgjengelig"
"ENCREC_006";"56";"5626";"Gamvik";NA;"2018-2024";NA;"Data ikke tilgjengelig"
"ENCREC_006";"56";"5626";"Gamvik";NA;"2018-2024";NA;"Data ikke tilgjengelig"
"ENCREC_006";"56";"5626";"Gamvik";NA;"2018-2024";NA;"Data ikke tilgjengelig"
"ENCREC_006";"56";"5626";"Gamvik";NA;"2018-2024";NA;"Data ikke tilgjengelig"
"ENCREC_006";"56";"5626";"Gamvik";NA;"2018-2024";NA;"Data ikke tilgjengelig"
"ENCREC_006";"56";"5626";"Gamvik";NA;"2018-2024";NA;"Data ikke tilgjengelig"
"ENCREC_006";"56";"5626";"Gamvik";NA;"2018-2024";NA;"Data ikke tilgjengelig"
