"Indikatorens navn";"Fylke nummer";"Kommune nummer";"Kommune navn";"Regnskapsår";"Årlig areal i dekar";"Kumulativ areal i dekar";"Usikkerhet for årlig areal";"Usikkerhet for kumulativ areal"
"ENCREC_003";"03";"0301";"Oslo";"2018";344100.76;344100.76;"Yellow";"Yellow"
"ENCREC_003";"03";"0301";"Oslo";"2019";344121.64;344015.35;"Yellow";"Yellow"
"ENCREC_003";"03";"0301";"Oslo";"2020";344098.22;343906.52;"Yellow";"Yellow"
"ENCREC_003";"03";"0301";"Oslo";"2021";344044.68;343744.15;"Yellow";"Yellow"
"ENCREC_003";"03";"0301";"Oslo";"2022";344077.18;343614.28;"Yellow";"Yellow"
"ENCREC_003";"03";"0301";"Oslo";"2023";344071.43;343478.66;"Yellow";"Yellow"
"ENCREC_003";"03";"0301";"Oslo";"2024";344145.58;343417.19;"Yellow";"Yellow"
"ENCREC_003";"03";"0301";"Oslo";"Endring 2018-2024";NA;-683.570000000007;"NA";"Yellow"
"ENCREC_003";"11";"1103";"Stavanger";"2018";73737.81;73737.81;"Yellow";"Yellow"
"ENCREC_003";"11";"1103";"Stavanger";"2019";73714.03;73702.86;"Yellow";"Yellow"
"ENCREC_003";"11";"1103";"Stavanger";"2020";73687.17;73641.05;"Yellow";"Yellow"
"ENCREC_003";"11";"1103";"Stavanger";"2021";73676.05;73568.12;"Yellow";"Yellow"
"ENCREC_003";"11";"1103";"Stavanger";"2022";73718.47;73537.61;"Yellow";"Yellow"
"ENCREC_003";"11";"1103";"Stavanger";"2023";73685.44;73474.07;"Green";"Yellow"
"ENCREC_003";"11";"1103";"Stavanger";"2024";73732.79;73457.88;"Yellow";"Yellow"
"ENCREC_003";"11";"1103";"Stavanger";"Endring 2018-2024";NA;-279.930000000008;"NA";"Yellow"
"ENCREC_003";"11";"1106";"Haugesund";"2018";20417.33;20417.33;"Yellow";"Yellow"
"ENCREC_003";"11";"1106";"Haugesund";"2019";20415.77;20415.41;"Yellow";"Yellow"
"ENCREC_003";"11";"1106";"Haugesund";"2020";20417.27;20414.99;"Yellow";"Yellow"
"ENCREC_003";"11";"1106";"Haugesund";"2021";20413;20410.3;"Yellow";"Yellow"
"ENCREC_003";"11";"1106";"Haugesund";"2022";20411.46;20404.07;"Yellow";"Yellow"
"ENCREC_003";"11";"1106";"Haugesund";"2023";20408.25;20394.63;"Yellow";"Yellow"
"ENCREC_003";"11";"1106";"Haugesund";"2024";20415.92;20392.86;"Orange";"Yellow"
"ENCREC_003";"11";"1106";"Haugesund";"Endring 2018-2024";NA;-24.4700000000012;"NA";"Yellow"
"ENCREC_003";"11";"1108";"Sandnes";"2018";876792.21;876792.21;"Yellow";"Yellow"
"ENCREC_003";"11";"1108";"Sandnes";"2019";876725.11;876669.52;"Yellow";"Yellow"
"ENCREC_003";"11";"1108";"Sandnes";"2020";876418.1;876239.82;"Yellow";"Yellow"
"ENCREC_003";"11";"1108";"Sandnes";"2021";876661.88;876053.9;"Yellow";"Yellow"
"ENCREC_003";"11";"1108";"Sandnes";"2022";876666.27;875872.37;"Yellow";"Yellow"
"ENCREC_003";"11";"1108";"Sandnes";"2023";876646.51;875671.08;"Green";"Yellow"
"ENCREC_003";"11";"1108";"Sandnes";"2024";876639.77;875463.05;"Yellow";"Yellow"
"ENCREC_003";"11";"1108";"Sandnes";"Endring 2018-2024";NA;-1329.16000000003;"NA";"Yellow"
"ENCREC_003";"11";"1119";"Hå";"2018";113669.28;113669.28;"Yellow";"Yellow"
"ENCREC_003";"11";"1119";"Hå";"2019";113761.08;113637.11;"Yellow";"Yellow"
"ENCREC_003";"11";"1119";"Hå";"2020";113534.4;113378.26;"Yellow";"Yellow"
"ENCREC_003";"11";"1119";"Hå";"2021";113697.01;113282.02;"Yellow";"Yellow"
"ENCREC_003";"11";"1119";"Hå";"2022";113712.48;113201.25;"Yellow";"Yellow"
"ENCREC_003";"11";"1119";"Hå";"2023";113751.83;113159.83;"Green";"Yellow"
"ENCREC_003";"11";"1119";"Hå";"2024";113753.21;113119.79;"Yellow";"Yellow"
"ENCREC_003";"11";"1119";"Hå";"Endring 2018-2024";NA;-549.490000000005;"NA";"Yellow"
"ENCREC_003";"11";"1120";"Klepp";"2018";5835.44;5835.44;"Yellow";"Yellow"
"ENCREC_003";"11";"1120";"Klepp";"2019";5836.7;5835.34;"Yellow";"Yellow"
"ENCREC_003";"11";"1120";"Klepp";"2020";5836.18;5834.72;"Yellow";"Yellow"
"ENCREC_003";"11";"1120";"Klepp";"2021";5835.28;5833.2;"Yellow";"Yellow"
"ENCREC_003";"11";"1120";"Klepp";"2022";5826.53;5822.93;"Yellow";"Yellow"
"ENCREC_003";"11";"1120";"Klepp";"2023";5830.89;5817.02;"Yellow";"Yellow"
"ENCREC_003";"11";"1120";"Klepp";"2024";5836.3;5816.52;"Yellow";"Yellow"
"ENCREC_003";"11";"1120";"Klepp";"Endring 2018-2024";NA;-18.9200000000001;"NA";"Yellow"
"ENCREC_003";"11";"1121";"Time";"2018";61367.89;61367.89;"Yellow";"Yellow"
"ENCREC_003";"11";"1121";"Time";"2019";61369.4;61367.89;"Yellow";"Yellow"
"ENCREC_003";"11";"1121";"Time";"2020";61366.47;61364.96;"Yellow";"Yellow"
"ENCREC_003";"11";"1121";"Time";"2021";61348.23;61343.79;"Yellow";"Yellow"
"ENCREC_003";"11";"1121";"Time";"2022";61353.13;61327.52;"Yellow";"Yellow"
"ENCREC_003";"11";"1121";"Time";"2023";61363.82;61321.94;"Green";"Yellow"
"ENCREC_003";"11";"1121";"Time";"2024";61365.29;61317.83;"Yellow";"Yellow"
"ENCREC_003";"11";"1121";"Time";"Endring 2018-2024";NA;-50.0599999999977;"NA";"Yellow"
"ENCREC_003";"11";"1122";"Gjesdal";"2018";396189.88;396189.88;"Yellow";"Yellow"
"ENCREC_003";"11";"1122";"Gjesdal";"2019";396138.53;396136.57;"Yellow";"Yellow"
"ENCREC_003";"11";"1122";"Gjesdal";"2020";396169.66;396114.39;"Yellow";"Yellow"
"ENCREC_003";"11";"1122";"Gjesdal";"2021";396159.55;396082.1;"Yellow";"Yellow"
"ENCREC_003";"11";"1122";"Gjesdal";"2022";396156.05;396046.31;"Yellow";"Yellow"
"ENCREC_003";"11";"1122";"Gjesdal";"2023";396166.53;396021;"Green";"Yellow"
"ENCREC_003";"11";"1122";"Gjesdal";"2024";396079.29;395908.45;"Yellow";"Yellow"
"ENCREC_003";"11";"1122";"Gjesdal";"Endring 2018-2024";NA;-281.429999999993;"NA";"Yellow"
"ENCREC_003";"11";"1124";"Sola";"2018";3567.15;3567.15;"Yellow";"Yellow"
"ENCREC_003";"11";"1124";"Sola";"2019";3567.75;3566.04;"Yellow";"Yellow"
"ENCREC_003";"11";"1124";"Sola";"2020";3567.67;3564.85;"Yellow";"Yellow"
"ENCREC_003";"11";"1124";"Sola";"2021";3565.08;3561.07;"Yellow";"Yellow"
"ENCREC_003";"11";"1124";"Sola";"2022";3568.06;3560.27;"Yellow";"Yellow"
"ENCREC_003";"11";"1124";"Sola";"2023";3563.35;3554.76;"Yellow";"Yellow"
"ENCREC_003";"11";"1124";"Sola";"2024";3568.57;3554.47;"Yellow";"Yellow"
"ENCREC_003";"11";"1124";"Sola";"Endring 2018-2024";NA;-12.6799999999998;"NA";"Yellow"
"ENCREC_003";"11";"1127";"Randaberg";"2018";2245.73;2245.73;"Yellow";"Yellow"
"ENCREC_003";"11";"1127";"Randaberg";"2019";2235.19;2234.41;"Yellow";"Yellow"
"ENCREC_003";"11";"1127";"Randaberg";"2020";2245.3;2233.2;"Yellow";"Yellow"
"ENCREC_003";"11";"1127";"Randaberg";"2021";2246.51;2233.2;"Yellow";"Yellow"
"ENCREC_003";"11";"1127";"Randaberg";"2022";2246.29;2232.98;"Yellow";"Yellow"
"ENCREC_003";"11";"1127";"Randaberg";"2023";2245.68;2232.15;"Yellow";"Yellow"
"ENCREC_003";"11";"1127";"Randaberg";"2024";2246.22;2231.86;"Yellow";"Yellow"
"ENCREC_003";"11";"1127";"Randaberg";"Endring 2018-2024";NA;-13.8699999999999;"NA";"Yellow"
"ENCREC_003";"11";"1130";"Strand";"2018";138907.95;138907.95;"Yellow";"Yellow"
"ENCREC_003";"11";"1130";"Strand";"2019";138905.78;138903.83;"Yellow";"Yellow"
"ENCREC_003";"11";"1130";"Strand";"2020";138885.61;138879.54;"Yellow";"Yellow"
"ENCREC_003";"11";"1130";"Strand";"2021";138862.31;138831.95;"Yellow";"Yellow"
"ENCREC_003";"11";"1130";"Strand";"2022";138866.08;138788.13;"Yellow";"Yellow"
"ENCREC_003";"11";"1130";"Strand";"2023";138876.09;138754.32;"Green";"Yellow"
"ENCREC_003";"11";"1130";"Strand";"2024";138905.5;138749.92;"Yellow";"Yellow"
"ENCREC_003";"11";"1130";"Strand";"Endring 2018-2024";NA;-158.029999999999;"NA";"Yellow"
"ENCREC_003";"11";"1133";"Hjelmeland";"2018";441172.77;441172.77;"Yellow";"Yellow"
"ENCREC_003";"11";"1133";"Hjelmeland";"2019";441172.59;441171.56;"Yellow";"Yellow"
"ENCREC_003";"11";"1133";"Hjelmeland";"2020";441168.65;441166.41;"Yellow";"Yellow"
"ENCREC_003";"11";"1133";"Hjelmeland";"2021";441171.91;441164.52;"Yellow";"Yellow"
"ENCREC_003";"11";"1133";"Hjelmeland";"2022";441173.53;441164.25;"Yellow";"Yellow"
"ENCREC_003";"11";"1133";"Hjelmeland";"2023";441170.62;441161.07;"Yellow";"Yellow"
"ENCREC_003";"11";"1133";"Hjelmeland";"2024";441172.88;441160.15;"Orange";"Yellow"
"ENCREC_003";"11";"1133";"Hjelmeland";"Endring 2018-2024";NA;-12.6199999999953;"NA";"Yellow"
"ENCREC_003";"11";"1134";"Suldal";"2018";79800.99;79800.99;"Yellow";"Yellow"
"ENCREC_003";"11";"1134";"Suldal";"2019";79789;79778.78;"Yellow";"Yellow"
"ENCREC_003";"11";"1134";"Suldal";"2020";79784.02;79751.59;"Yellow";"Yellow"
"ENCREC_003";"11";"1134";"Suldal";"2021";79735.88;79676.26;"Yellow";"Yellow"
"ENCREC_003";"11";"1134";"Suldal";"2022";79759.42;79624.47;"Yellow";"Yellow"
"ENCREC_003";"11";"1134";"Suldal";"2023";79793.07;79606.33;"Yellow";"Yellow"
"ENCREC_003";"11";"1134";"Suldal";"2024";79799.75;79594.87;"Yellow";"Yellow"
"ENCREC_003";"11";"1134";"Suldal";"Endring 2018-2024";NA;-206.119999999995;"NA";"Yellow"
"ENCREC_003";"11";"1135";"Sauda";"2018";496305.28;496305.28;"Yellow";"Yellow"
"ENCREC_003";"11";"1135";"Sauda";"2019";496308.37;496260.37;"Yellow";"Yellow"
"ENCREC_003";"11";"1135";"Sauda";"2020";496311.84;496218.93;"Yellow";"Yellow"
"ENCREC_003";"11";"1135";"Sauda";"2021";496336.46;496202.11;"Yellow";"Yellow"
"ENCREC_003";"11";"1135";"Sauda";"2022";496343.28;496192.11;"Yellow";"Yellow"
"ENCREC_003";"11";"1135";"Sauda";"2023";496307.44;496146.27;"Yellow";"Yellow"
"ENCREC_003";"11";"1135";"Sauda";"2024";496336.25;496129.24;"Yellow";"Yellow"
"ENCREC_003";"11";"1135";"Sauda";"Endring 2018-2024";NA;-176.039999999979;"NA";"Yellow"
"ENCREC_003";"11";"1144";"Kvitsøy";"2018";4003.89;4003.89;"Yellow";"Yellow"
"ENCREC_003";"11";"1144";"Kvitsøy";"2019";4002.98;4002.98;"Yellow";"Yellow"
"ENCREC_003";"11";"1144";"Kvitsøy";"2020";4003.89;4002.98;"Yellow";"Yellow"
"ENCREC_003";"11";"1144";"Kvitsøy";"2021";4003.89;4002.98;"Yellow";"Yellow"
"ENCREC_003";"11";"1144";"Kvitsøy";"2022";3982.54;3981.63;"Yellow";"Yellow"
"ENCREC_003";"11";"1144";"Kvitsøy";"2023";4000.95;3978.69;"Yellow";"Yellow"
"ENCREC_003";"11";"1144";"Kvitsøy";"2024";4003.89;3978.69;"Yellow";"Yellow"
"ENCREC_003";"11";"1144";"Kvitsøy";"Endring 2018-2024";NA;-25.1999999999998;"NA";"Yellow"
"ENCREC_003";"11";"1145";"Bokn";"2018";11098.58;11098.58;"Yellow";"Yellow"
"ENCREC_003";"11";"1145";"Bokn";"2019";11099.61;11098.07;"Yellow";"Yellow"
"ENCREC_003";"11";"1145";"Bokn";"2020";11090.32;11088.27;"Yellow";"Yellow"
"ENCREC_003";"11";"1145";"Bokn";"2021";11097.45;11085.6;"Yellow";"Yellow"
"ENCREC_003";"11";"1145";"Bokn";"2022";11089.31;11074.79;"Yellow";"Yellow"
"ENCREC_003";"11";"1145";"Bokn";"2023";11081.6;11056.27;"Yellow";"Yellow"
"ENCREC_003";"11";"1145";"Bokn";"2024";11096.6;11052.75;"Yellow";"Yellow"
"ENCREC_003";"11";"1145";"Bokn";"Endring 2018-2024";NA;-45.8299999999999;"NA";"Yellow"
"ENCREC_003";"11";"1146";"Tysvær";"2018";33701.73;33701.73;"Yellow";"Yellow"
"ENCREC_003";"11";"1146";"Tysvær";"2019";33700.62;33699.47;"Yellow";"Yellow"
"ENCREC_003";"11";"1146";"Tysvær";"2020";33694.74;33691.33;"Yellow";"Yellow"
"ENCREC_003";"11";"1146";"Tysvær";"2021";33700.84;33689.29;"Yellow";"Yellow"
"ENCREC_003";"11";"1146";"Tysvær";"2022";33683.79;33670.2;"Yellow";"Yellow"
"ENCREC_003";"11";"1146";"Tysvær";"2023";33694.72;33662.04;"Yellow";"Yellow"
"ENCREC_003";"11";"1146";"Tysvær";"2024";33700.96;33660.12;"Yellow";"Yellow"
"ENCREC_003";"11";"1146";"Tysvær";"Endring 2018-2024";NA;-41.6100000000006;"NA";"Yellow"
"ENCREC_003";"11";"1149";"Karmøy";"2018";80697.92;80697.92;"Yellow";"Yellow"
"ENCREC_003";"11";"1149";"Karmøy";"2019";80672.18;80659.7;"Yellow";"Yellow"
"ENCREC_003";"11";"1149";"Karmøy";"2020";80650.74;80600.04;"Yellow";"Yellow"
"ENCREC_003";"11";"1149";"Karmøy";"2021";80652.11;80541.75;"Yellow";"Yellow"
"ENCREC_003";"11";"1149";"Karmøy";"2022";80665.08;80496.43;"Yellow";"Yellow"
"ENCREC_003";"11";"1149";"Karmøy";"2023";80660.05;80446.08;"Yellow";"Yellow"
"ENCREC_003";"11";"1149";"Karmøy";"2024";80695.31;80430.99;"Yellow";"Yellow"
"ENCREC_003";"11";"1149";"Karmøy";"Endring 2018-2024";NA;-266.930000000008;"NA";"Yellow"
"ENCREC_003";"11";"1151";"Utsira";"2018";1109.14;1109.14;"Yellow";"Yellow"
"ENCREC_003";"11";"1151";"Utsira";"2019";1109.21;1109.14;"Yellow";"Yellow"
"ENCREC_003";"11";"1151";"Utsira";"2020";1109.07;1109;"Yellow";"Yellow"
"ENCREC_003";"11";"1151";"Utsira";"2021";1108.61;1108.4;"Yellow";"Yellow"
"ENCREC_003";"11";"1151";"Utsira";"2022";1106.76;1105.95;"Yellow";"Yellow"
"ENCREC_003";"11";"1151";"Utsira";"2023";1109.21;1105.95;"Green";"Yellow"
"ENCREC_003";"11";"1151";"Utsira";"2024";1109.21;1105.95;"Yellow";"Yellow"
"ENCREC_003";"11";"1151";"Utsira";"Endring 2018-2024";NA;-3.19000000000005;"NA";"Yellow"
"ENCREC_003";"11";"1160";"Vindafjord";"2018";139672.67;139672.67;"Yellow";"Yellow"
"ENCREC_003";"11";"1160";"Vindafjord";"2019";139670.18;139669.19;"Yellow";"Yellow"
"ENCREC_003";"11";"1160";"Vindafjord";"2020";139668.44;139663.97;"Yellow";"Yellow"
"ENCREC_003";"11";"1160";"Vindafjord";"2021";139664.9;139655.21;"Yellow";"Yellow"
"ENCREC_003";"11";"1160";"Vindafjord";"2022";139662.64;139644.19;"Yellow";"Yellow"
"ENCREC_003";"11";"1160";"Vindafjord";"2023";139650.59;139621.12;"Yellow";"Yellow"
"ENCREC_003";"11";"1160";"Vindafjord";"2024";139670.67;139618.13;"Yellow";"Yellow"
"ENCREC_003";"11";"1160";"Vindafjord";"Endring 2018-2024";NA;-54.5400000000081;"NA";"Yellow"
"ENCREC_003";"15";"1505";"Kristiansund";"2018";52040.22;52040.22;"Yellow";"Yellow"
"ENCREC_003";"15";"1505";"Kristiansund";"2019";52021.42;52011.49;"Yellow";"Yellow"
"ENCREC_003";"15";"1505";"Kristiansund";"2020";52034.02;51995.36;"Yellow";"Yellow"
"ENCREC_003";"15";"1505";"Kristiansund";"2021";52042.88;51988.09;"Yellow";"Yellow"
"ENCREC_003";"15";"1505";"Kristiansund";"2022";52030.76;51968.7;"Yellow";"Yellow"
"ENCREC_003";"15";"1505";"Kristiansund";"2023";52033.26;51951.81;"Green";"Yellow"
"ENCREC_003";"15";"1505";"Kristiansund";"2024";52023.09;51924.75;"Yellow";"Yellow"
"ENCREC_003";"15";"1505";"Kristiansund";"Endring 2018-2024";NA;-115.470000000001;"NA";"Yellow"
"ENCREC_003";"15";"1506";"Molde";"2018";432135.47;432135.47;"Yellow";"Yellow"
"ENCREC_003";"15";"1506";"Molde";"2019";432114.69;432090.06;"Yellow";"Yellow"
"ENCREC_003";"15";"1506";"Molde";"2020";432068.93;431998.89;"Yellow";"Yellow"
"ENCREC_003";"15";"1506";"Molde";"2021";432044.23;431883.02;"Yellow";"Yellow"
"ENCREC_003";"15";"1506";"Molde";"2022";431901.96;431624.88;"Yellow";"Yellow"
"ENCREC_003";"15";"1506";"Molde";"2023";432082.69;431547.47;"Green";"Yellow"
"ENCREC_003";"15";"1506";"Molde";"2024";432147.25;431534.62;"Yellow";"Yellow"
"ENCREC_003";"15";"1506";"Molde";"Endring 2018-2024";NA;-600.849999999977;"NA";"Yellow"
"ENCREC_003";"15";"1516";"Ulstein";"2018";55881.33;55881.33;"Yellow";"Yellow"
"ENCREC_003";"15";"1516";"Ulstein";"2019";55883.55;55880.43;"Yellow";"Yellow"
"ENCREC_003";"15";"1516";"Ulstein";"2020";55869.49;55865.47;"Yellow";"Yellow"
"ENCREC_003";"15";"1516";"Ulstein";"2021";55875.17;55856.19;"Yellow";"Yellow"
"ENCREC_003";"15";"1516";"Ulstein";"2022";55878.08;55849.82;"Yellow";"Yellow"
"ENCREC_003";"15";"1516";"Ulstein";"2023";55876.44;55841.81;"Yellow";"Yellow"
"ENCREC_003";"15";"1516";"Ulstein";"2024";55883.14;55840.5;"Yellow";"Yellow"
"ENCREC_003";"15";"1516";"Ulstein";"Endring 2018-2024";NA;-40.8299999999945;"NA";"Yellow"
"ENCREC_003";"15";"1517";"Hareid";"2018";56640.86;56640.86;"Yellow";"Yellow"
"ENCREC_003";"15";"1517";"Hareid";"2019";56641.1;56640.49;"Yellow";"Yellow"
"ENCREC_003";"15";"1517";"Hareid";"2020";56638.4;56637.42;"Yellow";"Yellow"
"ENCREC_003";"15";"1517";"Hareid";"2021";56640.32;56636.27;"Yellow";"Yellow"
"ENCREC_003";"15";"1517";"Hareid";"2022";56636.38;56631.18;"Yellow";"Yellow"
"ENCREC_003";"15";"1517";"Hareid";"2023";56630.09;56619.8;"Green";"Yellow"
"ENCREC_003";"15";"1517";"Hareid";"2024";56636.17;56614.5;"Yellow";"Yellow"
"ENCREC_003";"15";"1517";"Hareid";"Endring 2018-2024";NA;-26.3600000000006;"NA";"Yellow"
"ENCREC_003";"15";"1520";"Ørsta";"2018";319215.14;319215.14;"Yellow";"Yellow"
"ENCREC_003";"15";"1520";"Ørsta";"2019";319227.7;319180.67;"Yellow";"Yellow"
"ENCREC_003";"15";"1520";"Ørsta";"2020";319238.23;319156.73;"Yellow";"Yellow"
"ENCREC_003";"15";"1520";"Ørsta";"2021";319218.52;319113.08;"Yellow";"Yellow"
"ENCREC_003";"15";"1520";"Ørsta";"2022";319235.08;319085.99;"Yellow";"Yellow"
"ENCREC_003";"15";"1520";"Ørsta";"2023";319232.01;319055.83;"Green";"Yellow"
"ENCREC_003";"15";"1520";"Ørsta";"2024";319206.57;319000.23;"Yellow";"Yellow"
"ENCREC_003";"15";"1520";"Ørsta";"Endring 2018-2024";NA;-214.909999999974;"NA";"Yellow"
"ENCREC_003";"15";"1531";"Sula";"2018";23654.5;23654.5;"Yellow";"Yellow"
"ENCREC_003";"15";"1531";"Sula";"2019";23654.26;23654.26;"Yellow";"Yellow"
"ENCREC_003";"15";"1531";"Sula";"2020";23654.3;23654.06;"Yellow";"Yellow"
"ENCREC_003";"15";"1531";"Sula";"2021";23651.85;23651.41;"Yellow";"Yellow"
"ENCREC_003";"15";"1531";"Sula";"2022";23651.95;23648.86;"Yellow";"Yellow"
"ENCREC_003";"15";"1531";"Sula";"2023";23653.13;23647.49;"Yellow";"Yellow"
"ENCREC_003";"15";"1531";"Sula";"2024";23654.5;23647.49;"Yellow";"Yellow"
"ENCREC_003";"15";"1531";"Sula";"Endring 2018-2024";NA;-7.0099999999984;"NA";"Yellow"
"ENCREC_003";"15";"1532";"Giske";"2018";13042.58;13042.58;"Yellow";"Yellow"
"ENCREC_003";"15";"1532";"Giske";"2019";13040.38;13039.87;"Yellow";"Yellow"
"ENCREC_003";"15";"1532";"Giske";"2020";13036.78;13033.56;"Yellow";"Yellow"
"ENCREC_003";"15";"1532";"Giske";"2021";13041.86;13032.33;"Yellow";"Yellow"
"ENCREC_003";"15";"1532";"Giske";"2022";13039.73;13028.97;"Orange";"Yellow"
"ENCREC_003";"15";"1532";"Giske";"2023";13040.7;13026.58;"Yellow";"Yellow"
"ENCREC_003";"15";"1532";"Giske";"2024";13040.68;13024.17;"Orange";"Yellow"
"ENCREC_003";"15";"1532";"Giske";"Endring 2018-2024";NA;-18.4099999999999;"NA";"Yellow"
"ENCREC_003";"15";"1547";"Aukra";"2018";22087.02;22087.02;"Yellow";"Yellow"
"ENCREC_003";"15";"1547";"Aukra";"2019";22087.55;22087;"Yellow";"Yellow"
"ENCREC_003";"15";"1547";"Aukra";"2020";22084.33;22083.76;"Yellow";"Yellow"
"ENCREC_003";"15";"1547";"Aukra";"2021";22080.29;22076.48;"Yellow";"Yellow"
"ENCREC_003";"15";"1547";"Aukra";"2022";22082.36;22071.27;"Yellow";"Yellow"
"ENCREC_003";"15";"1547";"Aukra";"2023";22071.4;22055.1;"Green";"Yellow"
"ENCREC_003";"15";"1547";"Aukra";"2024";22087.34;22054.87;"Yellow";"Yellow"
"ENCREC_003";"15";"1547";"Aukra";"Endring 2018-2024";NA;-32.1500000000015;"NA";"Yellow"
"ENCREC_003";"15";"1563";"Sunndal";"2018";1406153.6;1406153.6;"Yellow";"Yellow"
"ENCREC_003";"15";"1563";"Sunndal";"2019";1406148.53;1406148.53;"Yellow";"Yellow"
"ENCREC_003";"15";"1563";"Sunndal";"2020";1406135.72;1406130.65;"Yellow";"Yellow"
"ENCREC_003";"15";"1563";"Sunndal";"2021";1406132.45;1406109.5;"Yellow";"Yellow"
"ENCREC_003";"15";"1563";"Sunndal";"2022";1406147.66;1406103.56;"Yellow";"Yellow"
"ENCREC_003";"15";"1563";"Sunndal";"2023";1406142.31;1406092.27;"Yellow";"Yellow"
"ENCREC_003";"15";"1563";"Sunndal";"2024";1406140.92;1406079.59;"Yellow";"Yellow"
"ENCREC_003";"15";"1563";"Sunndal";"Endring 2018-2024";NA;-74.0100000000093;"NA";"Yellow"
"ENCREC_003";"15";"1566";"Surnadal";"2018";568803.49;568803.49;"Yellow";"Yellow"
"ENCREC_003";"15";"1566";"Surnadal";"2019";568794.78;568791.06;"Yellow";"Yellow"
"ENCREC_003";"15";"1566";"Surnadal";"2020";568800.56;568784.41;"Yellow";"Yellow"
"ENCREC_003";"15";"1566";"Surnadal";"2021";568793.21;568770.41;"Yellow";"Yellow"
"ENCREC_003";"15";"1566";"Surnadal";"2022";568778.64;568741.84;"Yellow";"Yellow"
"ENCREC_003";"15";"1566";"Surnadal";"2023";568788.18;568722.81;"Yellow";"Yellow"
"ENCREC_003";"15";"1566";"Surnadal";"2024";568803.39;568718.99;"Orange";"Yellow"
"ENCREC_003";"15";"1566";"Surnadal";"Endring 2018-2024";NA;-84.5;"NA";"Yellow"
"ENCREC_003";"15";"1577";"Volda";"2018";32917.69;32917.69;"Yellow";"Yellow"
"ENCREC_003";"15";"1577";"Volda";"2019";32916.96;32914.28;"Yellow";"Yellow"
"ENCREC_003";"15";"1577";"Volda";"2020";32890.58;32884.49;"Yellow";"Yellow"
"ENCREC_003";"15";"1577";"Volda";"2021";32914.83;32878.95;"Yellow";"Yellow"
"ENCREC_003";"15";"1577";"Volda";"2022";32906.03;32864.61;"Yellow";"Yellow"
"ENCREC_003";"15";"1577";"Volda";"2023";32910.97;32855.21;"Yellow";"Yellow"
"ENCREC_003";"15";"1577";"Volda";"2024";32919.21;32854.05;"Orange";"Yellow"
"ENCREC_003";"15";"1577";"Volda";"Endring 2018-2024";NA;-63.6399999999994;"NA";"Yellow"
"ENCREC_003";"15";"1578";"Fjord";"2018";953732.88;953732.88;"Yellow";"Yellow"
"ENCREC_003";"15";"1578";"Fjord";"2019";953676.58;953671.03;"Yellow";"Yellow"
"ENCREC_003";"15";"1578";"Fjord";"2020";953698.46;953631.06;"Yellow";"Yellow"
"ENCREC_003";"15";"1578";"Fjord";"2021";953616.05;953508.68;"Yellow";"Yellow"
"ENCREC_003";"15";"1578";"Fjord";"2022";953641.74;953411.99;"Yellow";"Yellow"
"ENCREC_003";"15";"1578";"Fjord";"2023";953630.21;953303.77;"Yellow";"Yellow"
"ENCREC_003";"15";"1578";"Fjord";"2024";953596.82;953162.16;"Yellow";"Yellow"
"ENCREC_003";"15";"1578";"Fjord";"Endring 2018-2024";NA;-570.719999999972;"NA";"Yellow"
"ENCREC_003";"15";"1579";"Hustadvika";"2018";148230.36;148230.36;"Yellow";"Yellow"
"ENCREC_003";"15";"1579";"Hustadvika";"2019";148220.92;148210.77;"Yellow";"Yellow"
"ENCREC_003";"15";"1579";"Hustadvika";"2020";148186.42;148156.68;"Yellow";"Yellow"
"ENCREC_003";"15";"1579";"Hustadvika";"2021";148222.12;148138.29;"Yellow";"Yellow"
"ENCREC_003";"15";"1579";"Hustadvika";"2022";148204.77;148102.55;"Yellow";"Yellow"
"ENCREC_003";"15";"1579";"Hustadvika";"2023";148185.72;148047.76;"Green";"Yellow"
"ENCREC_003";"15";"1579";"Hustadvika";"2024";148228.56;148035.81;"Yellow";"Yellow"
"ENCREC_003";"15";"1579";"Hustadvika";"Endring 2018-2024";NA;-194.550000000017;"NA";"Yellow"
"ENCREC_003";"15";"1580";"Haram";"2018";18385.84;18385.84;"Yellow";"Yellow"
"ENCREC_003";"15";"1580";"Haram";"2019";18385.69;18381.9;"Yellow";"Yellow"
"ENCREC_003";"15";"1580";"Haram";"2020";18384.35;18376.62;"Yellow";"Yellow"
"ENCREC_003";"15";"1580";"Haram";"2021";18360.37;18347.36;"Yellow";"Yellow"
"ENCREC_003";"15";"1580";"Haram";"2022";18383.72;18341.45;"Yellow";"Yellow"
"ENCREC_003";"15";"1580";"Haram";"2023";18386.54;18338.36;"Green";"Yellow"
"ENCREC_003";"15";"1580";"Haram";"2024";18369.12;18317.85;"Yellow";"Yellow"
"ENCREC_003";"15";"1580";"Haram";"Endring 2018-2024";NA;-67.989999999998;"NA";"Yellow"
"ENCREC_003";"18";"1804";"Bodø";"2018";1004305.09;1004305.09;"Orange";"Orange"
"ENCREC_003";"18";"1804";"Bodø";"2019";1004289.31;1004283.72;"Orange";"Orange"
"ENCREC_003";"18";"1804";"Bodø";"2020";1004224.38;1004197.42;"Orange";"Orange"
"ENCREC_003";"18";"1804";"Bodø";"2021";1004257.17;1004143.91;"Orange";"Orange"
"ENCREC_003";"18";"1804";"Bodø";"2022";1004284.35;1004117.58;"Orange";"Orange"
"ENCREC_003";"18";"1804";"Bodø";"2023";1004283.88;1004090.78;"Orange";"Orange"
"ENCREC_003";"18";"1804";"Bodø";"2024";1004294.05;1004074.15;"Orange";"Orange"
"ENCREC_003";"18";"1804";"Bodø";"Endring 2018-2024";NA;-230.940000000061;"NA";"Orange"
"ENCREC_003";"18";"1806";"Narvik";"2018";3355026.28;3355026.28;"Yellow";"Yellow"
"ENCREC_003";"18";"1806";"Narvik";"2019";3354990.57;3354960.27;"Yellow";"Yellow"
"ENCREC_003";"18";"1806";"Narvik";"2020";3354791.95;3354695.64;"Yellow";"Yellow"
"ENCREC_003";"18";"1806";"Narvik";"2021";3354919.67;3354558.73;"Orange";"Orange"
"ENCREC_003";"18";"1806";"Narvik";"2022";3354959.64;3354461.79;"Orange";"Orange"
"ENCREC_003";"18";"1806";"Narvik";"2023";3354801.41;3354206.62;"Orange";"Orange"
"ENCREC_003";"18";"1806";"Narvik";"2024";3355024.58;3354174.62;"Orange";"Orange"
"ENCREC_003";"18";"1806";"Narvik";"Endring 2018-2024";NA;-851.660000000149;"NA";"Yellow"
"ENCREC_003";"18";"1811";"Bindal";"2018";353430.03;353430.03;"Yellow";"Yellow"
"ENCREC_003";"18";"1811";"Bindal";"2019";353430.46;353430.03;"Yellow";"Yellow"
"ENCREC_003";"18";"1811";"Bindal";"2020";353409.99;353409.56;"Yellow";"Yellow"
"ENCREC_003";"18";"1811";"Bindal";"2021";353424.36;353403.46;"Orange";"Yellow"
"ENCREC_003";"18";"1811";"Bindal";"2022";353421.1;353394.1;"Orange";"Yellow"
"ENCREC_003";"18";"1811";"Bindal";"2023";353428.33;353391.97;"Orange";"Yellow"
"ENCREC_003";"18";"1811";"Bindal";"2024";353429.32;353390.83;"Orange";"Orange"
"ENCREC_003";"18";"1811";"Bindal";"Endring 2018-2024";NA;-39.2000000000116;"NA";"Yellow"
"ENCREC_003";"18";"1812";"Sømna";"2018";26951.1;26951.1;"Yellow";"Yellow"
"ENCREC_003";"18";"1812";"Sømna";"2019";26951.81;26951.08;"Yellow";"Yellow"
"ENCREC_003";"18";"1812";"Sømna";"2020";26949.44;26948.69;"Yellow";"Yellow"
"ENCREC_003";"18";"1812";"Sømna";"2021";26950.95;26947.81;"Orange";"Yellow"
"ENCREC_003";"18";"1812";"Sømna";"2022";26951.46;26947.44;"Orange";"Yellow"
"ENCREC_003";"18";"1812";"Sømna";"2023";26951.83;26947.44;"Green";"Yellow"
"ENCREC_003";"18";"1812";"Sømna";"2024";26950.81;26946.42;"Orange";"Yellow"
"ENCREC_003";"18";"1812";"Sømna";"Endring 2018-2024";NA;-4.68000000000029;"NA";"Yellow"
"ENCREC_003";"18";"1813";"Brønnøy";"2018";1001252.84;1001252.84;"Yellow";"Yellow"
"ENCREC_003";"18";"1813";"Brønnøy";"2019";1001236.52;1001234.84;"Yellow";"Yellow"
"ENCREC_003";"18";"1813";"Brønnøy";"2020";1001213.52;1001193.84;"Yellow";"Yellow"
"ENCREC_003";"18";"1813";"Brønnøy";"2021";1001200;1001139.32;"Orange";"Yellow"
"ENCREC_003";"18";"1813";"Brønnøy";"2022";1001207.42;1001092.22;"Orange";"Orange"
"ENCREC_003";"18";"1813";"Brønnøy";"2023";1001239.26;1001076.96;"Orange";"Orange"
"ENCREC_003";"18";"1813";"Brønnøy";"2024";1001220.91;1001043.35;"Orange";"Orange"
"ENCREC_003";"18";"1813";"Brønnøy";"Endring 2018-2024";NA;-209.489999999991;"NA";"Yellow"
"ENCREC_003";"18";"1815";"Vega";"2018";84786.94;84786.94;"Yellow";"Yellow"
"ENCREC_003";"18";"1815";"Vega";"2019";84778.1;84777.89;"Yellow";"Yellow"
"ENCREC_003";"18";"1815";"Vega";"2020";84787.15;84777.89;"Yellow";"Yellow"
"ENCREC_003";"18";"1815";"Vega";"2021";84786.25;84776.99;"Orange";"Yellow"
"ENCREC_003";"18";"1815";"Vega";"2022";84786.15;84775.99;"Orange";"Yellow"
"ENCREC_003";"18";"1815";"Vega";"2023";84787.15;84775.99;"Green";"Yellow"
"ENCREC_003";"18";"1815";"Vega";"2024";84787.14;84775.98;"Yellow";"Yellow"
"ENCREC_003";"18";"1815";"Vega";"Endring 2018-2024";NA;-10.9599999999919;"NA";"Yellow"
"ENCREC_003";"18";"1816";"Vevelstad";"2018";459528.81;459528.81;"Yellow";"Yellow"
"ENCREC_003";"18";"1816";"Vevelstad";"2019";459528.81;459528.81;"Yellow";"Yellow"
"ENCREC_003";"18";"1816";"Vevelstad";"2020";459528.31;459528.31;"Yellow";"Yellow"
"ENCREC_003";"18";"1816";"Vevelstad";"2021";459528.81;459528.31;"Yellow";"Yellow"
"ENCREC_003";"18";"1816";"Vevelstad";"2022";459528.81;459528.31;"Yellow";"Yellow"
"ENCREC_003";"18";"1816";"Vevelstad";"2023";459528.74;459528.24;"Orange";"Yellow"
"ENCREC_003";"18";"1816";"Vevelstad";"2024";459528.81;459528.24;"Yellow";"Yellow"
"ENCREC_003";"18";"1816";"Vevelstad";"Endring 2018-2024";NA;-0.570000000006985;"NA";"Yellow"
"ENCREC_003";"18";"1818";"Herøy (Nordland)";"2018";31509.62;31509.62;"Yellow";"Yellow"
"ENCREC_003";"18";"1818";"Herøy (Nordland)";"2019";31508.17;31507.88;"Yellow";"Yellow"
"ENCREC_003";"18";"1818";"Herøy (Nordland)";"2020";31509.58;31507.55;"Yellow";"Yellow"
"ENCREC_003";"18";"1818";"Herøy (Nordland)";"2021";31505.24;31502.88;"Orange";"Orange"
"ENCREC_003";"18";"1818";"Herøy (Nordland)";"2022";31501.57;31494.54;"Orange";"Orange"
"ENCREC_003";"18";"1818";"Herøy (Nordland)";"2023";31506.55;31491.18;"Orange";"Orange"
"ENCREC_003";"18";"1818";"Herøy (Nordland)";"2024";31507.53;31488.8;"Orange";"Orange"
"ENCREC_003";"18";"1818";"Herøy (Nordland)";"Endring 2018-2024";NA;-20.8199999999997;"NA";"Yellow"
"ENCREC_003";"18";"1820";"Alstahaug";"2018";33186.47;33186.47;"Yellow";"Yellow"
"ENCREC_003";"18";"1820";"Alstahaug";"2019";33186.22;33186.22;"Yellow";"Yellow"
"ENCREC_003";"18";"1820";"Alstahaug";"2020";33186.47;33186.22;"Yellow";"Yellow"
"ENCREC_003";"18";"1820";"Alstahaug";"2021";33175.04;33174.79;"Orange";"Orange"
"ENCREC_003";"18";"1820";"Alstahaug";"2022";33186.47;33174.79;"Yellow";"Orange"
"ENCREC_003";"18";"1820";"Alstahaug";"2023";33186.38;33174.7;"Yellow";"Orange"
"ENCREC_003";"18";"1820";"Alstahaug";"2024";33186.47;33174.7;"Yellow";"Yellow"
"ENCREC_003";"18";"1820";"Alstahaug";"Endring 2018-2024";NA;-11.7699999999968;"NA";"Yellow"
"ENCREC_003";"18";"1822";"Leirfjord";"2018";100989.39;100989.39;"Yellow";"Yellow"
"ENCREC_003";"18";"1822";"Leirfjord";"2019";100990.28;100989.39;"Yellow";"Yellow"
"ENCREC_003";"18";"1822";"Leirfjord";"2020";100984.29;100983.4;"Yellow";"Yellow"
"ENCREC_003";"18";"1822";"Leirfjord";"2021";100986.26;100979.38;"Orange";"Yellow"
"ENCREC_003";"18";"1822";"Leirfjord";"2022";100985.75;100974.85;"Yellow";"Yellow"
"ENCREC_003";"18";"1822";"Leirfjord";"2023";100979.97;100964.54;"Orange";"Orange"
"ENCREC_003";"18";"1822";"Leirfjord";"2024";100986.69;100960.95;"Orange";"Orange"
"ENCREC_003";"18";"1822";"Leirfjord";"Endring 2018-2024";NA;-28.4400000000023;"NA";"Yellow"
"ENCREC_003";"18";"1824";"Vefsn";"2018";1165336.59;1165336.59;"Yellow";"Yellow"
"ENCREC_003";"18";"1824";"Vefsn";"2019";1165342.32;1165329.26;"Yellow";"Yellow"
"ENCREC_003";"18";"1824";"Vefsn";"2020";1165241.2;1165220.81;"Yellow";"Yellow"
"ENCREC_003";"18";"1824";"Vefsn";"2021";1165197.04;1165068.2;"Orange";"Orange"
"ENCREC_003";"18";"1824";"Vefsn";"2022";1165340.55;1165059.1;"Orange";"Orange"
"ENCREC_003";"18";"1824";"Vefsn";"2023";1165314.52;1165023.97;"Orange";"Orange"
"ENCREC_003";"18";"1824";"Vefsn";"2024";1165341.79;1165016.11;"Orange";"Orange"
"ENCREC_003";"18";"1824";"Vefsn";"Endring 2018-2024";NA;-320.479999999981;"NA";"Yellow"
"ENCREC_003";"18";"1825";"Grane";"2018";731416.81;731416.81;"Yellow";"Yellow"
"ENCREC_003";"18";"1825";"Grane";"2019";731385.96;731382.25;"Yellow";"Yellow"
"ENCREC_003";"18";"1825";"Grane";"2020";731411.96;731373.69;"Yellow";"Yellow"
"ENCREC_003";"18";"1825";"Grane";"2021";731404.43;731357.6;"Orange";"Yellow"
"ENCREC_003";"18";"1825";"Grane";"2022";731419.99;731357.07;"Orange";"Yellow"
"ENCREC_003";"18";"1825";"Grane";"2023";731414.85;731351.4;"Orange";"Orange"
"ENCREC_003";"18";"1825";"Grane";"2024";731411.06;731341.94;"Orange";"Orange"
"ENCREC_003";"18";"1825";"Grane";"Endring 2018-2024";NA;-74.8699999999953;"NA";"Yellow"
"ENCREC_003";"18";"1826";"Aarborte/Hattfjelldal";"2018";401421.37;401421.37;"Yellow";"Yellow"
"ENCREC_003";"18";"1826";"Aarborte/Hattfjelldal";"2019";401419.3;401417.18;"Yellow";"Yellow"
"ENCREC_003";"18";"1826";"Aarborte/Hattfjelldal";"2020";401422.04;401415.73;"Orange";"Yellow"
"ENCREC_003";"18";"1826";"Aarborte/Hattfjelldal";"2021";401422.29;401414.53;"Orange";"Orange"
"ENCREC_003";"18";"1826";"Aarborte/Hattfjelldal";"2022";401422.58;401413.62;"Orange";"Orange"
"ENCREC_003";"18";"1826";"Aarborte/Hattfjelldal";"2023";401423.49;401413.62;"Green";"Orange"
"ENCREC_003";"18";"1826";"Aarborte/Hattfjelldal";"2024";401422.22;401412.35;"Orange";"Orange"
"ENCREC_003";"18";"1826";"Aarborte/Hattfjelldal";"Endring 2018-2024";NA;-9.02000000001863;"NA";"Yellow"
"ENCREC_003";"18";"1827";"Dønna";"2018";28915.12;28915.12;"Yellow";"Yellow"
"ENCREC_003";"18";"1827";"Dønna";"2019";28911.4;28911.4;"Yellow";"Yellow"
"ENCREC_003";"18";"1827";"Dønna";"2020";28910.54;28906.82;"Yellow";"Yellow"
"ENCREC_003";"18";"1827";"Dønna";"2021";28915.12;28906.82;"Yellow";"Yellow"
"ENCREC_003";"18";"1827";"Dønna";"2022";28914.95;28906.65;"Yellow";"Yellow"
"ENCREC_003";"18";"1827";"Dønna";"2023";28915.12;28906.65;"Green";"Yellow"
"ENCREC_003";"18";"1827";"Dønna";"2024";28915.09;28906.62;"Yellow";"Yellow"
"ENCREC_003";"18";"1827";"Dønna";"Endring 2018-2024";NA;-8.5;"NA";"Yellow"
"ENCREC_003";"18";"1828";"Nesna";"2018";40713.06;40713.06;"Yellow";"Yellow"
"ENCREC_003";"18";"1828";"Nesna";"2019";40713.06;40713.06;"Yellow";"Yellow"
"ENCREC_003";"18";"1828";"Nesna";"2020";40713.06;40713.06;"Yellow";"Yellow"
"ENCREC_003";"18";"1828";"Nesna";"2021";40713.06;40713.06;"Yellow";"Yellow"
"ENCREC_003";"18";"1828";"Nesna";"2022";40713.06;40713.06;"Yellow";"Yellow"
"ENCREC_003";"18";"1828";"Nesna";"2023";40713.06;40713.06;"Green";"Yellow"
"ENCREC_003";"18";"1828";"Nesna";"2024";40712.32;40712.32;"Orange";"Yellow"
"ENCREC_003";"18";"1828";"Nesna";"Endring 2018-2024";NA;-0.739999999997963;"NA";"Yellow"
"ENCREC_003";"18";"1832";"Hemnes";"2018";570834.01;570834.01;"Yellow";"Yellow"
"ENCREC_003";"18";"1832";"Hemnes";"2019";570833.08;570832.03;"Yellow";"Yellow"
"ENCREC_003";"18";"1832";"Hemnes";"2020";570823.33;570820.3;"Orange";"Yellow"
"ENCREC_003";"18";"1832";"Hemnes";"2021";570822.01;570807.25;"Orange";"Orange"
"ENCREC_003";"18";"1832";"Hemnes";"2022";570831.91;570804.1;"Orange";"Orange"
"ENCREC_003";"18";"1832";"Hemnes";"2023";570830.22;570799.26;"Orange";"Orange"
"ENCREC_003";"18";"1832";"Hemnes";"2024";570834.66;570798.86;"Orange";"Orange"
"ENCREC_003";"18";"1832";"Hemnes";"Endring 2018-2024";NA;-35.1499999999069;"NA";"Yellow"
"ENCREC_003";"18";"1833";"Rana";"2018";1304363.03;1304363.03;"Yellow";"Yellow"
"ENCREC_003";"18";"1833";"Rana";"2019";1304338.8;1304335.36;"Yellow";"Yellow"
"ENCREC_003";"18";"1833";"Rana";"2020";1304341.74;1304310.63;"Yellow";"Yellow"
"ENCREC_003";"18";"1833";"Rana";"2021";1304301.59;1304245.75;"Yellow";"Yellow"
"ENCREC_003";"18";"1833";"Rana";"2022";1304359.43;1304238.71;"Yellow";"Yellow"
"ENCREC_003";"18";"1833";"Rana";"2023";1304356.73;1304228.97;"Green";"Yellow"
"ENCREC_003";"18";"1833";"Rana";"2024";1304352.34;1304214.84;"Yellow";"Yellow"
"ENCREC_003";"18";"1833";"Rana";"Endring 2018-2024";NA;-148.189999999944;"NA";"Yellow"
"ENCREC_003";"18";"1834";"Lurøy";"2018";48330.84;48330.84;"Yellow";"Yellow"
"ENCREC_003";"18";"1834";"Lurøy";"2019";48330.84;48330.84;"Yellow";"Yellow"
"ENCREC_003";"18";"1834";"Lurøy";"2020";48327.42;48327.42;"Yellow";"Yellow"
"ENCREC_003";"18";"1834";"Lurøy";"2021";48330.84;48327.42;"Yellow";"Yellow"
"ENCREC_003";"18";"1834";"Lurøy";"2022";48330.84;48327.42;"Yellow";"Yellow"
"ENCREC_003";"18";"1834";"Lurøy";"2023";48329.31;48325.89;"Green";"Yellow"
"ENCREC_003";"18";"1834";"Lurøy";"2024";48326.91;48321.96;"Orange";"Yellow"
"ENCREC_003";"18";"1834";"Lurøy";"Endring 2018-2024";NA;-8.87999999999738;"NA";"Yellow"
"ENCREC_003";"18";"1836";"Rødøy";"2018";74735.78;74735.78;"Yellow";"Yellow"
"ENCREC_003";"18";"1836";"Rødøy";"2019";74735.78;74735.78;"Yellow";"Yellow"
"ENCREC_003";"18";"1836";"Rødøy";"2020";74735.67;74735.67;"Yellow";"Yellow"
"ENCREC_003";"18";"1836";"Rødøy";"2021";74735.77;74735.66;"Orange";"Yellow"
"ENCREC_003";"18";"1836";"Rødøy";"2022";74734.98;74734.86;"Orange";"Yellow"
"ENCREC_003";"18";"1836";"Rødøy";"2023";74730.24;74729.32;"Orange";"Yellow"
"ENCREC_003";"18";"1836";"Rødøy";"2024";74732.8;74726.34;"Orange";"Orange"
"ENCREC_003";"18";"1836";"Rødøy";"Endring 2018-2024";NA;-9.44000000000233;"NA";"Yellow"
"ENCREC_003";"18";"1837";"Meløy";"2018";446043.9;446043.9;"Yellow";"Yellow"
"ENCREC_003";"18";"1837";"Meløy";"2019";446019.76;446019.76;"Yellow";"Yellow"
"ENCREC_003";"18";"1837";"Meløy";"2020";446027.82;446003.68;"Yellow";"Yellow"
"ENCREC_003";"18";"1837";"Meløy";"2021";446036.63;445996.41;"Yellow";"Yellow"
"ENCREC_003";"18";"1837";"Meløy";"2022";446035.81;445988.32;"Yellow";"Yellow"
"ENCREC_003";"18";"1837";"Meløy";"2023";446018.46;445962.88;"Green";"Yellow"
"ENCREC_003";"18";"1837";"Meløy";"2024";446039.34;445958.32;"Yellow";"Yellow"
"ENCREC_003";"18";"1837";"Meløy";"Endring 2018-2024";NA;-85.5800000000163;"NA";"Yellow"
"ENCREC_003";"18";"1838";"Gildeskål";"2018";372194.99;372194.99;"Yellow";"Yellow"
"ENCREC_003";"18";"1838";"Gildeskål";"2019";372194.97;372194.97;"Yellow";"Yellow"
"ENCREC_003";"18";"1838";"Gildeskål";"2020";372174.9;372174.88;"Orange";"Orange"
"ENCREC_003";"18";"1838";"Gildeskål";"2021";372186.8;372166.69;"Orange";"Orange"
"ENCREC_003";"18";"1838";"Gildeskål";"2022";372186.44;372158.14;"Orange";"Orange"
"ENCREC_003";"18";"1838";"Gildeskål";"2023";372190.8;372153.95;"Orange";"Orange"
"ENCREC_003";"18";"1838";"Gildeskål";"2024";372194.99;372153.95;"Yellow";"Orange"
"ENCREC_003";"18";"1838";"Gildeskål";"Endring 2018-2024";NA;-41.039999999979;"NA";"Yellow"
"ENCREC_003";"18";"1839";"Beiarn";"2018";978055.83;978055.83;"Yellow";"Yellow"
"ENCREC_003";"18";"1839";"Beiarn";"2019";978048.17;978048.17;"Orange";"Yellow"
"ENCREC_003";"18";"1839";"Beiarn";"2020";978054.01;978046.35;"Orange";"Orange"
"ENCREC_003";"18";"1839";"Beiarn";"2021";978037.47;978027.99;"Orange";"Orange"
"ENCREC_003";"18";"1839";"Beiarn";"2022";978046.48;978018.64;"Orange";"Orange"
"ENCREC_003";"18";"1839";"Beiarn";"2023";978053.87;978016.68;"Orange";"Orange"
"ENCREC_003";"18";"1839";"Beiarn";"2024";978048.54;978009.39;"Orange";"Orange"
"ENCREC_003";"18";"1839";"Beiarn";"Endring 2018-2024";NA;-46.4399999999441;"NA";"Yellow"
"ENCREC_003";"18";"1840";"Saltdal";"2018";1645713.18;1645713.18;"Orange";"Orange"
"ENCREC_003";"18";"1840";"Saltdal";"2019";1645715.58;1645712.82;"Orange";"Orange"
"ENCREC_003";"18";"1840";"Saltdal";"2020";1645713.57;1645710.45;"Orange";"Orange"
"ENCREC_003";"18";"1840";"Saltdal";"2021";1645695.71;1645690.22;"Orange";"Orange"
"ENCREC_003";"18";"1840";"Saltdal";"2022";1645708.92;1645683.2;"Orange";"Orange"
"ENCREC_003";"18";"1840";"Saltdal";"2023";1645702.17;1645669.43;"Orange";"Orange"
"ENCREC_003";"18";"1840";"Saltdal";"2024";1645708.4;1645661.89;"Orange";"Orange"
"ENCREC_003";"18";"1840";"Saltdal";"Endring 2018-2024";NA;-51.2900000000373;"NA";"Orange"
"ENCREC_003";"18";"1841";"Fauske/Fuossko";"2018";917318.61;917318.61;"Orange";"Orange"
"ENCREC_003";"18";"1841";"Fauske/Fuossko";"2019";917305.25;917304.86;"Orange";"Orange"
"ENCREC_003";"18";"1841";"Fauske/Fuossko";"2020";917315.43;917301.29;"Orange";"Orange"
"ENCREC_003";"18";"1841";"Fauske/Fuossko";"2021";917272.1;917254.39;"Orange";"Orange"
"ENCREC_003";"18";"1841";"Fauske/Fuossko";"2022";917297.47;917232.86;"Orange";"Orange"
"ENCREC_003";"18";"1841";"Fauske/Fuossko";"2023";917309.09;917222.95;"Orange";"Orange"
"ENCREC_003";"18";"1841";"Fauske/Fuossko";"2024";917295.13;917199.08;"Orange";"Orange"
"ENCREC_003";"18";"1841";"Fauske/Fuossko";"Endring 2018-2024";NA;-119.530000000028;"NA";"Orange"
"ENCREC_003";"18";"1845";"Sørfold";"2018";1172846;1172846;"Yellow";"Yellow"
"ENCREC_003";"18";"1845";"Sørfold";"2019";1172768.45;1172768.45;"Orange";"Orange"
"ENCREC_003";"18";"1845";"Sørfold";"2020";1172836.79;1172759.24;"Orange";"Orange"
"ENCREC_003";"18";"1845";"Sørfold";"2021";1172795.04;1172708.28;"Orange";"Orange"
"ENCREC_003";"18";"1845";"Sørfold";"2022";1172825.23;1172687.51;"Orange";"Orange"
"ENCREC_003";"18";"1845";"Sørfold";"2023";1172845.53;1172687.04;"Yellow";"Orange"
"ENCREC_003";"18";"1845";"Sørfold";"2024";1172832.69;1172673.73;"Orange";"Orange"
"ENCREC_003";"18";"1845";"Sørfold";"Endring 2018-2024";NA;-172.270000000019;"NA";"Yellow"
"ENCREC_003";"18";"1851";"Lødingen";"2018";177645.32;177645.32;"Yellow";"Yellow"
"ENCREC_003";"18";"1851";"Lødingen";"2019";177643.81;177643.8;"Yellow";"Yellow"
"ENCREC_003";"18";"1851";"Lødingen";"2020";177636.87;177635.34;"Yellow";"Yellow"
"ENCREC_003";"18";"1851";"Lødingen";"2021";177614.33;177604.34;"Orange";"Orange"
"ENCREC_003";"18";"1851";"Lødingen";"2022";177642.33;177601.34;"Orange";"Orange"
"ENCREC_003";"18";"1851";"Lødingen";"2023";177643.07;177599.08;"Orange";"Orange"
"ENCREC_003";"18";"1851";"Lødingen";"2024";177638.75;177592.5;"Orange";"Orange"
"ENCREC_003";"18";"1851";"Lødingen";"Endring 2018-2024";NA;-52.8199999999779;"NA";"Yellow"
"ENCREC_003";"18";"1853";"Evenes/Evenášši";"2018";237647.95;237647.95;"Yellow";"Yellow"
"ENCREC_003";"18";"1853";"Evenes/Evenášši";"2019";237625.89;237612.25;"Yellow";"Yellow"
"ENCREC_003";"18";"1853";"Evenes/Evenášši";"2020";237563.43;237514.09;"Yellow";"Yellow"
"ENCREC_003";"18";"1853";"Evenes/Evenášši";"2021";237534.96;237387.46;"Orange";"Yellow"
"ENCREC_003";"18";"1853";"Evenes/Evenášši";"2022";237603.41;237329.28;"Orange";"Orange"
"ENCREC_003";"18";"1853";"Evenes/Evenášši";"2023";237574.48;237242.17;"Orange";"Orange"
"ENCREC_003";"18";"1853";"Evenes/Evenášši";"2024";237634.24;237214.82;"Orange";"Orange"
"ENCREC_003";"18";"1853";"Evenes/Evenášši";"Endring 2018-2024";NA;-433.129999999976;"NA";"Yellow"
"ENCREC_003";"18";"1856";"Røst";"2018";4354.73;4354.73;"Yellow";"Yellow"
"ENCREC_003";"18";"1856";"Røst";"2019";4354.73;4354.73;"Yellow";"Yellow"
"ENCREC_003";"18";"1856";"Røst";"2020";4354.73;4354.73;"Yellow";"Yellow"
"ENCREC_003";"18";"1856";"Røst";"2021";4354.73;4354.73;"Yellow";"Yellow"
"ENCREC_003";"18";"1856";"Røst";"2022";4354.66;4354.66;"Orange";"Yellow"
"ENCREC_003";"18";"1856";"Røst";"2023";4354.73;4354.66;"Green";"Yellow"
"ENCREC_003";"18";"1856";"Røst";"2024";4354.73;4354.66;"Yellow";"Yellow"
"ENCREC_003";"18";"1856";"Røst";"Endring 2018-2024";NA;-0.069999999999709;"NA";"Yellow"
"ENCREC_003";"18";"1857";"Værøy";"2018";4833.2;4833.2;"Yellow";"Yellow"
"ENCREC_003";"18";"1857";"Værøy";"2019";4833.2;4833.2;"Yellow";"Yellow"
"ENCREC_003";"18";"1857";"Værøy";"2020";4829.89;4829.89;"Yellow";"Yellow"
"ENCREC_003";"18";"1857";"Værøy";"2021";4832.63;4829.32;"Orange";"Yellow"
"ENCREC_003";"18";"1857";"Værøy";"2022";4833.2;4829.32;"Yellow";"Yellow"
"ENCREC_003";"18";"1857";"Værøy";"2023";4833.2;4829.32;"Green";"Yellow"
"ENCREC_003";"18";"1857";"Værøy";"2024";4833.2;4829.32;"Yellow";"Yellow"
"ENCREC_003";"18";"1857";"Værøy";"Endring 2018-2024";NA;-3.88000000000011;"NA";"Yellow"
"ENCREC_003";"18";"1859";"Flakstad";"2018";16687.15;16687.15;"Yellow";"Yellow"
"ENCREC_003";"18";"1859";"Flakstad";"2019";16685.16;16684.97;"Yellow";"Yellow"
"ENCREC_003";"18";"1859";"Flakstad";"2020";16683.14;16680.77;"Yellow";"Yellow"
"ENCREC_003";"18";"1859";"Flakstad";"2021";16687.09;16680.52;"Yellow";"Yellow"
"ENCREC_003";"18";"1859";"Flakstad";"2022";16687.18;16680.36;"Orange";"Yellow"
"ENCREC_003";"18";"1859";"Flakstad";"2023";16687.22;16680.24;"Green";"Yellow"
"ENCREC_003";"18";"1859";"Flakstad";"2024";16687.34;16680.24;"Yellow";"Yellow"
"ENCREC_003";"18";"1859";"Flakstad";"Endring 2018-2024";NA;-6.90999999999985;"NA";"Yellow"
"ENCREC_003";"18";"1860";"Vestvågøy";"2018";115901.76;115901.76;"Yellow";"Yellow"
"ENCREC_003";"18";"1860";"Vestvågøy";"2019";115901.88;115889.64;"Yellow";"Yellow"
"ENCREC_003";"18";"1860";"Vestvågøy";"2020";115907.01;115882.65;"Yellow";"Yellow"
"ENCREC_003";"18";"1860";"Vestvågøy";"2021";115907.1;115875.75;"Orange";"Yellow"
"ENCREC_003";"18";"1860";"Vestvågøy";"2022";115894.67;115856.42;"Orange";"Orange"
"ENCREC_003";"18";"1860";"Vestvågøy";"2023";115901.26;115843.68;"Orange";"Orange"
"ENCREC_003";"18";"1860";"Vestvågøy";"2024";115914;115843.68;"Yellow";"Orange"
"ENCREC_003";"18";"1860";"Vestvågøy";"Endring 2018-2024";NA;-58.0800000000017;"NA";"Yellow"
"ENCREC_003";"18";"1865";"Vågan";"2018";91078.55;91078.55;"Yellow";"Yellow"
"ENCREC_003";"18";"1865";"Vågan";"2019";91067.24;91066.09;"Yellow";"Yellow"
"ENCREC_003";"18";"1865";"Vågan";"2020";91039.66;91026.05;"Yellow";"Yellow"
"ENCREC_003";"18";"1865";"Vågan";"2021";91070.85;91017.2;"Orange";"Yellow"
"ENCREC_003";"18";"1865";"Vågan";"2022";91045.8;90983.3;"Orange";"Orange"
"ENCREC_003";"18";"1865";"Vågan";"2023";91072.45;90976.05;"Orange";"Orange"
"ENCREC_003";"18";"1865";"Vågan";"2024";91078.91;90975.26;"Orange";"Orange"
"ENCREC_003";"18";"1865";"Vågan";"Endring 2018-2024";NA;-103.290000000008;"NA";"Yellow"
"ENCREC_003";"18";"1866";"Hadsel";"2018";93170.69;93170.69;"Yellow";"Yellow"
"ENCREC_003";"18";"1866";"Hadsel";"2019";93159.79;93156.96;"Yellow";"Yellow"
"ENCREC_003";"18";"1866";"Hadsel";"2020";93160.51;93143.95;"Yellow";"Yellow"
"ENCREC_003";"18";"1866";"Hadsel";"2021";93151.05;93121.48;"Orange";"Yellow"
"ENCREC_003";"18";"1866";"Hadsel";"2022";93173.08;93121.04;"Orange";"Yellow"
"ENCREC_003";"18";"1866";"Hadsel";"2023";93167.03;93114.55;"Orange";"Orange"
"ENCREC_003";"18";"1866";"Hadsel";"2024";93173.52;93114.55;"Yellow";"Yellow"
"ENCREC_003";"18";"1866";"Hadsel";"Endring 2018-2024";NA;-56.1399999999994;"NA";"Yellow"
"ENCREC_003";"18";"1867";"Bø";"2018";45859.87;45859.87;"Yellow";"Yellow"
"ENCREC_003";"18";"1867";"Bø";"2019";45859.71;45859.71;"Yellow";"Yellow"
"ENCREC_003";"18";"1867";"Bø";"2020";45859.56;45859.4;"Yellow";"Yellow"
"ENCREC_003";"18";"1867";"Bø";"2021";45855.64;45855.17;"Orange";"Yellow"
"ENCREC_003";"18";"1867";"Bø";"2022";45859.69;45854.99;"Yellow";"Yellow"
"ENCREC_003";"18";"1867";"Bø";"2023";45858.53;45853.65;"Orange";"Yellow"
"ENCREC_003";"18";"1867";"Bø";"2024";45859.11;45852.89;"Orange";"Orange"
"ENCREC_003";"18";"1867";"Bø";"Endring 2018-2024";NA;-6.9800000000032;"NA";"Yellow"
"ENCREC_003";"18";"1868";"Øksnes";"2018";38636.62;38636.62;"Yellow";"Yellow"
"ENCREC_003";"18";"1868";"Øksnes";"2019";38626.04;38625.93;"Yellow";"Yellow"
"ENCREC_003";"18";"1868";"Øksnes";"2020";38635.93;38625.13;"Yellow";"Yellow"
"ENCREC_003";"18";"1868";"Øksnes";"2021";38632.56;38620.96;"Orange";"Yellow"
"ENCREC_003";"18";"1868";"Øksnes";"2022";38636.22;38620.45;"Orange";"Yellow"
"ENCREC_003";"18";"1868";"Øksnes";"2023";38635.08;38618.8;"Orange";"Orange"
"ENCREC_003";"18";"1868";"Øksnes";"2024";38635.97;38618.04;"Orange";"Orange"
"ENCREC_003";"18";"1868";"Øksnes";"Endring 2018-2024";NA;-18.5800000000017;"NA";"Yellow"
"ENCREC_003";"18";"1870";"Sortland/Suortá";"2018";250891.36;250891.36;"Yellow";"Yellow"
"ENCREC_003";"18";"1870";"Sortland/Suortá";"2019";250895.54;250886.7;"Yellow";"Yellow"
"ENCREC_003";"18";"1870";"Sortland/Suortá";"2020";250898.48;250884.98;"Yellow";"Yellow"
"ENCREC_003";"18";"1870";"Sortland/Suortá";"2021";250871.01;250855.79;"Orange";"Yellow"
"ENCREC_003";"18";"1870";"Sortland/Suortá";"2022";250876.02;250831.61;"Orange";"Orange"
"ENCREC_003";"18";"1870";"Sortland/Suortá";"2023";250892.08;250823.49;"Orange";"Orange"
"ENCREC_003";"18";"1870";"Sortland/Suortá";"2024";250895.42;250818.71;"Orange";"Orange"
"ENCREC_003";"18";"1870";"Sortland/Suortá";"Endring 2018-2024";NA;-72.6499999999942;"NA";"Yellow"
"ENCREC_003";"18";"1871";"Andøy";"2018";239008.6;239008.6;"Yellow";"Yellow"
"ENCREC_003";"18";"1871";"Andøy";"2019";239007.64;239007.1;"Yellow";"Yellow"
"ENCREC_003";"18";"1871";"Andøy";"2020";238985.57;238983.53;"Yellow";"Yellow"
"ENCREC_003";"18";"1871";"Andøy";"2021";239004.09;238978.48;"Orange";"Yellow"
"ENCREC_003";"18";"1871";"Andøy";"2022";238951.68;238921.02;"Orange";"Orange"
"ENCREC_003";"18";"1871";"Andøy";"2023";239000.92;238912.8;"Orange";"Orange"
"ENCREC_003";"18";"1871";"Andøy";"2024";238998.64;238902.3;"Orange";"Orange"
"ENCREC_003";"18";"1871";"Andøy";"Endring 2018-2024";NA;-106.299999999988;"NA";"Yellow"
"ENCREC_003";"18";"1874";"Moskenes";"2018";9599;9599;"Yellow";"Yellow"
"ENCREC_003";"18";"1874";"Moskenes";"2019";9605.12;9598.17;"Yellow";"Yellow"
"ENCREC_003";"18";"1874";"Moskenes";"2020";9604.86;9597.08;"Yellow";"Yellow"
"ENCREC_003";"18";"1874";"Moskenes";"2021";9605.24;9596.37;"Orange";"Yellow"
"ENCREC_003";"18";"1874";"Moskenes";"2022";9603.11;9593.53;"Orange";"Yellow"
"ENCREC_003";"18";"1874";"Moskenes";"2023";9605.95;9593.53;"Green";"Yellow"
"ENCREC_003";"18";"1874";"Moskenes";"2024";9605.95;9593.53;"Yellow";"Yellow"
"ENCREC_003";"18";"1874";"Moskenes";"Endring 2018-2024";NA;-5.46999999999935;"NA";"Yellow"
"ENCREC_003";"18";"1875";"Hábmer/Hamarøy";"2018";1632031.37;1632031.37;"Yellow";"Yellow"
"ENCREC_003";"18";"1875";"Hábmer/Hamarøy";"2019";1632028.19;1632018.69;"Yellow";"Yellow"
"ENCREC_003";"18";"1875";"Hábmer/Hamarøy";"2020";1632037.46;1632015.28;"Yellow";"Yellow"
"ENCREC_003";"18";"1875";"Hábmer/Hamarøy";"2021";1632013.16;1631987.57;"Orange";"Orange"
"ENCREC_003";"18";"1875";"Hábmer/Hamarøy";"2022";1632007.4;1631954.1;"Orange";"Orange"
"ENCREC_003";"18";"1875";"Hábmer/Hamarøy";"2023";1632016.82;1631930.05;"Orange";"Orange"
"ENCREC_003";"18";"1875";"Hábmer/Hamarøy";"2024";1632028.31;1631917.49;"Orange";"Orange"
"ENCREC_003";"18";"1875";"Hábmer/Hamarøy";"Endring 2018-2024";NA;-113.879999999888;"NA";"Yellow"
"ENCREC_003";"31";"3101";"Halden";"2018";316565.58;316565.58;"Yellow";"Yellow"
"ENCREC_003";"31";"3101";"Halden";"2019";316576.89;316537.44;"Yellow";"Yellow"
"ENCREC_003";"31";"3101";"Halden";"2020";316550.47;316482.88;"Yellow";"Yellow"
"ENCREC_003";"31";"3101";"Halden";"2021";316566.5;316444.35;"Yellow";"Yellow"
"ENCREC_003";"31";"3101";"Halden";"2022";316559.75;316399.07;"Yellow";"Yellow"
"ENCREC_003";"31";"3101";"Halden";"2023";316585.6;316379.64;"Yellow";"Yellow"
"ENCREC_003";"31";"3101";"Halden";"2024";316602.28;316376.89;"Orange";"Yellow"
"ENCREC_003";"31";"3101";"Halden";"Endring 2018-2024";NA;-188.690000000002;"NA";"Yellow"
"ENCREC_003";"31";"3103";"Moss";"2018";64609.97;64609.97;"Yellow";"Yellow"
"ENCREC_003";"31";"3103";"Moss";"2019";64589.68;64571.05;"Yellow";"Yellow"
"ENCREC_003";"31";"3103";"Moss";"2020";64543.44;64485.89;"Yellow";"Yellow"
"ENCREC_003";"31";"3103";"Moss";"2021";64510.41;64367.7;"Yellow";"Yellow"
"ENCREC_003";"31";"3103";"Moss";"2022";64596.14;64335.24;"Yellow";"Yellow"
"ENCREC_003";"31";"3103";"Moss";"2023";64604.54;64311.18;"Yellow";"Yellow"
"ENCREC_003";"31";"3103";"Moss";"2024";64624.89;64307.47;"Yellow";"Yellow"
"ENCREC_003";"31";"3103";"Moss";"Endring 2018-2024";NA;-302.5;"NA";"Yellow"
"ENCREC_003";"31";"3105";"Sarpsborg";"2018";253717.17;253717.17;"Yellow";"Yellow"
"ENCREC_003";"31";"3105";"Sarpsborg";"2019";253684.79;253632.85;"Yellow";"Yellow"
"ENCREC_003";"31";"3105";"Sarpsborg";"2020";253588.44;253452.18;"Yellow";"Yellow"
"ENCREC_003";"31";"3105";"Sarpsborg";"2021";253642.27;253325.34;"Yellow";"Yellow"
"ENCREC_003";"31";"3105";"Sarpsborg";"2022";253686.12;253242.35;"Yellow";"Yellow"
"ENCREC_003";"31";"3105";"Sarpsborg";"2023";253691.23;253164.47;"Yellow";"Yellow"
"ENCREC_003";"31";"3105";"Sarpsborg";"2024";253748.65;253144.01;"Yellow";"Yellow"
"ENCREC_003";"31";"3105";"Sarpsborg";"Endring 2018-2024";NA;-573.160000000003;"NA";"Yellow"
"ENCREC_003";"31";"3107";"Fredrikstad";"2018";119531.51;119531.51;"Yellow";"Yellow"
"ENCREC_003";"31";"3107";"Fredrikstad";"2019";119513.95;119472.75;"Yellow";"Yellow"
"ENCREC_003";"31";"3107";"Fredrikstad";"2020";119455.45;119355.49;"Yellow";"Yellow"
"ENCREC_003";"31";"3107";"Fredrikstad";"2021";119483.96;119266.74;"Yellow";"Yellow"
"ENCREC_003";"31";"3107";"Fredrikstad";"2022";119489.91;119183.94;"Yellow";"Yellow"
"ENCREC_003";"31";"3107";"Fredrikstad";"2023";119457.78;119069.01;"Yellow";"Yellow"
"ENCREC_003";"31";"3107";"Fredrikstad";"2024";119534.35;119030.65;"Orange";"Yellow"
"ENCREC_003";"31";"3107";"Fredrikstad";"Endring 2018-2024";NA;-500.860000000001;"NA";"Yellow"
"ENCREC_003";"31";"3110";"Hvaler";"2018";33344.65;33344.65;"Yellow";"Yellow"
"ENCREC_003";"31";"3110";"Hvaler";"2019";33345.65;33344.13;"Yellow";"Yellow"
"ENCREC_003";"31";"3110";"Hvaler";"2020";33318.6;33316.56;"Yellow";"Yellow"
"ENCREC_003";"31";"3110";"Hvaler";"2021";33335.81;33306.2;"Yellow";"Yellow"
"ENCREC_003";"31";"3110";"Hvaler";"2022";33342.54;33302.57;"Yellow";"Yellow"
"ENCREC_003";"31";"3110";"Hvaler";"2023";33346.07;33302.47;"Green";"Yellow"
"ENCREC_003";"31";"3110";"Hvaler";"2024";33343.27;33299.57;"Yellow";"Yellow"
"ENCREC_003";"31";"3110";"Hvaler";"Endring 2018-2024";NA;-45.0800000000017;"NA";"Yellow"
"ENCREC_003";"31";"3112";"Råde";"2018";54512.48;54512.48;"Yellow";"Yellow"
"ENCREC_003";"31";"3112";"Råde";"2019";54515.39;54506.69;"Yellow";"Yellow"
"ENCREC_003";"31";"3112";"Råde";"2020";54507.07;54492.58;"Yellow";"Yellow"
"ENCREC_003";"31";"3112";"Råde";"2021";54485.47;54456.87;"Yellow";"Yellow"
"ENCREC_003";"31";"3112";"Råde";"2022";54407.86;54343.55;"Orange";"Yellow"
"ENCREC_003";"31";"3112";"Råde";"2023";54488.28;54310.65;"Yellow";"Yellow"
"ENCREC_003";"31";"3112";"Råde";"2024";54513.55;54303.02;"Orange";"Yellow"
"ENCREC_003";"31";"3112";"Råde";"Endring 2018-2024";NA;-209.460000000006;"NA";"Yellow"
"ENCREC_003";"31";"3114";"Våler (Viken)";"2018";66967.09;66967.09;"Yellow";"Yellow"
"ENCREC_003";"31";"3114";"Våler (Viken)";"2019";66974.76;66954.75;"Yellow";"Yellow"
"ENCREC_003";"31";"3114";"Våler (Viken)";"2020";66949.22;66916.87;"Yellow";"Yellow"
"ENCREC_003";"31";"3114";"Våler (Viken)";"2021";66958.07;66887.84;"Yellow";"Yellow"
"ENCREC_003";"31";"3114";"Våler (Viken)";"2022";66966.73;66867.47;"Yellow";"Yellow"
"ENCREC_003";"31";"3114";"Våler (Viken)";"2023";66968.12;66848.49;"Yellow";"Yellow"
"ENCREC_003";"31";"3114";"Våler (Viken)";"2024";66975.8;66837.19;"Yellow";"Yellow"
"ENCREC_003";"31";"3114";"Våler (Viken)";"Endring 2018-2024";NA;-129.900000000009;"NA";"Yellow"
"ENCREC_003";"31";"3118";"Indre Østfold";"2018";264506.43;264506.43;"Yellow";"Yellow"
"ENCREC_003";"31";"3118";"Indre Østfold";"2019";264472.03;264431.33;"Yellow";"Yellow"
"ENCREC_003";"31";"3118";"Indre Østfold";"2020";264427.18;264311.38;"Yellow";"Yellow"
"ENCREC_003";"31";"3118";"Indre Østfold";"2021";264494.4;264258.65;"Yellow";"Yellow"
"ENCREC_003";"31";"3118";"Indre Østfold";"2022";264371.72;264083.24;"Yellow";"Yellow"
"ENCREC_003";"31";"3118";"Indre Østfold";"2023";264483.76;264019.87;"Yellow";"Yellow"
"ENCREC_003";"31";"3118";"Indre Østfold";"2024";264535.25;264007.99;"Yellow";"Yellow"
"ENCREC_003";"31";"3118";"Indre Østfold";"Endring 2018-2024";NA;-498.440000000002;"NA";"Yellow"
"ENCREC_003";"31";"3120";"Rakkestad";"2018";236566.6;236566.6;"Yellow";"Yellow"
"ENCREC_003";"31";"3120";"Rakkestad";"2019";236575.76;236562.15;"Yellow";"Yellow"
"ENCREC_003";"31";"3120";"Rakkestad";"2020";236546.66;236528.6;"Yellow";"Yellow"
"ENCREC_003";"31";"3120";"Rakkestad";"2021";236547.67;236496.06;"Yellow";"Yellow"
"ENCREC_003";"31";"3120";"Rakkestad";"2022";236554.24;236470.09;"Yellow";"Yellow"
"ENCREC_003";"31";"3120";"Rakkestad";"2023";236573.75;236463.63;"Yellow";"Yellow"
"ENCREC_003";"31";"3120";"Rakkestad";"2024";236576.42;236459.84;"Yellow";"Yellow"
"ENCREC_003";"31";"3120";"Rakkestad";"Endring 2018-2024";NA;-106.760000000009;"NA";"Yellow"
"ENCREC_003";"31";"3122";"Marker";"2018";294632.17;294632.17;"Yellow";"Yellow"
"ENCREC_003";"31";"3122";"Marker";"2019";294615.74;294581.18;"Yellow";"Yellow"
"ENCREC_003";"31";"3122";"Marker";"2020";294624.91;294539.36;"Yellow";"Yellow"
"ENCREC_003";"31";"3122";"Marker";"2021";294640.69;294513.32;"Yellow";"Yellow"
"ENCREC_003";"31";"3122";"Marker";"2022";294625.97;294472.56;"Yellow";"Yellow"
"ENCREC_003";"31";"3122";"Marker";"2023";294663.61;294469.44;"Yellow";"Yellow"
"ENCREC_003";"31";"3122";"Marker";"2024";294663.74;294466.45;"Yellow";"Yellow"
"ENCREC_003";"31";"3122";"Marker";"Endring 2018-2024";NA;-165.72000000003;"NA";"Yellow"
"ENCREC_003";"32";"3201";"Bærum";"2018";148763.37;148763.37;"Yellow";"Yellow"
"ENCREC_003";"32";"3201";"Bærum";"2019";148759.49;148729.6;"Yellow";"Yellow"
"ENCREC_003";"32";"3201";"Bærum";"2020";148717.89;148654.23;"Yellow";"Yellow"
"ENCREC_003";"32";"3201";"Bærum";"2021";148500.59;148361.56;"Yellow";"Yellow"
"ENCREC_003";"32";"3201";"Bærum";"2022";148630.15;148198.45;"Yellow";"Yellow"
"ENCREC_003";"32";"3201";"Bærum";"2023";148696.15;148101.34;"Yellow";"Yellow"
"ENCREC_003";"32";"3201";"Bærum";"2024";148769.92;148078;"Orange";"Yellow"
"ENCREC_003";"32";"3201";"Bærum";"Endring 2018-2024";NA;-685.369999999995;"NA";"Yellow"
"ENCREC_003";"32";"3203";"Asker";"2018";236386.73;236386.73;"Yellow";"Yellow"
"ENCREC_003";"32";"3203";"Asker";"2019";236362.02;236310.37;"Yellow";"Yellow"
"ENCREC_003";"32";"3203";"Asker";"2020";236282.31;236154.3;"Yellow";"Yellow"
"ENCREC_003";"32";"3203";"Asker";"2021";236303.21;236019.13;"Yellow";"Yellow"
"ENCREC_003";"32";"3203";"Asker";"2022";236386.09;235966.84;"Yellow";"Yellow"
"ENCREC_003";"32";"3203";"Asker";"2023";236368.28;235896.74;"Yellow";"Yellow"
"ENCREC_003";"32";"3203";"Asker";"2024";236407.12;235865.48;"Yellow";"Yellow"
"ENCREC_003";"32";"3203";"Asker";"Endring 2018-2024";NA;-521.25;"NA";"Yellow"
"ENCREC_003";"32";"3205";"Lillestrøm";"2018";279749.34;279749.34;"Yellow";"Yellow"
"ENCREC_003";"32";"3205";"Lillestrøm";"2019";279740.57;279672.92;"Yellow";"Yellow"
"ENCREC_003";"32";"3205";"Lillestrøm";"2020";279681.47;279537.4;"Yellow";"Yellow"
"ENCREC_003";"32";"3205";"Lillestrøm";"2021";279671.57;279391.98;"Yellow";"Yellow"
"ENCREC_003";"32";"3205";"Lillestrøm";"2022";279687.89;279262.88;"Yellow";"Yellow"
"ENCREC_003";"32";"3205";"Lillestrøm";"2023";279700.84;279146.73;"Green";"Yellow"
"ENCREC_003";"32";"3205";"Lillestrøm";"2024";279791.96;279121.7;"Yellow";"Yellow"
"ENCREC_003";"32";"3205";"Lillestrøm";"Endring 2018-2024";NA;-627.639999999956;"NA";"Yellow"
"ENCREC_003";"32";"3207";"Nordre Follo";"2018";175567.67;175567.67;"Yellow";"Yellow"
"ENCREC_003";"32";"3207";"Nordre Follo";"2019";175529.82;175470.72;"Yellow";"Yellow"
"ENCREC_003";"32";"3207";"Nordre Follo";"2020";175463.03;175306.98;"Yellow";"Yellow"
"ENCREC_003";"32";"3207";"Nordre Follo";"2021";175503.34;175183.55;"Yellow";"Yellow"
"ENCREC_003";"32";"3207";"Nordre Follo";"2022";175528.35;175085.13;"Yellow";"Yellow"
"ENCREC_003";"32";"3207";"Nordre Follo";"2023";175499.28;174957.64;"Green";"Yellow"
"ENCREC_003";"32";"3207";"Nordre Follo";"2024";175606.86;174937.73;"Yellow";"Yellow"
"ENCREC_003";"32";"3207";"Nordre Follo";"Endring 2018-2024";NA;-629.940000000002;"NA";"Yellow"
"ENCREC_003";"32";"3209";"Ullensaker";"2018";101876.85;101876.85;"Yellow";"Yellow"
"ENCREC_003";"32";"3209";"Ullensaker";"2019";101816.32;101765.85;"Yellow";"Yellow"
"ENCREC_003";"32";"3209";"Ullensaker";"2020";101874.23;101712.76;"Yellow";"Yellow"
"ENCREC_003";"32";"3209";"Ullensaker";"2021";101830.8;101616.24;"Yellow";"Yellow"
"ENCREC_003";"32";"3209";"Ullensaker";"2022";101869.5;101558.42;"Yellow";"Yellow"
"ENCREC_003";"32";"3209";"Ullensaker";"2023";101829.52;101460.62;"Yellow";"Yellow"
"ENCREC_003";"32";"3209";"Ullensaker";"2024";101891.99;101425.29;"Orange";"Yellow"
"ENCREC_003";"32";"3209";"Ullensaker";"Endring 2018-2024";NA;-451.559999999998;"NA";"Yellow"
"ENCREC_003";"32";"3212";"Nesodden";"2018";37423.9;37423.9;"Yellow";"Yellow"
"ENCREC_003";"32";"3212";"Nesodden";"2019";37414.36;37408.14;"Yellow";"Yellow"
"ENCREC_003";"32";"3212";"Nesodden";"2020";37375.47;37353.49;"Yellow";"Yellow"
"ENCREC_003";"32";"3212";"Nesodden";"2021";37407.48;37330.85;"Yellow";"Yellow"
"ENCREC_003";"32";"3212";"Nesodden";"2022";37399.73;37300.46;"Yellow";"Yellow"
"ENCREC_003";"32";"3212";"Nesodden";"2023";37370.59;37240.93;"Yellow";"Yellow"
"ENCREC_003";"32";"3212";"Nesodden";"2024";37429.84;37240.65;"Yellow";"Yellow"
"ENCREC_003";"32";"3212";"Nesodden";"Endring 2018-2024";NA;-183.25;"NA";"Yellow"
"ENCREC_003";"32";"3214";"Frogn";"2018";66425.19;66425.19;"Yellow";"Yellow"
"ENCREC_003";"32";"3214";"Frogn";"2019";66426.53;66413.02;"Yellow";"Yellow"
"ENCREC_003";"32";"3214";"Frogn";"2020";66389.33;66363.65;"Yellow";"Yellow"
"ENCREC_003";"32";"3214";"Frogn";"2021";66393.97;66318.92;"Yellow";"Yellow"
"ENCREC_003";"32";"3214";"Frogn";"2022";66400.31;66280.53;"Yellow";"Yellow"
"ENCREC_003";"32";"3214";"Frogn";"2023";66417.24;66259.07;"Green";"Yellow"
"ENCREC_003";"32";"3214";"Frogn";"2024";66436.37;66256.74;"Yellow";"Yellow"
"ENCREC_003";"32";"3214";"Frogn";"Endring 2018-2024";NA;-168.450000000012;"NA";"Yellow"
"ENCREC_003";"32";"3216";"Vestby";"2018";115726.67;115726.67;"Yellow";"Yellow"
"ENCREC_003";"32";"3216";"Vestby";"2019";115705.05;115619.32;"Yellow";"Yellow"
"ENCREC_003";"32";"3216";"Vestby";"2020";115613.94;115420.86;"Yellow";"Yellow"
"ENCREC_003";"32";"3216";"Vestby";"2021";115594.21;115202.67;"Yellow";"Yellow"
"ENCREC_003";"32";"3216";"Vestby";"2022";115682.77;115073.04;"Yellow";"Yellow"
"ENCREC_003";"32";"3216";"Vestby";"2023";115713.79;114974.43;"Yellow";"Yellow"
"ENCREC_003";"32";"3216";"Vestby";"2024";115778.97;114941;"Orange";"Yellow"
"ENCREC_003";"32";"3216";"Vestby";"Endring 2018-2024";NA;-785.669999999998;"NA";"Yellow"
"ENCREC_003";"32";"3218";"Ås";"2018";62942.85;62942.85;"Yellow";"Yellow"
"ENCREC_003";"32";"3218";"Ås";"2019";62905.49;62888.51;"Yellow";"Yellow"
"ENCREC_003";"32";"3218";"Ås";"2020";62869.74;62798.42;"Yellow";"Yellow"
"ENCREC_003";"32";"3218";"Ås";"2021";62804.32;62642.91;"Yellow";"Yellow"
"ENCREC_003";"32";"3218";"Ås";"2022";62887.64;62570.72;"Yellow";"Yellow"
"ENCREC_003";"32";"3218";"Ås";"2023";62915.93;62526.82;"Yellow";"Yellow"
"ENCREC_003";"32";"3218";"Ås";"2024";62909.22;62476.21;"Yellow";"Yellow"
"ENCREC_003";"32";"3218";"Ås";"Endring 2018-2024";NA;-466.639999999999;"NA";"Yellow"
"ENCREC_003";"32";"3220";"Enebakk";"2018";226851.03;226851.03;"Yellow";"Yellow"
"ENCREC_003";"32";"3220";"Enebakk";"2019";226873.71;226770.67;"Yellow";"Yellow"
"ENCREC_003";"32";"3220";"Enebakk";"2020";226823.96;226640.56;"Yellow";"Yellow"
"ENCREC_003";"32";"3220";"Enebakk";"2021";226737.12;226423.61;"Yellow";"Yellow"
"ENCREC_003";"32";"3220";"Enebakk";"2022";226872.88;226342.42;"Yellow";"Yellow"
"ENCREC_003";"32";"3220";"Enebakk";"2023";226909.57;226297.92;"Yellow";"Yellow"
"ENCREC_003";"32";"3220";"Enebakk";"2024";226945.04;226288.89;"Yellow";"Yellow"
"ENCREC_003";"32";"3220";"Enebakk";"Endring 2018-2024";NA;-562.139999999985;"NA";"Yellow"
"ENCREC_003";"32";"3224";"Rælingen";"2018";46574.37;46574.37;"Yellow";"Yellow"
"ENCREC_003";"32";"3224";"Rælingen";"2019";46507.71;46431.55;"Yellow";"Yellow"
"ENCREC_003";"32";"3224";"Rælingen";"2020";46597.55;46378.57;"Yellow";"Yellow"
"ENCREC_003";"32";"3224";"Rælingen";"2021";46601.91;46329.95;"Yellow";"Yellow"
"ENCREC_003";"32";"3224";"Rælingen";"2022";46619.4;46298.82;"Yellow";"Yellow"
"ENCREC_003";"32";"3224";"Rælingen";"2023";46571.02;46219.31;"Yellow";"Yellow"
"ENCREC_003";"32";"3224";"Rælingen";"2024";46619.36;46188.14;"Orange";"Yellow"
"ENCREC_003";"32";"3224";"Rælingen";"Endring 2018-2024";NA;-386.229999999996;"NA";"Yellow"
"ENCREC_003";"32";"3226";"Aurskog-Høland";"2018";267716.37;267716.37;"Yellow";"Yellow"
"ENCREC_003";"32";"3226";"Aurskog-Høland";"2019";267708.21;267679.27;"Yellow";"Yellow"
"ENCREC_003";"32";"3226";"Aurskog-Høland";"2020";267688.43;267622.39;"Yellow";"Yellow"
"ENCREC_003";"32";"3226";"Aurskog-Høland";"2021";267685.29;267562.37;"Yellow";"Yellow"
"ENCREC_003";"32";"3226";"Aurskog-Høland";"2022";267700.9;267517.96;"Yellow";"Yellow"
"ENCREC_003";"32";"3226";"Aurskog-Høland";"2023";267706.04;267478.69;"Green";"Yellow"
"ENCREC_003";"32";"3226";"Aurskog-Høland";"2024";267737.06;267470.44;"Yellow";"Yellow"
"ENCREC_003";"32";"3226";"Aurskog-Høland";"Endring 2018-2024";NA;-245.929999999993;"NA";"Yellow"
"ENCREC_003";"32";"3228";"Nes";"2018";353467.7;353467.7;"Yellow";"Yellow"
"ENCREC_003";"32";"3228";"Nes";"2019";353449.35;353391.19;"Yellow";"Yellow"
"ENCREC_003";"32";"3228";"Nes";"2020";353471.71;353337.04;"Yellow";"Yellow"
"ENCREC_003";"32";"3228";"Nes";"2021";353438.83;353250.01;"Yellow";"Yellow"
"ENCREC_003";"32";"3228";"Nes";"2022";353489.09;353213.24;"Yellow";"Yellow"
"ENCREC_003";"32";"3228";"Nes";"2023";353474.19;353161.57;"Yellow";"Yellow"
"ENCREC_003";"32";"3228";"Nes";"2024";353510.54;353146.25;"Orange";"Yellow"
"ENCREC_003";"32";"3228";"Nes";"Endring 2018-2024";NA;-321.450000000012;"NA";"Yellow"
"ENCREC_003";"32";"3230";"Gjerdrum";"2018";43925.3;43925.3;"Yellow";"Yellow"
"ENCREC_003";"32";"3230";"Gjerdrum";"2019";43924.2;43921.1;"Yellow";"Yellow"
"ENCREC_003";"32";"3230";"Gjerdrum";"2020";43909.81;43902.51;"Yellow";"Yellow"
"ENCREC_003";"32";"3230";"Gjerdrum";"2021";43810.49;43784.6;"Yellow";"Yellow"
"ENCREC_003";"32";"3230";"Gjerdrum";"2022";43903.4;43759.6;"Yellow";"Yellow"
"ENCREC_003";"32";"3230";"Gjerdrum";"2023";43908.75;43739.95;"Yellow";"Yellow"
"ENCREC_003";"32";"3230";"Gjerdrum";"2024";43928.4;43739.95;"Yellow";"Yellow"
"ENCREC_003";"32";"3230";"Gjerdrum";"Endring 2018-2024";NA;-185.349999999999;"NA";"Yellow"
"ENCREC_003";"32";"3232";"Nittedal";"2018";144142.84;144142.84;"Yellow";"Yellow"
"ENCREC_003";"32";"3232";"Nittedal";"2019";144152.82;144132.52;"Yellow";"Yellow"
"ENCREC_003";"32";"3232";"Nittedal";"2020";144097.31;144066.69;"Yellow";"Yellow"
"ENCREC_003";"32";"3232";"Nittedal";"2021";144077.17;143980.72;"Yellow";"Yellow"
"ENCREC_003";"32";"3232";"Nittedal";"2022";144116.66;143934.24;"Yellow";"Yellow"
"ENCREC_003";"32";"3232";"Nittedal";"2023";144150.46;143921.56;"Yellow";"Yellow"
"ENCREC_003";"32";"3232";"Nittedal";"2024";144153.35;143911.77;"Yellow";"Yellow"
"ENCREC_003";"32";"3232";"Nittedal";"Endring 2018-2024";NA;-231.070000000007;"NA";"Yellow"
"ENCREC_003";"32";"3234";"Lunner";"2018";231403.34;231403.34;"Yellow";"Yellow"
"ENCREC_003";"32";"3234";"Lunner";"2019";231427.78;231393.94;"Yellow";"Yellow"
"ENCREC_003";"32";"3234";"Lunner";"2020";231415.9;231372.66;"Yellow";"Yellow"
"ENCREC_003";"32";"3234";"Lunner";"2021";231357.41;231292.89;"Yellow";"Yellow"
"ENCREC_003";"32";"3234";"Lunner";"2022";231391.77;231247.48;"Yellow";"Yellow"
"ENCREC_003";"32";"3234";"Lunner";"2023";231429.84;231240.14;"Green";"Yellow"
"ENCREC_003";"32";"3234";"Lunner";"2024";231394.13;231197.09;"Yellow";"Yellow"
"ENCREC_003";"32";"3234";"Lunner";"Endring 2018-2024";NA;-206.25;"NA";"Yellow"
"ENCREC_003";"32";"3238";"Nannestad";"2018";240314.42;240314.42;"Yellow";"Yellow"
"ENCREC_003";"32";"3238";"Nannestad";"2019";240287.57;240266;"Yellow";"Yellow"
"ENCREC_003";"32";"3238";"Nannestad";"2020";240325.18;240255.19;"Yellow";"Yellow"
"ENCREC_003";"32";"3238";"Nannestad";"2021";240315.77;240234.97;"Yellow";"Yellow"
"ENCREC_003";"32";"3238";"Nannestad";"2022";240320.42;240219.4;"Yellow";"Yellow"
"ENCREC_003";"32";"3238";"Nannestad";"2023";240299.4;240182.81;"Yellow";"Yellow"
"ENCREC_003";"32";"3238";"Nannestad";"2024";240290.81;240137.63;"Orange";"Yellow"
"ENCREC_003";"32";"3238";"Nannestad";"Endring 2018-2024";NA;-176.789999999979;"NA";"Yellow"
"ENCREC_003";"32";"3240";"Eidsvoll";"2018";98899.18;98899.18;"Yellow";"Yellow"
"ENCREC_003";"32";"3240";"Eidsvoll";"2019";98870.28;98848.31;"Yellow";"Yellow"
"ENCREC_003";"32";"3240";"Eidsvoll";"2020";98853.76;98780.92;"Yellow";"Yellow"
"ENCREC_003";"32";"3240";"Eidsvoll";"2021";98791.97;98651.74;"Yellow";"Yellow"
"ENCREC_003";"32";"3240";"Eidsvoll";"2022";98889.22;98619.81;"Yellow";"Yellow"
"ENCREC_003";"32";"3240";"Eidsvoll";"2023";98878.5;98577.16;"Yellow";"Yellow"
"ENCREC_003";"32";"3240";"Eidsvoll";"2024";98894.97;98550.98;"Yellow";"Yellow"
"ENCREC_003";"32";"3240";"Eidsvoll";"Endring 2018-2024";NA;-348.199999999997;"NA";"Yellow"
"ENCREC_003";"32";"3242";"Hurdal";"2018";260993.94;260993.94;"Yellow";"Yellow"
"ENCREC_003";"32";"3242";"Hurdal";"2019";260987.09;260985.8;"Yellow";"Yellow"
"ENCREC_003";"32";"3242";"Hurdal";"2020";260943.73;260934.3;"Yellow";"Yellow"
"ENCREC_003";"32";"3242";"Hurdal";"2021";260866.46;260805.53;"Yellow";"Yellow"
"ENCREC_003";"32";"3242";"Hurdal";"2022";260967.72;260778.02;"Yellow";"Yellow"
"ENCREC_003";"32";"3242";"Hurdal";"2023";260976.61;260759.4;"Yellow";"Yellow"
"ENCREC_003";"32";"3242";"Hurdal";"2024";260985.77;260749.94;"Orange";"Yellow"
"ENCREC_003";"32";"3242";"Hurdal";"Endring 2018-2024";NA;-244;"NA";"Yellow"
"ENCREC_003";"33";"3301";"Drammen";"2018";237248.59;237248.59;"Yellow";"Yellow"
"ENCREC_003";"33";"3301";"Drammen";"2019";237242.04;237230.1;"Yellow";"Yellow"
"ENCREC_003";"33";"3301";"Drammen";"2020";237241.51;237211.08;"Yellow";"Yellow"
"ENCREC_003";"33";"3301";"Drammen";"2021";237224.34;237174.89;"Yellow";"Yellow"
"ENCREC_003";"33";"3301";"Drammen";"2022";237195.73;237110.09;"Yellow";"Yellow"
"ENCREC_003";"33";"3301";"Drammen";"2023";237185.31;237034.87;"Green";"Yellow"
"ENCREC_003";"33";"3301";"Drammen";"2024";237241.36;237015.7;"Yellow";"Yellow"
"ENCREC_003";"33";"3301";"Drammen";"Endring 2018-2024";NA;-232.889999999985;"NA";"Yellow"
"ENCREC_003";"33";"3303";"Kongsberg";"2018";680920.82;680920.82;"Yellow";"Yellow"
"ENCREC_003";"33";"3303";"Kongsberg";"2019";680892.51;680774.82;"Yellow";"Yellow"
"ENCREC_003";"33";"3303";"Kongsberg";"2020";680757.58;680493.89;"Yellow";"Yellow"
"ENCREC_003";"33";"3303";"Kongsberg";"2021";680776.93;680232.31;"Yellow";"Yellow"
"ENCREC_003";"33";"3303";"Kongsberg";"2022";680748.19;679941.99;"Yellow";"Yellow"
"ENCREC_003";"33";"3303";"Kongsberg";"2023";680880.78;679784.26;"Green";"Yellow"
"ENCREC_003";"33";"3303";"Kongsberg";"2024";680905.25;679651;"Yellow";"Yellow"
"ENCREC_003";"33";"3303";"Kongsberg";"Endring 2018-2024";NA;-1269.82000000007;"NA";"Yellow"
"ENCREC_003";"33";"3305";"Ringerike";"2018";1372714.62;1372714.62;"Yellow";"Yellow"
"ENCREC_003";"33";"3305";"Ringerike";"2019";1372637.83;1372545.62;"Yellow";"Yellow"
"ENCREC_003";"33";"3305";"Ringerike";"2020";1372552.98;1372291.77;"Yellow";"Yellow"
"ENCREC_003";"33";"3305";"Ringerike";"2021";1372460.07;1371945.01;"Yellow";"Yellow"
"ENCREC_003";"33";"3305";"Ringerike";"2022";1372543.65;1371681.83;"Yellow";"Yellow"
"ENCREC_003";"33";"3305";"Ringerike";"2023";1372601.14;1371476.14;"Yellow";"Yellow"
"ENCREC_003";"33";"3305";"Ringerike";"2024";1372630.36;1371299.67;"Yellow";"Yellow"
"ENCREC_003";"33";"3305";"Ringerike";"Endring 2018-2024";NA;-1414.94999999995;"NA";"Yellow"
"ENCREC_003";"33";"3310";"Hole";"2018";133992.96;133992.96;"Yellow";"Yellow"
"ENCREC_003";"33";"3310";"Hole";"2019";133991.45;133986.98;"Yellow";"Yellow"
"ENCREC_003";"33";"3310";"Hole";"2020";133969.27;133958.82;"Yellow";"Yellow"
"ENCREC_003";"33";"3310";"Hole";"2021";133959.38;133920.77;"Yellow";"Yellow"
"ENCREC_003";"33";"3310";"Hole";"2022";133975.57;133898.91;"Yellow";"Yellow"
"ENCREC_003";"33";"3310";"Hole";"2023";133958.25;133859.73;"Yellow";"Yellow"
"ENCREC_003";"33";"3310";"Hole";"2024";133992.36;133854.66;"Orange";"Yellow"
"ENCREC_003";"33";"3310";"Hole";"Endring 2018-2024";NA;-138.299999999988;"NA";"Yellow"
"ENCREC_003";"33";"3312";"Lier";"2018";194684.62;194684.62;"Yellow";"Yellow"
"ENCREC_003";"33";"3312";"Lier";"2019";194665.22;194624.42;"Yellow";"Yellow"
"ENCREC_003";"33";"3312";"Lier";"2020";194699.24;194598.24;"Yellow";"Yellow"
"ENCREC_003";"33";"3312";"Lier";"2021";194687.22;194560.04;"Yellow";"Yellow"
"ENCREC_003";"33";"3312";"Lier";"2022";194700.56;194535.18;"Yellow";"Yellow"
"ENCREC_003";"33";"3312";"Lier";"2023";194687.18;194496.94;"Green";"Yellow"
"ENCREC_003";"33";"3312";"Lier";"2024";194719.45;194490.97;"Yellow";"Yellow"
"ENCREC_003";"33";"3312";"Lier";"Endring 2018-2024";NA;-193.650000000023;"NA";"Yellow"
"ENCREC_003";"33";"3314";"Øvre Eiker";"2018";286602.23;286602.23;"Yellow";"Yellow"
"ENCREC_003";"33";"3314";"Øvre Eiker";"2019";286599.67;286508.46;"Yellow";"Yellow"
"ENCREC_003";"33";"3314";"Øvre Eiker";"2020";286601.28;286416.3;"Yellow";"Yellow"
"ENCREC_003";"33";"3314";"Øvre Eiker";"2021";286589.68;286312.54;"Yellow";"Yellow"
"ENCREC_003";"33";"3314";"Øvre Eiker";"2022";286549.79;286168.89;"Yellow";"Yellow"
"ENCREC_003";"33";"3314";"Øvre Eiker";"2023";286480.53;285955.98;"Green";"Yellow"
"ENCREC_003";"33";"3314";"Øvre Eiker";"2024";286596.77;285859.31;"Yellow";"Yellow"
"ENCREC_003";"33";"3314";"Øvre Eiker";"Endring 2018-2024";NA;-742.919999999984;"NA";"Yellow"
"ENCREC_003";"33";"3316";"Modum";"2018";369689.96;369689.96;"Yellow";"Yellow"
"ENCREC_003";"33";"3316";"Modum";"2019";369702.6;369678.76;"Yellow";"Yellow"
"ENCREC_003";"33";"3316";"Modum";"2020";369688.37;369653.33;"Yellow";"Yellow"
"ENCREC_003";"33";"3316";"Modum";"2021";369682.93;369622.46;"Yellow";"Yellow"
"ENCREC_003";"33";"3316";"Modum";"2022";369651.7;369560.36;"Yellow";"Yellow"
"ENCREC_003";"33";"3316";"Modum";"2023";369668.09;369514.65;"Yellow";"Yellow"
"ENCREC_003";"33";"3316";"Modum";"2024";369696.08;369496.93;"Yellow";"Yellow"
"ENCREC_003";"33";"3316";"Modum";"Endring 2018-2024";NA;-193.02999999997;"NA";"Yellow"
"ENCREC_003";"33";"3318";"Krødsherad";"2018";356272.8;356272.8;"Yellow";"Yellow"
"ENCREC_003";"33";"3318";"Krødsherad";"2019";356233.84;356160.29;"Yellow";"Yellow"
"ENCREC_003";"33";"3318";"Krødsherad";"2020";356096.08;355910.02;"Yellow";"Yellow"
"ENCREC_003";"33";"3318";"Krødsherad";"2021";355952.56;355516.23;"Yellow";"Yellow"
"ENCREC_003";"33";"3318";"Krødsherad";"2022";356148.01;355317.89;"Yellow";"Yellow"
"ENCREC_003";"33";"3318";"Krødsherad";"2023";356209.51;355181.05;"Yellow";"Yellow"
"ENCREC_003";"33";"3318";"Krødsherad";"2024";356257.42;355092.12;"Orange";"Yellow"
"ENCREC_003";"33";"3318";"Krødsherad";"Endring 2018-2024";NA;-1180.67999999999;"NA";"Yellow"
"ENCREC_003";"33";"3320";"Flå";"2018";703694.69;703694.69;"Yellow";"Yellow"
"ENCREC_003";"33";"3320";"Flå";"2019";703641.88;703471.65;"Yellow";"Yellow"
"ENCREC_003";"33";"3320";"Flå";"2020";703617.49;703224.22;"Yellow";"Yellow"
"ENCREC_003";"33";"3320";"Flå";"2021";703383.18;702742.48;"Yellow";"Yellow"
"ENCREC_003";"33";"3320";"Flå";"2022";703283.04;702160.6;"Yellow";"Yellow"
"ENCREC_003";"33";"3320";"Flå";"2023";703682.89;701978.57;"Yellow";"Yellow"
"ENCREC_003";"33";"3320";"Flå";"2024";703541.26;701654.91;"Yellow";"Yellow"
"ENCREC_003";"33";"3320";"Flå";"Endring 2018-2024";NA;-2039.78000000003;"NA";"Yellow"
"ENCREC_003";"33";"3322";"Nesbyen";"2018";803998.68;803998.68;"Yellow";"Yellow"
"ENCREC_003";"33";"3322";"Nesbyen";"2019";803943.72;803826.19;"Yellow";"Yellow"
"ENCREC_003";"33";"3322";"Nesbyen";"2020";803729.07;803439.05;"Yellow";"Yellow"
"ENCREC_003";"33";"3322";"Nesbyen";"2021";803475.93;802798.77;"Yellow";"Yellow"
"ENCREC_003";"33";"3322";"Nesbyen";"2022";803663.45;802346.01;"Yellow";"Yellow"
"ENCREC_003";"33";"3322";"Nesbyen";"2023";803888.22;802118.02;"Yellow";"Yellow"
"ENCREC_003";"33";"3322";"Nesbyen";"2024";803737.15;801738.96;"Orange";"Yellow"
"ENCREC_003";"33";"3322";"Nesbyen";"Endring 2018-2024";NA;-2259.71999999997;"NA";"Yellow"
"ENCREC_003";"33";"3324";"Gol";"2018";514695.37;514695.37;"Yellow";"Yellow"
"ENCREC_003";"33";"3324";"Gol";"2019";514685.53;514607.09;"Yellow";"Yellow"
"ENCREC_003";"33";"3324";"Gol";"2020";514489.7;514322.98;"Yellow";"Yellow"
"ENCREC_003";"33";"3324";"Gol";"2021";514436.66;513985.83;"Yellow";"Yellow"
"ENCREC_003";"33";"3324";"Gol";"2022";514528.65;513740.67;"Yellow";"Yellow"
"ENCREC_003";"33";"3324";"Gol";"2023";514635.01;513601.87;"Yellow";"Yellow"
"ENCREC_003";"33";"3324";"Gol";"2024";514655.03;513483.09;"Orange";"Yellow"
"ENCREC_003";"33";"3324";"Gol";"Endring 2018-2024";NA;-1212.27999999997;"NA";"Yellow"
"ENCREC_003";"33";"3326";"Hemsedal";"2018";724094.56;724094.56;"Yellow";"Yellow"
"ENCREC_003";"33";"3326";"Hemsedal";"2019";724061.08;723986.84;"Yellow";"Yellow"
"ENCREC_003";"33";"3326";"Hemsedal";"2020";723929.57;723747.61;"Yellow";"Yellow"
"ENCREC_003";"33";"3326";"Hemsedal";"2021";723970.58;723549.39;"Yellow";"Yellow"
"ENCREC_003";"33";"3326";"Hemsedal";"2022";724007.74;723388.33;"Yellow";"Yellow"
"ENCREC_003";"33";"3326";"Hemsedal";"2023";724036.47;723256;"Green";"Yellow"
"ENCREC_003";"33";"3326";"Hemsedal";"2024";724013.17;723100.37;"Yellow";"Yellow"
"ENCREC_003";"33";"3326";"Hemsedal";"Endring 2018-2024";NA;-994.190000000061;"NA";"Yellow"
"ENCREC_003";"33";"3328";"Ål";"2018";1120324.31;1120324.31;"Yellow";"Yellow"
"ENCREC_003";"33";"3328";"Ål";"2019";1120188.72;1120146.83;"Yellow";"Yellow"
"ENCREC_003";"33";"3328";"Ål";"2020";1120175.43;1119956.06;"Yellow";"Yellow"
"ENCREC_003";"33";"3328";"Ål";"2021";1119936.06;1119525.92;"Yellow";"Yellow"
"ENCREC_003";"33";"3328";"Ål";"2022";1120173.59;1119333.31;"Yellow";"Yellow"
"ENCREC_003";"33";"3328";"Ål";"2023";1120204.73;1119171.84;"Green";"Yellow"
"ENCREC_003";"33";"3328";"Ål";"2024";1120231.81;1119037.45;"Yellow";"Yellow"
"ENCREC_003";"33";"3328";"Ål";"Endring 2018-2024";NA;-1286.8600000001;"NA";"Yellow"
"ENCREC_003";"33";"3332";"Sigdal";"2018";775450.14;775450.14;"Yellow";"Yellow"
"ENCREC_003";"33";"3332";"Sigdal";"2019";775432.21;775315.99;"Yellow";"Yellow"
"ENCREC_003";"33";"3332";"Sigdal";"2020";775284.21;775033.84;"Yellow";"Yellow"
"ENCREC_003";"33";"3332";"Sigdal";"2021";775026.56;774494.04;"Yellow";"Yellow"
"ENCREC_003";"33";"3332";"Sigdal";"2022";775193.07;774120.75;"Yellow";"Yellow"
"ENCREC_003";"33";"3332";"Sigdal";"2023";775395.14;773949.53;"Yellow";"Yellow"
"ENCREC_003";"33";"3332";"Sigdal";"2024";775382.77;773765.94;"Yellow";"Yellow"
"ENCREC_003";"33";"3332";"Sigdal";"Endring 2018-2024";NA;-1684.20000000007;"NA";"Yellow"
"ENCREC_003";"33";"3334";"Flesberg";"2018";561287.14;561287.14;"Yellow";"Yellow"
"ENCREC_003";"33";"3334";"Flesberg";"2019";561180.63;560988.47;"Yellow";"Yellow"
"ENCREC_003";"33";"3334";"Flesberg";"2020";561113.04;560622.21;"Yellow";"Yellow"
"ENCREC_003";"33";"3334";"Flesberg";"2021";560679.86;559822.77;"Yellow";"Yellow"
"ENCREC_003";"33";"3334";"Flesberg";"2022";560988.8;559332.27;"Yellow";"Yellow"
"ENCREC_003";"33";"3334";"Flesberg";"2023";561213.33;559066.3;"Yellow";"Yellow"
"ENCREC_003";"33";"3334";"Flesberg";"2024";561414.94;559001.94;"Orange";"Yellow"
"ENCREC_003";"33";"3334";"Flesberg";"Endring 2018-2024";NA;-2285.19999999995;"NA";"Yellow"
"ENCREC_003";"33";"3336";"Rollag";"2018";448862.01;448862.01;"Yellow";"Yellow"
"ENCREC_003";"33";"3336";"Rollag";"2019";448804.59;448739.7;"Yellow";"Yellow"
"ENCREC_003";"33";"3336";"Rollag";"2020";448681.51;448494.31;"Yellow";"Yellow"
"ENCREC_003";"33";"3336";"Rollag";"2021";448587.15;448154.56;"Yellow";"Yellow"
"ENCREC_003";"33";"3336";"Rollag";"2022";448707.48;447935.14;"Yellow";"Yellow"
"ENCREC_003";"33";"3336";"Rollag";"2023";448849.08;447857.32;"Yellow";"Yellow"
"ENCREC_003";"33";"3336";"Rollag";"2024";448875.84;447806.26;"Orange";"Yellow"
"ENCREC_003";"33";"3336";"Rollag";"Endring 2018-2024";NA;-1055.75;"NA";"Yellow"
"ENCREC_003";"33";"3338";"Nore og Uvdal";"2018";2129880.58;2129880.58;"Yellow";"Yellow"
"ENCREC_003";"33";"3338";"Nore og Uvdal";"2019";2129881.06;2129818.81;"Yellow";"Yellow"
"ENCREC_003";"33";"3338";"Nore og Uvdal";"2020";2129865.63;2129741.61;"Yellow";"Yellow"
"ENCREC_003";"33";"3338";"Nore og Uvdal";"2021";2129701.58;2129500.36;"Yellow";"Yellow"
"ENCREC_003";"33";"3338";"Nore og Uvdal";"2022";2129826.52;2129384.05;"Yellow";"Yellow"
"ENCREC_003";"33";"3338";"Nore og Uvdal";"2023";2129908.87;2129350.09;"Yellow";"Yellow"
"ENCREC_003";"33";"3338";"Nore og Uvdal";"2024";2129844.82;2129252.08;"Orange";"Yellow"
"ENCREC_003";"33";"3338";"Nore og Uvdal";"Endring 2018-2024";NA;-628.5;"NA";"Yellow"
"ENCREC_003";"34";"3401";"Kongsvinger";"2018";128893.15;128893.15;"Yellow";"Yellow"
"ENCREC_003";"34";"3401";"Kongsvinger";"2019";128912.91;128888.52;"Yellow";"Yellow"
"ENCREC_003";"34";"3401";"Kongsvinger";"2020";128904.6;128875.58;"Yellow";"Yellow"
"ENCREC_003";"34";"3401";"Kongsvinger";"2021";128902.17;128860.21;"Yellow";"Yellow"
"ENCREC_003";"34";"3401";"Kongsvinger";"2022";128846.8;128789.47;"Yellow";"Yellow"
"ENCREC_003";"34";"3401";"Kongsvinger";"2023";128885.37;128757.3;"Yellow";"Yellow"
"ENCREC_003";"34";"3401";"Kongsvinger";"2024";128904.6;128744.36;"Yellow";"Yellow"
"ENCREC_003";"34";"3401";"Kongsvinger";"Endring 2018-2024";NA;-148.789999999994;"NA";"Yellow"
"ENCREC_003";"34";"3403";"Hamar";"2018";99490.61;99490.61;"Yellow";"Yellow"
"ENCREC_003";"34";"3403";"Hamar";"2019";99449.02;99435.71;"Yellow";"Yellow"
"ENCREC_003";"34";"3403";"Hamar";"2020";99417.07;99348.86;"Yellow";"Yellow"
"ENCREC_003";"34";"3403";"Hamar";"2021";99423.44;99268.38;"Yellow";"Yellow"
"ENCREC_003";"34";"3403";"Hamar";"2022";99419.11;99183.57;"Yellow";"Yellow"
"ENCREC_003";"34";"3403";"Hamar";"2023";99469.03;99148.68;"Yellow";"Yellow"
"ENCREC_003";"34";"3403";"Hamar";"2024";99425.03;99069.79;"Yellow";"Yellow"
"ENCREC_003";"34";"3403";"Hamar";"Endring 2018-2024";NA;-420.820000000007;"NA";"Yellow"
"ENCREC_003";"34";"3405";"Lillehammer";"2018";352551.79;352551.79;"Yellow";"Yellow"
"ENCREC_003";"34";"3405";"Lillehammer";"2019";352523.22;352453.14;"Yellow";"Yellow"
"ENCREC_003";"34";"3405";"Lillehammer";"2020";352557.89;352389.16;"Yellow";"Yellow"
"ENCREC_003";"34";"3405";"Lillehammer";"2021";352534.96;352302.25;"Yellow";"Yellow"
"ENCREC_003";"34";"3405";"Lillehammer";"2022";352516.21;352196.59;"Yellow";"Yellow"
"ENCREC_003";"34";"3405";"Lillehammer";"2023";352584.64;352159.36;"Yellow";"Yellow"
"ENCREC_003";"34";"3405";"Lillehammer";"2024";352600.85;352138.34;"Orange";"Yellow"
"ENCREC_003";"34";"3405";"Lillehammer";"Endring 2018-2024";NA;-413.450000000012;"NA";"Yellow"
"ENCREC_003";"34";"3411";"Ringsaker";"2018";842270.84;842270.84;"Yellow";"Yellow"
"ENCREC_003";"34";"3411";"Ringsaker";"2019";842215.61;842092.53;"Yellow";"Yellow"
"ENCREC_003";"34";"3411";"Ringsaker";"2020";842199.2;841897.81;"Yellow";"Yellow"
"ENCREC_003";"34";"3411";"Ringsaker";"2021";842244.05;841747.94;"Yellow";"Yellow"
"ENCREC_003";"34";"3411";"Ringsaker";"2022";842246.65;841600.67;"Yellow";"Yellow"
"ENCREC_003";"34";"3411";"Ringsaker";"2023";842233.27;841440.02;"Yellow";"Yellow"
"ENCREC_003";"34";"3411";"Ringsaker";"2024";842230.38;841276.48;"Orange";"Yellow"
"ENCREC_003";"34";"3411";"Ringsaker";"Endring 2018-2024";NA;-994.359999999986;"NA";"Yellow"
"ENCREC_003";"34";"3412";"Løten";"2018";78033.39;78033.39;"Yellow";"Yellow"
"ENCREC_003";"34";"3412";"Løten";"2019";78008.53;78005.63;"Yellow";"Yellow"
"ENCREC_003";"34";"3412";"Løten";"2020";78011.55;77980.89;"Yellow";"Yellow"
"ENCREC_003";"34";"3412";"Løten";"2021";78021.21;77965.81;"Yellow";"Yellow"
"ENCREC_003";"34";"3412";"Løten";"2022";77931.41;77860.93;"Yellow";"Yellow"
"ENCREC_003";"34";"3412";"Løten";"2023";78030.42;77855.06;"Yellow";"Yellow"
"ENCREC_003";"34";"3412";"Løten";"2024";78024.24;77843.01;"Yellow";"Yellow"
"ENCREC_003";"34";"3412";"Løten";"Endring 2018-2024";NA;-190.380000000005;"NA";"Yellow"
"ENCREC_003";"34";"3413";"Stange";"2018";244704.69;244704.69;"Yellow";"Yellow"
"ENCREC_003";"34";"3413";"Stange";"2019";244687.21;244646.4;"Yellow";"Yellow"
"ENCREC_003";"34";"3413";"Stange";"2020";244674.41;244575.31;"Yellow";"Yellow"
"ENCREC_003";"34";"3413";"Stange";"2021";244604.66;244434.47;"Yellow";"Yellow"
"ENCREC_003";"34";"3413";"Stange";"2022";244690.63;244379.6;"Yellow";"Yellow"
"ENCREC_003";"34";"3413";"Stange";"2023";244444.93;244079.03;"Yellow";"Yellow"
"ENCREC_003";"34";"3413";"Stange";"2024";244597.78;243931.31;"Yellow";"Yellow"
"ENCREC_003";"34";"3413";"Stange";"Endring 2018-2024";NA;-773.380000000005;"NA";"Yellow"
"ENCREC_003";"34";"3414";"Nord-Odal";"2018";164089.27;164089.27;"Yellow";"Yellow"
"ENCREC_003";"34";"3414";"Nord-Odal";"2019";164091.27;164082.76;"Yellow";"Yellow"
"ENCREC_003";"34";"3414";"Nord-Odal";"2020";164052.02;164037;"Yellow";"Yellow"
"ENCREC_003";"34";"3414";"Nord-Odal";"2021";163907.31;163846.53;"Yellow";"Yellow"
"ENCREC_003";"34";"3414";"Nord-Odal";"2022";164090.21;163838.96;"Yellow";"Yellow"
"ENCREC_003";"34";"3414";"Nord-Odal";"2023";164088.05;163829.23;"Yellow";"Yellow"
"ENCREC_003";"34";"3414";"Nord-Odal";"2024";164095.32;163826.77;"Yellow";"Yellow"
"ENCREC_003";"34";"3414";"Nord-Odal";"Endring 2018-2024";NA;-262.5;"NA";"Yellow"
"ENCREC_003";"34";"3415";"Sør-Odal";"2018";103379.32;103379.32;"Yellow";"Yellow"
"ENCREC_003";"34";"3415";"Sør-Odal";"2019";103394.04;103377.9;"Yellow";"Yellow"
"ENCREC_003";"34";"3415";"Sør-Odal";"2020";103376.21;103358.65;"Yellow";"Yellow"
"ENCREC_003";"34";"3415";"Sør-Odal";"2021";103361.21;103324.4;"Yellow";"Yellow"
"ENCREC_003";"34";"3415";"Sør-Odal";"2022";103339.51;103268.45;"Yellow";"Yellow"
"ENCREC_003";"34";"3415";"Sør-Odal";"2023";103392.7;103265.69;"Yellow";"Yellow"
"ENCREC_003";"34";"3415";"Sør-Odal";"2024";103395.46;103265.69;"Yellow";"Yellow"
"ENCREC_003";"34";"3415";"Sør-Odal";"Endring 2018-2024";NA;-113.630000000005;"NA";"Yellow"
"ENCREC_003";"34";"3416";"Eidskog";"2018";72846.9;72846.9;"Yellow";"Yellow"
"ENCREC_003";"34";"3416";"Eidskog";"2019";72852.02;72846.19;"Yellow";"Yellow"
"ENCREC_003";"34";"3416";"Eidskog";"2020";72847.97;72841.43;"Yellow";"Yellow"
"ENCREC_003";"34";"3416";"Eidskog";"2021";72840.71;72829.41;"Yellow";"Yellow"
"ENCREC_003";"34";"3416";"Eidskog";"2022";72837.5;72814.18;"Yellow";"Yellow"
"ENCREC_003";"34";"3416";"Eidskog";"2023";72850.78;72812.23;"Yellow";"Yellow"
"ENCREC_003";"34";"3416";"Eidskog";"2024";72852.68;72812.18;"Yellow";"Yellow"
"ENCREC_003";"34";"3416";"Eidskog";"Endring 2018-2024";NA;-34.7200000000012;"NA";"Yellow"
"ENCREC_003";"34";"3419";"Våler (Innlandet)";"2018";611161.91;611161.91;"Yellow";"Yellow"
"ENCREC_003";"34";"3419";"Våler (Innlandet)";"2019";611149.48;611143.2;"Yellow";"Yellow"
"ENCREC_003";"34";"3419";"Våler (Innlandet)";"2020";611159.16;611134.17;"Yellow";"Yellow"
"ENCREC_003";"34";"3419";"Våler (Innlandet)";"2021";611134.6;611100.58;"Yellow";"Yellow"
"ENCREC_003";"34";"3419";"Våler (Innlandet)";"2022";611139.02;611071.41;"Yellow";"Yellow"
"ENCREC_003";"34";"3419";"Våler (Innlandet)";"2023";611156.93;611060.15;"Yellow";"Yellow"
"ENCREC_003";"34";"3419";"Våler (Innlandet)";"2024";611158.47;611050.43;"Orange";"Yellow"
"ENCREC_003";"34";"3419";"Våler (Innlandet)";"Endring 2018-2024";NA;-111.479999999981;"NA";"Yellow"
"ENCREC_003";"34";"3420";"Elverum";"2018";1190992.76;1190992.76;"Yellow";"Yellow"
"ENCREC_003";"34";"3420";"Elverum";"2019";1190848.54;1190798.57;"Yellow";"Yellow"
"ENCREC_003";"34";"3420";"Elverum";"2020";1190812.36;1190568.2;"Yellow";"Yellow"
"ENCREC_003";"34";"3420";"Elverum";"2021";1190788.68;1190314.15;"Yellow";"Yellow"
"ENCREC_003";"34";"3420";"Elverum";"2022";1190795.65;1190067.07;"Yellow";"Yellow"
"ENCREC_003";"34";"3420";"Elverum";"2023";1190901.7;1189926.04;"Yellow";"Yellow"
"ENCREC_003";"34";"3420";"Elverum";"2024";1191007.65;1189890.96;"Yellow";"Yellow"
"ENCREC_003";"34";"3420";"Elverum";"Endring 2018-2024";NA;-1101.80000000005;"NA";"Yellow"
"ENCREC_003";"34";"3421";"Trysil";"2018";400737.88;400737.88;"Yellow";"Yellow"
"ENCREC_003";"34";"3421";"Trysil";"2019";400623.34;400463.43;"Yellow";"Yellow"
"ENCREC_003";"34";"3421";"Trysil";"2020";400810.74;400376.38;"Yellow";"Yellow"
"ENCREC_003";"34";"3421";"Trysil";"2021";400589.21;400067.8;"Yellow";"Yellow"
"ENCREC_003";"34";"3421";"Trysil";"2022";400706.32;399876.33;"Yellow";"Yellow"
"ENCREC_003";"34";"3421";"Trysil";"2023";400836.3;399814.84;"Yellow";"Yellow"
"ENCREC_003";"34";"3421";"Trysil";"2024";400812.85;399729.9;"Orange";"Yellow"
"ENCREC_003";"34";"3421";"Trysil";"Endring 2018-2024";NA;-1007.98000000004;"NA";"Yellow"
"ENCREC_003";"34";"3422";"Åmot";"2018";509488.37;509488.37;"Yellow";"Yellow"
"ENCREC_003";"34";"3422";"Åmot";"2019";509408.42;509371.36;"Yellow";"Yellow"
"ENCREC_003";"34";"3422";"Åmot";"2020";509320.3;509166.23;"Yellow";"Yellow"
"ENCREC_003";"34";"3422";"Åmot";"2021";509291.72;508932.52;"Yellow";"Yellow"
"ENCREC_003";"34";"3422";"Åmot";"2022";509431.94;508839.03;"Yellow";"Yellow"
"ENCREC_003";"34";"3422";"Åmot";"2023";509464.61;508778.21;"Yellow";"Yellow"
"ENCREC_003";"34";"3422";"Åmot";"2024";509444.32;508697.1;"Orange";"Yellow"
"ENCREC_003";"34";"3422";"Åmot";"Endring 2018-2024";NA;-791.270000000019;"NA";"Yellow"
"ENCREC_003";"34";"3423";"Stor-Elvdal";"2018";2164501.46;2164501.46;"Yellow";"Yellow"
"ENCREC_003";"34";"3423";"Stor-Elvdal";"2019";2164471.85;2164435.13;"Yellow";"Yellow"
"ENCREC_003";"34";"3423";"Stor-Elvdal";"2020";2164451.26;2164348.21;"Yellow";"Yellow"
"ENCREC_003";"34";"3423";"Stor-Elvdal";"2021";2164363.34;2164173.37;"Yellow";"Yellow"
"ENCREC_003";"34";"3423";"Stor-Elvdal";"2022";2164445.5;2164080.69;"Yellow";"Yellow"
"ENCREC_003";"34";"3423";"Stor-Elvdal";"2023";2164497.62;2164040.13;"Yellow";"Yellow"
"ENCREC_003";"34";"3423";"Stor-Elvdal";"2024";2164458.41;2163960.36;"Yellow";"Yellow"
"ENCREC_003";"34";"3423";"Stor-Elvdal";"Endring 2018-2024";NA;-541.099999999627;"NA";"Yellow"
"ENCREC_003";"34";"3424";"Rendalen";"2018";3175171.14;3175171.14;"Yellow";"Yellow"
"ENCREC_003";"34";"3424";"Rendalen";"2019";3175116.86;3175108.05;"Yellow";"Yellow"
"ENCREC_003";"34";"3424";"Rendalen";"2020";3175101.4;3175029.5;"Yellow";"Yellow"
"ENCREC_003";"34";"3424";"Rendalen";"2021";3175002.33;3174851.88;"Yellow";"Yellow"
"ENCREC_003";"34";"3424";"Rendalen";"2022";3175153.27;3174825.2;"Yellow";"Yellow"
"ENCREC_003";"34";"3424";"Rendalen";"2023";3175140.65;3174785.9;"Yellow";"Yellow"
"ENCREC_003";"34";"3424";"Rendalen";"2024";3175160.23;3174766.18;"Orange";"Yellow"
"ENCREC_003";"34";"3424";"Rendalen";"Endring 2018-2024";NA;-404.959999999963;"NA";"Yellow"
"ENCREC_003";"34";"3425";"Engerdal";"2018";2193830.98;2193830.98;"Yellow";"Yellow"
"ENCREC_003";"34";"3425";"Engerdal";"2019";2193820.02;2193795.79;"Yellow";"Yellow"
"ENCREC_003";"34";"3425";"Engerdal";"2020";2193768.97;2193709.55;"Yellow";"Yellow"
"ENCREC_003";"34";"3425";"Engerdal";"2021";2193768.29;2193622.63;"Yellow";"Yellow"
"ENCREC_003";"34";"3425";"Engerdal";"2022";2193791.21;2193558.63;"Yellow";"Yellow"
"ENCREC_003";"34";"3425";"Engerdal";"2023";2193845.71;2193549.13;"Yellow";"Yellow"
"ENCREC_003";"34";"3425";"Engerdal";"2024";2193776.26;2193470.18;"Yellow";"Yellow"
"ENCREC_003";"34";"3425";"Engerdal";"Endring 2018-2024";NA;-360.799999999814;"NA";"Yellow"
"ENCREC_003";"34";"3426";"Tolga";"2018";1122008.92;1122008.92;"Yellow";"Yellow"
"ENCREC_003";"34";"3426";"Tolga";"2019";1121906.66;1121889.26;"Yellow";"Yellow"
"ENCREC_003";"34";"3426";"Tolga";"2020";1121973.92;1121836.86;"Yellow";"Yellow"
"ENCREC_003";"34";"3426";"Tolga";"2021";1121936.65;1121747.19;"Yellow";"Yellow"
"ENCREC_003";"34";"3426";"Tolga";"2022";1121952.76;1121673.63;"Yellow";"Yellow"
"ENCREC_003";"34";"3426";"Tolga";"2023";1121966.15;1121613.46;"Green";"Yellow"
"ENCREC_003";"34";"3426";"Tolga";"2024";1122011.96;1121599.1;"Yellow";"Yellow"
"ENCREC_003";"34";"3426";"Tolga";"Endring 2018-2024";NA;-409.820000000065;"NA";"Yellow"
"ENCREC_003";"34";"3427";"Tynset";"2018";1873126.5;1873126.5;"Yellow";"Yellow"
"ENCREC_003";"34";"3427";"Tynset";"2019";1873103.03;1873068.52;"Yellow";"Yellow"
"ENCREC_003";"34";"3427";"Tynset";"2020";1873078.97;1872986.48;"Yellow";"Yellow"
"ENCREC_003";"34";"3427";"Tynset";"2021";1872996.08;1872821.55;"Yellow";"Yellow"
"ENCREC_003";"34";"3427";"Tynset";"2022";1872983.44;1872643.98;"Yellow";"Yellow"
"ENCREC_003";"34";"3427";"Tynset";"2023";1872771.16;1872254.13;"Green";"Yellow"
"ENCREC_003";"34";"3427";"Tynset";"2024";1873047.21;1872140.33;"Yellow";"Yellow"
"ENCREC_003";"34";"3427";"Tynset";"Endring 2018-2024";NA;-986.169999999925;"NA";"Yellow"
"ENCREC_003";"34";"3428";"Alvdal";"2018";941326.11;941326.11;"Yellow";"Yellow"
"ENCREC_003";"34";"3428";"Alvdal";"2019";941254.31;941193.64;"Yellow";"Yellow"
"ENCREC_003";"34";"3428";"Alvdal";"2020";941201.58;941008.44;"Yellow";"Yellow"
"ENCREC_003";"34";"3428";"Alvdal";"2021";941018.45;940640.11;"Yellow";"Yellow"
"ENCREC_003";"34";"3428";"Alvdal";"2022";941083.14;940336.47;"Yellow";"Yellow"
"ENCREC_003";"34";"3428";"Alvdal";"2023";941262.87;940212.56;"Green";"Yellow"
"ENCREC_003";"34";"3428";"Alvdal";"2024";941350.02;940175.8;"Yellow";"Yellow"
"ENCREC_003";"34";"3428";"Alvdal";"Endring 2018-2024";NA;-1150.30999999994;"NA";"Yellow"
"ENCREC_003";"34";"3429";"Folldal";"2018";1275884.21;1275884.21;"Yellow";"Yellow"
"ENCREC_003";"34";"3429";"Folldal";"2019";1275876.47;1275867.57;"Yellow";"Yellow"
"ENCREC_003";"34";"3429";"Folldal";"2020";1275866.94;1275841.4;"Yellow";"Yellow"
"ENCREC_003";"34";"3429";"Folldal";"2021";1275835.78;1275784.07;"Yellow";"Yellow"
"ENCREC_003";"34";"3429";"Folldal";"2022";1275861.59;1275752.55;"Yellow";"Yellow"
"ENCREC_003";"34";"3429";"Folldal";"2023";1275875.57;1275735.01;"Yellow";"Yellow"
"ENCREC_003";"34";"3429";"Folldal";"2024";1275874.69;1275716.59;"Orange";"Yellow"
"ENCREC_003";"34";"3429";"Folldal";"Endring 2018-2024";NA;-167.620000000112;"NA";"Yellow"
"ENCREC_003";"34";"3433";"Skjåk";"2018";26499.2;26499.2;"Yellow";"Yellow"
"ENCREC_003";"34";"3433";"Skjåk";"2019";26498.77;26498.68;"Yellow";"Yellow"
"ENCREC_003";"34";"3433";"Skjåk";"2020";26496.32;26495.71;"Yellow";"Yellow"
"ENCREC_003";"34";"3433";"Skjåk";"2021";26494.01;26490.43;"Yellow";"Yellow"
"ENCREC_003";"34";"3433";"Skjåk";"2022";26498.54;26489.68;"Orange";"Yellow"
"ENCREC_003";"34";"3433";"Skjåk";"2023";26494.76;26485.15;"Yellow";"Yellow"
"ENCREC_003";"34";"3433";"Skjåk";"2024";26499.18;26485.04;"Orange";"Yellow"
"ENCREC_003";"34";"3433";"Skjåk";"Endring 2018-2024";NA;-14.1599999999999;"NA";"Yellow"
"ENCREC_003";"34";"3435";"Vågå";"2018";1328933.14;1328933.14;"Yellow";"Yellow"
"ENCREC_003";"34";"3435";"Vågå";"2019";1328886.64;1328881.2;"Yellow";"Yellow"
"ENCREC_003";"34";"3435";"Vågå";"2020";1328904.49;1328847.11;"Yellow";"Yellow"
"ENCREC_003";"34";"3435";"Vågå";"2021";1328873.29;1328781.82;"Yellow";"Yellow"
"ENCREC_003";"34";"3435";"Vågå";"2022";1328843.3;1328686.54;"Yellow";"Yellow"
"ENCREC_003";"34";"3435";"Vågå";"2023";1328872.9;1328620.86;"Green";"Yellow"
"ENCREC_003";"34";"3435";"Vågå";"2024";1328904.9;1328587.18;"Yellow";"Yellow"
"ENCREC_003";"34";"3435";"Vågå";"Endring 2018-2024";NA;-345.959999999963;"NA";"Yellow"
"ENCREC_003";"34";"3437";"Sel";"2018";903863.97;903863.97;"Yellow";"Yellow"
"ENCREC_003";"34";"3437";"Sel";"2019";903870.23;903826.67;"Yellow";"Yellow"
"ENCREC_003";"34";"3437";"Sel";"2020";903761.21;903680.35;"Yellow";"Yellow"
"ENCREC_003";"34";"3437";"Sel";"2021";903813.71;903586.53;"Yellow";"Yellow"
"ENCREC_003";"34";"3437";"Sel";"2022";903827.74;903506.74;"Yellow";"Yellow"
"ENCREC_003";"34";"3437";"Sel";"2023";903851.28;903450.49;"Green";"Yellow"
"ENCREC_003";"34";"3437";"Sel";"2024";903843.92;903386.88;"Yellow";"Yellow"
"ENCREC_003";"34";"3437";"Sel";"Endring 2018-2024";NA;-477.089999999967;"NA";"Yellow"
"ENCREC_003";"34";"3440";"Øyer";"2018";555340.08;555340.08;"Yellow";"Yellow"
"ENCREC_003";"34";"3440";"Øyer";"2019";555390.45;555316.21;"Yellow";"Yellow"
"ENCREC_003";"34";"3440";"Øyer";"2020";555393.61;555295.5;"Yellow";"Yellow"
"ENCREC_003";"34";"3440";"Øyer";"2021";555338.62;555219.8;"Yellow";"Yellow"
"ENCREC_003";"34";"3440";"Øyer";"2022";555362.88;555168.36;"Yellow";"Yellow"
"ENCREC_003";"34";"3440";"Øyer";"2023";555169.74;554923.78;"Yellow";"Yellow"
"ENCREC_003";"34";"3440";"Øyer";"2024";555374.61;554884.07;"Orange";"Yellow"
"ENCREC_003";"34";"3440";"Øyer";"Endring 2018-2024";NA;-456.010000000009;"NA";"Yellow"
"ENCREC_003";"34";"3441";"Gausdal";"2018";1189978.07;1189978.07;"Yellow";"Yellow"
"ENCREC_003";"34";"3441";"Gausdal";"2019";1189998.56;1189762.49;"Yellow";"Yellow"
"ENCREC_003";"34";"3441";"Gausdal";"2020";1189819.23;1189367.58;"Yellow";"Yellow"
"ENCREC_003";"34";"3441";"Gausdal";"2021";1189580.25;1188733.69;"Yellow";"Yellow"
"ENCREC_003";"34";"3441";"Gausdal";"2022";1189929.21;1188448.76;"Yellow";"Yellow"
"ENCREC_003";"34";"3441";"Gausdal";"2023";1189679.21;1187913.83;"Yellow";"Yellow"
"ENCREC_003";"34";"3441";"Gausdal";"2024";1189946.04;1187645.73;"Orange";"Yellow"
"ENCREC_003";"34";"3441";"Gausdal";"Endring 2018-2024";NA;-2332.33999999985;"NA";"Yellow"
"ENCREC_003";"34";"3442";"Østre Toten";"2018";303321.64;303321.64;"Yellow";"Yellow"
"ENCREC_003";"34";"3442";"Østre Toten";"2019";303296.91;303269.97;"Yellow";"Yellow"
"ENCREC_003";"34";"3442";"Østre Toten";"2020";303303.04;303224.43;"Yellow";"Yellow"
"ENCREC_003";"34";"3442";"Østre Toten";"2021";303277.91;303153.76;"Yellow";"Yellow"
"ENCREC_003";"34";"3442";"Østre Toten";"2022";303279.05;303084.23;"Yellow";"Yellow"
"ENCREC_003";"34";"3442";"Østre Toten";"2023";303334.79;303070.44;"Yellow";"Yellow"
"ENCREC_003";"34";"3442";"Østre Toten";"2024";303316.88;303038.74;"Orange";"Yellow"
"ENCREC_003";"34";"3442";"Østre Toten";"Endring 2018-2024";NA;-282.900000000023;"NA";"Yellow"
"ENCREC_003";"34";"3450";"Etnedal";"2018";458760.94;458760.94;"Yellow";"Yellow"
"ENCREC_003";"34";"3450";"Etnedal";"2019";458715.03;458681.95;"Yellow";"Yellow"
"ENCREC_003";"34";"3450";"Etnedal";"2020";458741.13;458629.06;"Yellow";"Yellow"
"ENCREC_003";"34";"3450";"Etnedal";"2021";458708.76;458543.8;"Yellow";"Yellow"
"ENCREC_003";"34";"3450";"Etnedal";"2022";458626.92;458376.7;"Yellow";"Yellow"
"ENCREC_003";"34";"3450";"Etnedal";"2023";458712.37;458295.05;"Green";"Yellow"
"ENCREC_003";"34";"3450";"Etnedal";"2024";458736.97;458238;"Yellow";"Yellow"
"ENCREC_003";"34";"3450";"Etnedal";"Endring 2018-2024";NA;-522.940000000002;"NA";"Yellow"
"ENCREC_003";"34";"3451";"Nord-Aurdal";"2018";587724.84;587724.84;"Yellow";"Yellow"
"ENCREC_003";"34";"3451";"Nord-Aurdal";"2019";587750.88;587710.87;"Yellow";"Yellow"
"ENCREC_003";"34";"3451";"Nord-Aurdal";"2020";587632.15;587578.17;"Yellow";"Yellow"
"ENCREC_003";"34";"3451";"Nord-Aurdal";"2021";587616.46;587429.78;"Yellow";"Yellow"
"ENCREC_003";"34";"3451";"Nord-Aurdal";"2022";587649.97;587314.9;"Yellow";"Yellow"
"ENCREC_003";"34";"3451";"Nord-Aurdal";"2023";587685.16;587235.21;"Yellow";"Yellow"
"ENCREC_003";"34";"3451";"Nord-Aurdal";"2024";587681.58;587151.94;"Yellow";"Yellow"
"ENCREC_003";"34";"3451";"Nord-Aurdal";"Endring 2018-2024";NA;-572.900000000023;"NA";"Yellow"
"ENCREC_003";"34";"3454";"Vang";"2018";842578.57;842578.57;"Yellow";"Yellow"
"ENCREC_003";"34";"3454";"Vang";"2019";842576.43;842571.93;"Yellow";"Yellow"
"ENCREC_003";"34";"3454";"Vang";"2020";842565.64;842554.5;"Yellow";"Yellow"
"ENCREC_003";"34";"3454";"Vang";"2021";842513.83;842485.26;"Yellow";"Yellow"
"ENCREC_003";"34";"3454";"Vang";"2022";842561.85;842464.04;"Yellow";"Yellow"
"ENCREC_003";"34";"3454";"Vang";"2023";842575.89;842456.86;"Yellow";"Yellow"
"ENCREC_003";"34";"3454";"Vang";"2024";842566.82;842440.61;"Orange";"Yellow"
"ENCREC_003";"34";"3454";"Vang";"Endring 2018-2024";NA;-137.959999999963;"NA";"Yellow"
"ENCREC_003";"39";"3901";"Horten";"2018";13191.63;13191.63;"Yellow";"Yellow"
"ENCREC_003";"39";"3901";"Horten";"2019";13190.04;13182.59;"Yellow";"Yellow"
"ENCREC_003";"39";"3901";"Horten";"2020";13192.99;13176.5;"Yellow";"Yellow"
"ENCREC_003";"39";"3901";"Horten";"2021";13142.43;13119.85;"Yellow";"Yellow"
"ENCREC_003";"39";"3901";"Horten";"2022";13167.52;13088.29;"Yellow";"Yellow"
"ENCREC_003";"39";"3901";"Horten";"2023";13151.42;13040.63;"Yellow";"Yellow"
"ENCREC_003";"39";"3901";"Horten";"2024";13197.55;13039.1;"Orange";"Yellow"
"ENCREC_003";"39";"3901";"Horten";"Endring 2018-2024";NA;-152.529999999999;"NA";"Yellow"
"ENCREC_003";"39";"3903";"Holmestrand";"2018";114881.33;114881.33;"Yellow";"Yellow"
"ENCREC_003";"39";"3903";"Holmestrand";"2019";114886.2;114875.85;"Yellow";"Yellow"
"ENCREC_003";"39";"3903";"Holmestrand";"2020";114866.45;114850.62;"Yellow";"Yellow"
"ENCREC_003";"39";"3903";"Holmestrand";"2021";114812.94;114771.88;"Yellow";"Yellow"
"ENCREC_003";"39";"3903";"Holmestrand";"2022";114836.48;114716.68;"Yellow";"Yellow"
"ENCREC_003";"39";"3903";"Holmestrand";"2023";114849.88;114674.88;"Green";"Yellow"
"ENCREC_003";"39";"3903";"Holmestrand";"2024";114871.87;114655.07;"Yellow";"Yellow"
"ENCREC_003";"39";"3903";"Holmestrand";"Endring 2018-2024";NA;-226.259999999995;"NA";"Yellow"
"ENCREC_003";"39";"3905";"Tønsberg";"2018";149934.86;149934.86;"Yellow";"Yellow"
"ENCREC_003";"39";"3905";"Tønsberg";"2019";149786.28;149694.44;"Yellow";"Yellow"
"ENCREC_003";"39";"3905";"Tønsberg";"2020";149797.26;149465;"Yellow";"Yellow"
"ENCREC_003";"39";"3905";"Tønsberg";"2021";149745.97;149184.27;"Yellow";"Yellow"
"ENCREC_003";"39";"3905";"Tønsberg";"2022";149796.2;148953.77;"Yellow";"Yellow"
"ENCREC_003";"39";"3905";"Tønsberg";"2023";149780.78;148707.85;"Yellow";"Yellow"
"ENCREC_003";"39";"3905";"Tønsberg";"2024";149969.71;148650.86;"Yellow";"Yellow"
"ENCREC_003";"39";"3905";"Tønsberg";"Endring 2018-2024";NA;-1284;"NA";"Yellow"
"ENCREC_003";"39";"3907";"Sandefjord";"2018";183406.45;183406.45;"Yellow";"Yellow"
"ENCREC_003";"39";"3907";"Sandefjord";"2019";183375.51;183306.91;"Yellow";"Yellow"
"ENCREC_003";"39";"3907";"Sandefjord";"2020";183269.05;183100.91;"Yellow";"Yellow"
"ENCREC_003";"39";"3907";"Sandefjord";"2021";183307.79;182933.65;"Yellow";"Yellow"
"ENCREC_003";"39";"3907";"Sandefjord";"2022";183217.79;182676.39;"Yellow";"Yellow"
"ENCREC_003";"39";"3907";"Sandefjord";"2023";183332.25;182533.59;"Yellow";"Yellow"
"ENCREC_003";"39";"3907";"Sandefjord";"2024";183442.95;182501.49;"Yellow";"Yellow"
"ENCREC_003";"39";"3907";"Sandefjord";"Endring 2018-2024";NA;-904.959999999992;"NA";"Yellow"
"ENCREC_003";"39";"3909";"Larvik";"2018";482330.14;482330.14;"Yellow";"Yellow"
"ENCREC_003";"39";"3909";"Larvik";"2019";482332.85;482214.1;"Yellow";"Yellow"
"ENCREC_003";"39";"3909";"Larvik";"2020";482204.22;481969.43;"Yellow";"Yellow"
"ENCREC_003";"39";"3909";"Larvik";"2021";482161.27;481681.81;"Yellow";"Yellow"
"ENCREC_003";"39";"3909";"Larvik";"2022";482258.88;481491.8;"Yellow";"Yellow"
"ENCREC_003";"39";"3909";"Larvik";"2023";482326.62;481369.53;"Yellow";"Yellow"
"ENCREC_003";"39";"3909";"Larvik";"2024";482372.03;481292.67;"Yellow";"Yellow"
"ENCREC_003";"39";"3909";"Larvik";"Endring 2018-2024";NA;-1037.46999999997;"NA";"Yellow"
"ENCREC_003";"39";"3911";"Færder";"2018";48317.63;48317.63;"Yellow";"Yellow"
"ENCREC_003";"39";"3911";"Færder";"2019";48318.95;48301.01;"Yellow";"Yellow"
"ENCREC_003";"39";"3911";"Færder";"2020";48255.54;48220.98;"Yellow";"Yellow"
"ENCREC_003";"39";"3911";"Færder";"2021";48312.35;48197.76;"Yellow";"Yellow"
"ENCREC_003";"39";"3911";"Færder";"2022";48266.85;48129.04;"Yellow";"Yellow"
"ENCREC_003";"39";"3911";"Færder";"2023";48304.42;48097.89;"Green";"Yellow"
"ENCREC_003";"39";"3911";"Færder";"2024";48328.42;48090.74;"Yellow";"Yellow"
"ENCREC_003";"39";"3911";"Færder";"Endring 2018-2024";NA;-226.889999999999;"NA";"Yellow"
"ENCREC_003";"40";"4003";"Skien";"2018";459208.51;459208.51;"Yellow";"Yellow"
"ENCREC_003";"40";"4003";"Skien";"2019";459222.23;459158.68;"Yellow";"Yellow"
"ENCREC_003";"40";"4003";"Skien";"2020";459114.49;459001.11;"Yellow";"Yellow"
"ENCREC_003";"40";"4003";"Skien";"2021";459154.16;458883.21;"Yellow";"Yellow"
"ENCREC_003";"40";"4003";"Skien";"2022";459127.17;458738.32;"Yellow";"Yellow"
"ENCREC_003";"40";"4003";"Skien";"2023";459118.53;458584.79;"Green";"Yellow"
"ENCREC_003";"40";"4003";"Skien";"2024";458650.16;457962.89;"Yellow";"Yellow"
"ENCREC_003";"40";"4003";"Skien";"Endring 2018-2024";NA;-1245.62;"NA";"Yellow"
"ENCREC_003";"40";"4010";"Siljan";"2018";121781.69;121781.69;"Yellow";"Yellow"
"ENCREC_003";"40";"4010";"Siljan";"2019";121778.93;121778.82;"Yellow";"Yellow"
"ENCREC_003";"40";"4010";"Siljan";"2020";121716.46;121713.48;"Yellow";"Yellow"
"ENCREC_003";"40";"4010";"Siljan";"2021";121773.62;121705.3;"Yellow";"Yellow"
"ENCREC_003";"40";"4010";"Siljan";"2022";121759.4;121682.9;"Yellow";"Yellow"
"ENCREC_003";"40";"4010";"Siljan";"2023";121780.98;121682.08;"Yellow";"Yellow"
"ENCREC_003";"40";"4010";"Siljan";"2024";121780.93;121681.21;"Yellow";"Yellow"
"ENCREC_003";"40";"4010";"Siljan";"Endring 2018-2024";NA;-100.479999999996;"NA";"Yellow"
"ENCREC_003";"40";"4012";"Bamble";"2018";213145.54;213145.54;"Yellow";"Yellow"
"ENCREC_003";"40";"4012";"Bamble";"2019";213167.65;213103.49;"Yellow";"Yellow"
"ENCREC_003";"40";"4012";"Bamble";"2020";213141;213034.79;"Yellow";"Yellow"
"ENCREC_003";"40";"4012";"Bamble";"2021";213144.4;212969.49;"Yellow";"Yellow"
"ENCREC_003";"40";"4012";"Bamble";"2022";213144.01;212903.8;"Yellow";"Yellow"
"ENCREC_003";"40";"4012";"Bamble";"2023";213188.29;212882.39;"Green";"Yellow"
"ENCREC_003";"40";"4012";"Bamble";"2024";213150.22;212822.91;"Yellow";"Yellow"
"ENCREC_003";"40";"4012";"Bamble";"Endring 2018-2024";NA;-322.630000000005;"NA";"Yellow"
"ENCREC_003";"40";"4014";"Kragerø";"2018";52933.81;52933.81;"Yellow";"Yellow"
"ENCREC_003";"40";"4014";"Kragerø";"2019";52937.18;52932.6;"Yellow";"Yellow"
"ENCREC_003";"40";"4014";"Kragerø";"2020";52902.21;52896.42;"Yellow";"Yellow"
"ENCREC_003";"40";"4014";"Kragerø";"2021";52924.99;52883.02;"Yellow";"Yellow"
"ENCREC_003";"40";"4014";"Kragerø";"2022";52923.86;52868.49;"Yellow";"Yellow"
"ENCREC_003";"40";"4014";"Kragerø";"2023";52882.38;52812.48;"Green";"Yellow"
"ENCREC_003";"40";"4014";"Kragerø";"2024";52923.45;52797.54;"Yellow";"Yellow"
"ENCREC_003";"40";"4014";"Kragerø";"Endring 2018-2024";NA;-136.269999999997;"NA";"Yellow"
"ENCREC_003";"40";"4016";"Drangedal";"2018";72254.63;72254.63;"Yellow";"Yellow"
"ENCREC_003";"40";"4016";"Drangedal";"2019";72254.63;72254.11;"Yellow";"Yellow"
"ENCREC_003";"40";"4016";"Drangedal";"2020";72233.89;72232.85;"Yellow";"Yellow"
"ENCREC_003";"40";"4016";"Drangedal";"2021";72243.78;72221.48;"Yellow";"Yellow"
"ENCREC_003";"40";"4016";"Drangedal";"2022";72236.72;72203.05;"Yellow";"Yellow"
"ENCREC_003";"40";"4016";"Drangedal";"2023";72249.14;72197.04;"Yellow";"Yellow"
"ENCREC_003";"40";"4016";"Drangedal";"2024";72251.53;72193.42;"Yellow";"Yellow"
"ENCREC_003";"40";"4016";"Drangedal";"Endring 2018-2024";NA;-61.2099999999919;"NA";"Yellow"
"ENCREC_003";"40";"4020";"Midt-Telemark";"2018";268568.91;268568.91;"Yellow";"Yellow"
"ENCREC_003";"40";"4020";"Midt-Telemark";"2019";268551.84;268548.88;"Yellow";"Yellow"
"ENCREC_003";"40";"4020";"Midt-Telemark";"2020";268552.54;268529.55;"Yellow";"Yellow"
"ENCREC_003";"40";"4020";"Midt-Telemark";"2021";268552.36;268510.04;"Yellow";"Yellow"
"ENCREC_003";"40";"4020";"Midt-Telemark";"2022";268539.09;268477.26;"Yellow";"Yellow"
"ENCREC_003";"40";"4020";"Midt-Telemark";"2023";268547.54;268452.93;"Green";"Yellow"
"ENCREC_003";"40";"4020";"Midt-Telemark";"2024";268565.57;268446.63;"Yellow";"Yellow"
"ENCREC_003";"40";"4020";"Midt-Telemark";"Endring 2018-2024";NA;-122.27999999997;"NA";"Yellow"
"ENCREC_003";"40";"4036";"Vinje";"2018";301684.47;301684.47;"Yellow";"Yellow"
"ENCREC_003";"40";"4036";"Vinje";"2019";301636.57;301593.95;"Yellow";"Yellow"
"ENCREC_003";"40";"4036";"Vinje";"2020";301669.1;301535.96;"Yellow";"Yellow"
"ENCREC_003";"40";"4036";"Vinje";"2021";301651.86;301460.73;"Yellow";"Yellow"
"ENCREC_003";"40";"4036";"Vinje";"2022";301694.82;301428.46;"Orange";"Yellow"
"ENCREC_003";"40";"4036";"Vinje";"2023";301692.9;301394.27;"Yellow";"Yellow"
"ENCREC_003";"40";"4036";"Vinje";"2024";301561.82;301229;"Orange";"Yellow"
"ENCREC_003";"40";"4036";"Vinje";"Endring 2018-2024";NA;-455.47000000003;"NA";"Yellow"
"ENCREC_003";"42";"4201";"Risør";"2018";44504.63;44504.63;"Yellow";"Yellow"
"ENCREC_003";"42";"4201";"Risør";"2019";44470.3;44464.21;"Yellow";"Yellow"
"ENCREC_003";"42";"4201";"Risør";"2020";44484.16;44437.65;"Yellow";"Yellow"
"ENCREC_003";"42";"4201";"Risør";"2021";44498.97;44425.9;"Yellow";"Yellow"
"ENCREC_003";"42";"4201";"Risør";"2022";44506.19;44421.37;"Yellow";"Yellow"
"ENCREC_003";"42";"4201";"Risør";"2023";44498.57;44409.22;"Yellow";"Yellow"
"ENCREC_003";"42";"4201";"Risør";"2024";44510.72;44409.22;"Yellow";"Yellow"
"ENCREC_003";"42";"4201";"Risør";"Endring 2018-2024";NA;-95.4100000000035;"NA";"Yellow"
"ENCREC_003";"42";"4202";"Grimstad";"2018";66418.65;66418.65;"Yellow";"Yellow"
"ENCREC_003";"42";"4202";"Grimstad";"2019";66415.45;66409.24;"Yellow";"Yellow"
"ENCREC_003";"42";"4202";"Grimstad";"2020";66417.99;66402.37;"Yellow";"Yellow"
"ENCREC_003";"42";"4202";"Grimstad";"2021";66390.5;66368.01;"Yellow";"Yellow"
"ENCREC_003";"42";"4202";"Grimstad";"2022";66389.98;66333.13;"Yellow";"Yellow"
"ENCREC_003";"42";"4202";"Grimstad";"2023";66388.75;66297.02;"Green";"Yellow"
"ENCREC_003";"42";"4202";"Grimstad";"2024";66398.67;66270.83;"Yellow";"Yellow"
"ENCREC_003";"42";"4202";"Grimstad";"Endring 2018-2024";NA;-147.819999999992;"NA";"Yellow"
"ENCREC_003";"42";"4203";"Arendal";"2018";143422.96;143422.96;"Yellow";"Yellow"
"ENCREC_003";"42";"4203";"Arendal";"2019";143451.75;143316.91;"Yellow";"Yellow"
"ENCREC_003";"42";"4203";"Arendal";"2020";143422.1;143181.21;"Yellow";"Yellow"
"ENCREC_003";"42";"4203";"Arendal";"2021";143388.21;143011.62;"Yellow";"Yellow"
"ENCREC_003";"42";"4203";"Arendal";"2022";143248.06;142701.88;"Yellow";"Yellow"
"ENCREC_003";"42";"4203";"Arendal";"2023";143498.05;142642.13;"Yellow";"Yellow"
"ENCREC_003";"42";"4203";"Arendal";"2024";143513.89;142598.22;"Orange";"Yellow"
"ENCREC_003";"42";"4203";"Arendal";"Endring 2018-2024";NA;-824.739999999991;"NA";"Yellow"
"ENCREC_003";"42";"4204";"Kristiansand";"2018";27474.13;27474.13;"Yellow";"Yellow"
"ENCREC_003";"42";"4204";"Kristiansand";"2019";27354.8;27353.39;"Yellow";"Yellow"
"ENCREC_003";"42";"4204";"Kristiansand";"2020";27340.26;27218.11;"Yellow";"Yellow"
"ENCREC_003";"42";"4204";"Kristiansand";"2021";27403.26;27145.83;"Yellow";"Yellow"
"ENCREC_003";"42";"4204";"Kristiansand";"2022";27455.68;27125.97;"Yellow";"Yellow"
"ENCREC_003";"42";"4204";"Kristiansand";"2023";27465.82;27116.25;"Yellow";"Yellow"
"ENCREC_003";"42";"4204";"Kristiansand";"2024";27466.82;27107.53;"Orange";"Yellow"
"ENCREC_003";"42";"4204";"Kristiansand";"Endring 2018-2024";NA;-366.599999999999;"NA";"Yellow"
"ENCREC_003";"42";"4205";"Lindesnes";"2018";235541.24;235541.24;"Yellow";"Yellow"
"ENCREC_003";"42";"4205";"Lindesnes";"2019";235520.17;235494.91;"Yellow";"Yellow"
"ENCREC_003";"42";"4205";"Lindesnes";"2020";235425;235353.41;"Yellow";"Yellow"
"ENCREC_003";"42";"4205";"Lindesnes";"2021";235518.73;235305.64;"Yellow";"Yellow"
"ENCREC_003";"42";"4205";"Lindesnes";"2022";235516.44;235255.58;"Yellow";"Yellow"
"ENCREC_003";"42";"4205";"Lindesnes";"2023";235516.11;235205.19;"Yellow";"Yellow"
"ENCREC_003";"42";"4205";"Lindesnes";"2024";235557.98;235196.67;"Yellow";"Yellow"
"ENCREC_003";"42";"4205";"Lindesnes";"Endring 2018-2024";NA;-344.569999999978;"NA";"Yellow"
"ENCREC_003";"42";"4206";"Farsund";"2018";39268.01;39268.01;"Yellow";"Yellow"
"ENCREC_003";"42";"4206";"Farsund";"2019";39267.55;39267.55;"Yellow";"Yellow"
"ENCREC_003";"42";"4206";"Farsund";"2020";39266.23;39265.77;"Yellow";"Yellow"
"ENCREC_003";"42";"4206";"Farsund";"2021";39256.1;39253.86;"Yellow";"Yellow"
"ENCREC_003";"42";"4206";"Farsund";"2022";39242.27;39228.12;"Yellow";"Yellow"
"ENCREC_003";"42";"4206";"Farsund";"2023";39258.94;39219.05;"Yellow";"Yellow"
"ENCREC_003";"42";"4206";"Farsund";"2024";39264.52;39215.56;"Yellow";"Yellow"
"ENCREC_003";"42";"4206";"Farsund";"Endring 2018-2024";NA;-52.4499999999971;"NA";"Yellow"
"ENCREC_003";"42";"4207";"Flekkefjord";"2018";96969.56;96969.56;"Yellow";"Yellow"
"ENCREC_003";"42";"4207";"Flekkefjord";"2019";96971.51;96969.3;"Yellow";"Yellow"
"ENCREC_003";"42";"4207";"Flekkefjord";"2020";96969.96;96967.49;"Yellow";"Yellow"
"ENCREC_003";"42";"4207";"Flekkefjord";"2021";96969.75;96965.47;"Yellow";"Yellow"
"ENCREC_003";"42";"4207";"Flekkefjord";"2022";96969.99;96963.69;"Yellow";"Yellow"
"ENCREC_003";"42";"4207";"Flekkefjord";"2023";96967.59;96959.51;"Yellow";"Yellow"
"ENCREC_003";"42";"4207";"Flekkefjord";"2024";96971.77;96959.51;"Yellow";"Yellow"
"ENCREC_003";"42";"4207";"Flekkefjord";"Endring 2018-2024";NA;-10.0499999999884;"NA";"Yellow"
"ENCREC_003";"42";"4211";"Gjerstad";"2018";146493.91;146493.91;"Yellow";"Yellow"
"ENCREC_003";"42";"4211";"Gjerstad";"2019";146500.33;146493.77;"Yellow";"Yellow"
"ENCREC_003";"42";"4211";"Gjerstad";"2020";146494.07;146487.37;"Yellow";"Yellow"
"ENCREC_003";"42";"4211";"Gjerstad";"2021";146498.18;146485.08;"Yellow";"Yellow"
"ENCREC_003";"42";"4211";"Gjerstad";"2022";146472.17;146456.78;"Yellow";"Yellow"
"ENCREC_003";"42";"4211";"Gjerstad";"2023";146496.28;146452.59;"Yellow";"Yellow"
"ENCREC_003";"42";"4211";"Gjerstad";"2024";146484.01;146436.13;"Yellow";"Yellow"
"ENCREC_003";"42";"4211";"Gjerstad";"Endring 2018-2024";NA;-57.7799999999988;"NA";"Yellow"
"ENCREC_003";"42";"4212";"Vegårshei";"2018";34599.72;34599.72;"Yellow";"Yellow"
"ENCREC_003";"42";"4212";"Vegårshei";"2019";34609.32;34596.25;"Yellow";"Yellow"
"ENCREC_003";"42";"4212";"Vegårshei";"2020";34598.46;34581.92;"Yellow";"Yellow"
"ENCREC_003";"42";"4212";"Vegårshei";"2021";34585.53;34554.66;"Yellow";"Yellow"
"ENCREC_003";"42";"4212";"Vegårshei";"2022";34589.78;34531.65;"Yellow";"Yellow"
"ENCREC_003";"42";"4212";"Vegårshei";"2023";34593.05;34511.91;"Yellow";"Yellow"
"ENCREC_003";"42";"4212";"Vegårshei";"2024";34612.77;34511.89;"Yellow";"Yellow"
"ENCREC_003";"42";"4212";"Vegårshei";"Endring 2018-2024";NA;-87.8300000000017;"NA";"Yellow"
"ENCREC_003";"42";"4213";"Tvedestrand";"2018";59041.29;59041.29;"Yellow";"Yellow"
"ENCREC_003";"42";"4213";"Tvedestrand";"2019";59072.99;58999.28;"Yellow";"Yellow"
"ENCREC_003";"42";"4213";"Tvedestrand";"2020";59095.04;58979.32;"Yellow";"Yellow"
"ENCREC_003";"42";"4213";"Tvedestrand";"2021";59108.69;58973.01;"Yellow";"Yellow"
"ENCREC_003";"42";"4213";"Tvedestrand";"2022";59102.96;58960.97;"Orange";"Yellow"
"ENCREC_003";"42";"4213";"Tvedestrand";"2023";59097.18;58943.15;"Yellow";"Yellow"
"ENCREC_003";"42";"4213";"Tvedestrand";"2024";59114.78;58942.93;"Orange";"Yellow"
"ENCREC_003";"42";"4213";"Tvedestrand";"Endring 2018-2024";NA;-98.3600000000006;"NA";"Yellow"
"ENCREC_003";"42";"4214";"Froland";"2018";81468.15;81468.15;"Yellow";"Yellow"
"ENCREC_003";"42";"4214";"Froland";"2019";81473.02;81461.38;"Yellow";"Yellow"
"ENCREC_003";"42";"4214";"Froland";"2020";81475.67;81457.26;"Yellow";"Yellow"
"ENCREC_003";"42";"4214";"Froland";"2021";81456.02;81433.49;"Yellow";"Yellow"
"ENCREC_003";"42";"4214";"Froland";"2022";81467.57;81421.27;"Yellow";"Yellow"
"ENCREC_003";"42";"4214";"Froland";"2023";81470.98;81412.46;"Yellow";"Yellow"
"ENCREC_003";"42";"4214";"Froland";"2024";81469.23;81401.9;"Orange";"Yellow"
"ENCREC_003";"42";"4214";"Froland";"Endring 2018-2024";NA;-66.25;"NA";"Yellow"
"ENCREC_003";"42";"4215";"Lillesand";"2018";182743.97;182743.97;"Yellow";"Yellow"
"ENCREC_003";"42";"4215";"Lillesand";"2019";182824.98;182655.93;"Yellow";"Yellow"
"ENCREC_003";"42";"4215";"Lillesand";"2020";182646.82;182389.73;"Yellow";"Yellow"
"ENCREC_003";"42";"4215";"Lillesand";"2021";182778.4;182255.11;"Yellow";"Yellow"
"ENCREC_003";"42";"4215";"Lillesand";"2022";182784.88;182126.97;"Yellow";"Yellow"
"ENCREC_003";"42";"4215";"Lillesand";"2023";182854.57;182068.52;"Yellow";"Yellow"
"ENCREC_003";"42";"4215";"Lillesand";"2024";182838.96;181994.46;"Yellow";"Yellow"
"ENCREC_003";"42";"4215";"Lillesand";"Endring 2018-2024";NA;-749.510000000009;"NA";"Yellow"
"ENCREC_003";"42";"4216";"Birkenes";"2018";654352.4;654352.4;"Yellow";"Yellow"
"ENCREC_003";"42";"4216";"Birkenes";"2019";654289.38;654210.68;"Yellow";"Yellow"
"ENCREC_003";"42";"4216";"Birkenes";"2020";654223.98;654003.56;"Yellow";"Yellow"
"ENCREC_003";"42";"4216";"Birkenes";"2021";654265.01;653837.47;"Yellow";"Yellow"
"ENCREC_003";"42";"4216";"Birkenes";"2022";653989.51;653395.88;"Orange";"Yellow"
"ENCREC_003";"42";"4216";"Birkenes";"2023";654188.54;653153.32;"Yellow";"Yellow"
"ENCREC_003";"42";"4216";"Birkenes";"2024";654272.39;652994.61;"Orange";"Yellow"
"ENCREC_003";"42";"4216";"Birkenes";"Endring 2018-2024";NA;-1357.79000000004;"NA";"Yellow"
"ENCREC_003";"42";"4225";"Lyngdal";"2018";200888.75;200888.75;"Yellow";"Yellow"
"ENCREC_003";"42";"4225";"Lyngdal";"2019";200842.78;200825.74;"Yellow";"Yellow"
"ENCREC_003";"42";"4225";"Lyngdal";"2020";200844.65;200764.6;"Yellow";"Yellow"
"ENCREC_003";"42";"4225";"Lyngdal";"2021";200844.84;200703.65;"Yellow";"Yellow"
"ENCREC_003";"42";"4225";"Lyngdal";"2022";200622.35;200420.21;"Yellow";"Yellow"
"ENCREC_003";"42";"4225";"Lyngdal";"2023";200772.25;200286.67;"Green";"Yellow"
"ENCREC_003";"42";"4225";"Lyngdal";"2024";200866.79;200247.67;"Yellow";"Yellow"
"ENCREC_003";"42";"4225";"Lyngdal";"Endring 2018-2024";NA;-641.079999999987;"NA";"Yellow"
"ENCREC_003";"42";"4227";"Kvinesdal";"2018";81809.75;81809.75;"Yellow";"Yellow"
"ENCREC_003";"42";"4227";"Kvinesdal";"2019";81802.44;81799.86;"Yellow";"Yellow"
"ENCREC_003";"42";"4227";"Kvinesdal";"2020";81766.07;81753.6;"Yellow";"Yellow"
"ENCREC_003";"42";"4227";"Kvinesdal";"2021";81789.79;81731.06;"Yellow";"Yellow"
"ENCREC_003";"42";"4227";"Kvinesdal";"2022";81784.08;81702.81;"Yellow";"Yellow"
"ENCREC_003";"42";"4227";"Kvinesdal";"2023";81805.7;81696.18;"Yellow";"Yellow"
"ENCREC_003";"42";"4227";"Kvinesdal";"2024";81809.33;81693.18;"Orange";"Yellow"
"ENCREC_003";"42";"4227";"Kvinesdal";"Endring 2018-2024";NA;-116.569999999992;"NA";"Yellow"
"ENCREC_003";"46";"4601";"Bergen";"2018";316120.95;316120.95;"Yellow";"Yellow"
"ENCREC_003";"46";"4601";"Bergen";"2019";316128.74;316030.25;"Yellow";"Yellow"
"ENCREC_003";"46";"4601";"Bergen";"2020";316127.93;315938.74;"Yellow";"Yellow"
"ENCREC_003";"46";"4601";"Bergen";"2021";316116.78;315836.08;"Yellow";"Yellow"
"ENCREC_003";"46";"4601";"Bergen";"2022";316097.2;315713.84;"Yellow";"Yellow"
"ENCREC_003";"46";"4601";"Bergen";"2023";316138.29;315632.69;"Yellow";"Yellow"
"ENCREC_003";"46";"4601";"Bergen";"2024";316156.91;315570.16;"Orange";"Yellow"
"ENCREC_003";"46";"4601";"Bergen";"Endring 2018-2024";NA;-550.790000000037;"NA";"Yellow"
"ENCREC_003";"46";"4602";"Kinn";"2018";571704.72;571704.72;"Yellow";"Yellow"
"ENCREC_003";"46";"4602";"Kinn";"2019";571689.14;571679.89;"Yellow";"Yellow"
"ENCREC_003";"46";"4602";"Kinn";"2020";571686.46;571652.38;"Yellow";"Yellow"
"ENCREC_003";"46";"4602";"Kinn";"2021";571684.86;571623.27;"Yellow";"Yellow"
"ENCREC_003";"46";"4602";"Kinn";"2022";571670.27;571579.57;"Yellow";"Yellow"
"ENCREC_003";"46";"4602";"Kinn";"2023";571699.13;571564.73;"Green";"Yellow"
"ENCREC_003";"46";"4602";"Kinn";"2024";571631.95;571482.71;"Yellow";"Yellow"
"ENCREC_003";"46";"4602";"Kinn";"Endring 2018-2024";NA;-222.010000000009;"NA";"Yellow"
"ENCREC_003";"46";"4611";"Etne";"2018";498538.15;498538.15;"Yellow";"Yellow"
"ENCREC_003";"46";"4611";"Etne";"2019";498518.33;498517.6;"Yellow";"Yellow"
"ENCREC_003";"46";"4611";"Etne";"2020";498538.72;498517.44;"Yellow";"Yellow"
"ENCREC_003";"46";"4611";"Etne";"2021";498532.54;498511.1;"Yellow";"Yellow"
"ENCREC_003";"46";"4611";"Etne";"2022";498538.24;498510.46;"Yellow";"Yellow"
"ENCREC_003";"46";"4611";"Etne";"2023";498509.58;498481.16;"Yellow";"Yellow"
"ENCREC_003";"46";"4611";"Etne";"2024";498528.2;498470.48;"Yellow";"Yellow"
"ENCREC_003";"46";"4611";"Etne";"Endring 2018-2024";NA;-67.6700000000419;"NA";"Yellow"
"ENCREC_003";"46";"4612";"Sveio";"2018";81351.23;81351.23;"Yellow";"Yellow"
"ENCREC_003";"46";"4612";"Sveio";"2019";81344.53;81344.2;"Yellow";"Yellow"
"ENCREC_003";"46";"4612";"Sveio";"2020";81323.55;81316.19;"Yellow";"Yellow"
"ENCREC_003";"46";"4612";"Sveio";"2021";81319.84;81284.47;"Yellow";"Yellow"
"ENCREC_003";"46";"4612";"Sveio";"2022";81338.31;81271.22;"Yellow";"Yellow"
"ENCREC_003";"46";"4612";"Sveio";"2023";81325.85;81245.51;"Yellow";"Yellow"
"ENCREC_003";"46";"4612";"Sveio";"2024";81342.47;81236.42;"Yellow";"Yellow"
"ENCREC_003";"46";"4612";"Sveio";"Endring 2018-2024";NA;-114.809999999998;"NA";"Yellow"
"ENCREC_003";"46";"4613";"Bømlo";"2018";63495.04;63495.04;"Yellow";"Yellow"
"ENCREC_003";"46";"4613";"Bømlo";"2019";63480.54;63479.03;"Yellow";"Yellow"
"ENCREC_003";"46";"4613";"Bømlo";"2020";63491.44;63473.92;"Yellow";"Yellow"
"ENCREC_003";"46";"4613";"Bømlo";"2021";63492.75;63470.12;"Yellow";"Yellow"
"ENCREC_003";"46";"4613";"Bømlo";"2022";63491.01;63464.58;"Yellow";"Yellow"
"ENCREC_003";"46";"4613";"Bømlo";"2023";63494.58;63462.61;"Green";"Yellow"
"ENCREC_003";"46";"4613";"Bømlo";"2024";63496.55;63462.61;"Yellow";"Yellow"
"ENCREC_003";"46";"4613";"Bømlo";"Endring 2018-2024";NA;-32.4300000000003;"NA";"Yellow"
"ENCREC_003";"46";"4614";"Stord";"2018";41437.88;41437.88;"Yellow";"Yellow"
"ENCREC_003";"46";"4614";"Stord";"2019";41443.11;41437.78;"Yellow";"Yellow"
"ENCREC_003";"46";"4614";"Stord";"2020";41441.09;41435.66;"Yellow";"Yellow"
"ENCREC_003";"46";"4614";"Stord";"2021";41439.6;41432.05;"Yellow";"Yellow"
"ENCREC_003";"46";"4614";"Stord";"2022";41441.32;41430.16;"Orange";"Yellow"
"ENCREC_003";"46";"4614";"Stord";"2023";41419;41405.95;"Yellow";"Yellow"
"ENCREC_003";"46";"4614";"Stord";"2024";41440.24;41402.98;"Orange";"Yellow"
"ENCREC_003";"46";"4614";"Stord";"Endring 2018-2024";NA;-34.9000000000015;"NA";"Yellow"
"ENCREC_003";"46";"4615";"Fitjar";"2018";72750.24;72750.24;"Yellow";"Yellow"
"ENCREC_003";"46";"4615";"Fitjar";"2019";72746.8;72745.97;"Yellow";"Yellow"
"ENCREC_003";"46";"4615";"Fitjar";"2020";72750.95;72745.85;"Yellow";"Yellow"
"ENCREC_003";"46";"4615";"Fitjar";"2021";72740.94;72735.72;"Yellow";"Yellow"
"ENCREC_003";"46";"4615";"Fitjar";"2022";72748.82;72733.47;"Yellow";"Yellow"
"ENCREC_003";"46";"4615";"Fitjar";"2023";72739.35;72721.75;"Yellow";"Yellow"
"ENCREC_003";"46";"4615";"Fitjar";"2024";72748.46;72719.14;"Orange";"Yellow"
"ENCREC_003";"46";"4615";"Fitjar";"Endring 2018-2024";NA;-31.0999999999913;"NA";"Yellow"
"ENCREC_003";"46";"4616";"Tysnes";"2018";183326.79;183326.79;"Yellow";"Yellow"
"ENCREC_003";"46";"4616";"Tysnes";"2019";183326.7;183325.31;"Yellow";"Yellow"
"ENCREC_003";"46";"4616";"Tysnes";"2020";183311.02;183308.15;"Yellow";"Yellow"
"ENCREC_003";"46";"4616";"Tysnes";"2021";183318.36;183298.33;"Yellow";"Yellow"
"ENCREC_003";"46";"4616";"Tysnes";"2022";183303.38;183273.53;"Yellow";"Yellow"
"ENCREC_003";"46";"4616";"Tysnes";"2023";183292.5;183237.85;"Yellow";"Yellow"
"ENCREC_003";"46";"4616";"Tysnes";"2024";183321.1;183230.77;"Orange";"Yellow"
"ENCREC_003";"46";"4616";"Tysnes";"Endring 2018-2024";NA;-96.0199999999895;"NA";"Yellow"
"ENCREC_003";"46";"4617";"Kvinnherad";"2018";676765.11;676765.11;"Yellow";"Yellow"
"ENCREC_003";"46";"4617";"Kvinnherad";"2019";676745.02;676734.48;"Yellow";"Yellow"
"ENCREC_003";"46";"4617";"Kvinnherad";"2020";676713.69;676672.52;"Yellow";"Yellow"
"ENCREC_003";"46";"4617";"Kvinnherad";"2021";676732.76;676629.63;"Yellow";"Yellow"
"ENCREC_003";"46";"4617";"Kvinnherad";"2022";676718.5;676572.48;"Yellow";"Yellow"
"ENCREC_003";"46";"4617";"Kvinnherad";"2023";676727.55;676524.38;"Yellow";"Yellow"
"ENCREC_003";"46";"4617";"Kvinnherad";"2024";676739.17;676487.9;"Orange";"Yellow"
"ENCREC_003";"46";"4617";"Kvinnherad";"Endring 2018-2024";NA;-277.209999999963;"NA";"Yellow"
"ENCREC_003";"46";"4618";"Ullensvang";"2018";2559065.18;2559065.18;"Yellow";"Yellow"
"ENCREC_003";"46";"4618";"Ullensvang";"2019";2559048.64;2559048.64;"Yellow";"Yellow"
"ENCREC_003";"46";"4618";"Ullensvang";"2020";2559049.57;2559033.03;"Yellow";"Yellow"
"ENCREC_003";"46";"4618";"Ullensvang";"2021";2559045.55;2559013.4;"Yellow";"Yellow"
"ENCREC_003";"46";"4618";"Ullensvang";"2022";2559048.01;2558996.23;"Yellow";"Yellow"
"ENCREC_003";"46";"4618";"Ullensvang";"2023";2559027.98;2558959.03;"Green";"Yellow"
"ENCREC_003";"46";"4618";"Ullensvang";"2024";2559017.75;2558911.6;"Yellow";"Yellow"
"ENCREC_003";"46";"4618";"Ullensvang";"Endring 2018-2024";NA;-153.580000000075;"NA";"Yellow"
"ENCREC_003";"46";"4619";"Eidfjord";"2018";1362570.51;1362570.51;"Yellow";"Yellow"
"ENCREC_003";"46";"4619";"Eidfjord";"2019";1362479.88;1362434.41;"Yellow";"Yellow"
"ENCREC_003";"46";"4619";"Eidfjord";"2020";1362517.88;1362336.31;"Yellow";"Yellow"
"ENCREC_003";"46";"4619";"Eidfjord";"2021";1362432.97;1362153.3;"Yellow";"Yellow"
"ENCREC_003";"46";"4619";"Eidfjord";"2022";1362543.43;1362080.75;"Yellow";"Yellow"
"ENCREC_003";"46";"4619";"Eidfjord";"2023";1362551.57;1362016.34;"Green";"Yellow"
"ENCREC_003";"46";"4619";"Eidfjord";"2024";1362503.52;1361903.88;"Yellow";"Yellow"
"ENCREC_003";"46";"4619";"Eidfjord";"Endring 2018-2024";NA;-666.630000000121;"NA";"Yellow"
"ENCREC_003";"46";"4620";"Ulvik";"2018";653452.82;653452.82;"Yellow";"Yellow"
"ENCREC_003";"46";"4620";"Ulvik";"2019";653452.82;653452.82;"Yellow";"Yellow"
"ENCREC_003";"46";"4620";"Ulvik";"2020";653451.75;653451.75;"Yellow";"Yellow"
"ENCREC_003";"46";"4620";"Ulvik";"2021";653452.78;653451.71;"Yellow";"Yellow"
"ENCREC_003";"46";"4620";"Ulvik";"2022";653452.48;653451.37;"Yellow";"Yellow"
"ENCREC_003";"46";"4620";"Ulvik";"2023";653449.97;653448.52;"Yellow";"Yellow"
"ENCREC_003";"46";"4620";"Ulvik";"2024";653448.8;653444.5;"Yellow";"Yellow"
"ENCREC_003";"46";"4620";"Ulvik";"Endring 2018-2024";NA;-8.31999999994878;"NA";"Yellow"
"ENCREC_003";"46";"4621";"Voss";"2018";369381.49;369381.49;"Yellow";"Yellow"
"ENCREC_003";"46";"4621";"Voss";"2019";369386.3;369358.51;"Yellow";"Yellow"
"ENCREC_003";"46";"4621";"Voss";"2020";369327.68;369276.91;"Yellow";"Yellow"
"ENCREC_003";"46";"4621";"Voss";"2021";369291.12;369158.75;"Yellow";"Yellow"
"ENCREC_003";"46";"4621";"Voss";"2022";369385.55;369135.02;"Yellow";"Yellow"
"ENCREC_003";"46";"4621";"Voss";"2023";369373.97;369099.71;"Yellow";"Yellow"
"ENCREC_003";"46";"4621";"Voss";"2024";369395.94;369086.37;"Yellow";"Yellow"
"ENCREC_003";"46";"4621";"Voss";"Endring 2018-2024";NA;-295.119999999995;"NA";"Yellow"
"ENCREC_003";"46";"4622";"Kvam";"2018";368877.62;368877.62;"Yellow";"Yellow"
"ENCREC_003";"46";"4622";"Kvam";"2019";368885.52;368875.16;"Yellow";"Yellow"
"ENCREC_003";"46";"4622";"Kvam";"2020";368829.59;368816.77;"Yellow";"Yellow"
"ENCREC_003";"46";"4622";"Kvam";"2021";368839.11;368767.9;"Yellow";"Yellow"
"ENCREC_003";"46";"4622";"Kvam";"2022";368875.25;368755.17;"Yellow";"Yellow"
"ENCREC_003";"46";"4622";"Kvam";"2023";368820.24;368687.43;"Yellow";"Yellow"
"ENCREC_003";"46";"4622";"Kvam";"2024";368843.79;368643.24;"Orange";"Yellow"
"ENCREC_003";"46";"4622";"Kvam";"Endring 2018-2024";NA;-234.380000000005;"NA";"Yellow"
"ENCREC_003";"46";"4623";"Samnanger";"2018";180269.31;180269.31;"Yellow";"Yellow"
"ENCREC_003";"46";"4623";"Samnanger";"2019";180265.86;180264.32;"Yellow";"Yellow"
"ENCREC_003";"46";"4623";"Samnanger";"2020";180269.96;180263.43;"Yellow";"Yellow"
"ENCREC_003";"46";"4623";"Samnanger";"2021";180266.17;180258.75;"Yellow";"Yellow"
"ENCREC_003";"46";"4623";"Samnanger";"2022";180267.8;180255.7;"Yellow";"Yellow"
"ENCREC_003";"46";"4623";"Samnanger";"2023";180264.29;180249.14;"Yellow";"Yellow"
"ENCREC_003";"46";"4623";"Samnanger";"2024";180236.16;180214.45;"Yellow";"Yellow"
"ENCREC_003";"46";"4623";"Samnanger";"Endring 2018-2024";NA;-54.859999999986;"NA";"Yellow"
"ENCREC_003";"46";"4624";"Bjørnafjorden";"2018";282013.88;282013.88;"Yellow";"Yellow"
"ENCREC_003";"46";"4624";"Bjørnafjorden";"2019";282045.44;281988.16;"Yellow";"Yellow"
"ENCREC_003";"46";"4624";"Bjørnafjorden";"2020";282027.04;281944.04;"Yellow";"Yellow"
"ENCREC_003";"46";"4624";"Bjørnafjorden";"2021";282022.99;281895.87;"Yellow";"Yellow"
"ENCREC_003";"46";"4624";"Bjørnafjorden";"2022";282057.57;281882.28;"Yellow";"Yellow"
"ENCREC_003";"46";"4624";"Bjørnafjorden";"2023";281997.45;281808.57;"Yellow";"Yellow"
"ENCREC_003";"46";"4624";"Bjørnafjorden";"2024";282050.09;281787.5;"Yellow";"Yellow"
"ENCREC_003";"46";"4624";"Bjørnafjorden";"Endring 2018-2024";NA;-226.379999999946;"NA";"Yellow"
"ENCREC_003";"46";"4625";"Austevoll";"2018";59985.15;59985.15;"Yellow";"Yellow"
"ENCREC_003";"46";"4625";"Austevoll";"2019";60000.04;59981.3;"Yellow";"Yellow"
"ENCREC_003";"46";"4625";"Austevoll";"2020";59986.06;59963.47;"Yellow";"Yellow"
"ENCREC_003";"46";"4625";"Austevoll";"2021";59996.14;59955.72;"Yellow";"Yellow"
"ENCREC_003";"46";"4625";"Austevoll";"2022";60000.78;59952.61;"Yellow";"Yellow"
"ENCREC_003";"46";"4625";"Austevoll";"2023";59995.2;59943.92;"Yellow";"Yellow"
"ENCREC_003";"46";"4625";"Austevoll";"2024";59999.64;59939.67;"Yellow";"Yellow"
"ENCREC_003";"46";"4625";"Austevoll";"Endring 2018-2024";NA;-45.4800000000032;"NA";"Yellow"
"ENCREC_003";"46";"4626";"Øygarden";"2018";180764.89;180764.89;"Yellow";"Yellow"
"ENCREC_003";"46";"4626";"Øygarden";"2019";180743.57;180733.1;"Yellow";"Yellow"
"ENCREC_003";"46";"4626";"Øygarden";"2020";180742.5;180700.24;"Yellow";"Yellow"
"ENCREC_003";"46";"4626";"Øygarden";"2021";180708.31;180633.19;"Yellow";"Yellow"
"ENCREC_003";"46";"4626";"Øygarden";"2022";180722.83;180580.66;"Yellow";"Yellow"
"ENCREC_003";"46";"4626";"Øygarden";"2023";180765.74;180571.04;"Yellow";"Yellow"
"ENCREC_003";"46";"4626";"Øygarden";"2024";180727.82;180523.5;"Orange";"Yellow"
"ENCREC_003";"46";"4626";"Øygarden";"Endring 2018-2024";NA;-241.389999999985;"NA";"Yellow"
"ENCREC_003";"46";"4627";"Askøy";"2018";53845.1;53845.1;"Yellow";"Yellow"
"ENCREC_003";"46";"4627";"Askøy";"2019";53846.36;53841.4;"Yellow";"Yellow"
"ENCREC_003";"46";"4627";"Askøy";"2020";53843.64;53834.98;"Yellow";"Yellow"
"ENCREC_003";"46";"4627";"Askøy";"2021";53837.24;53822.16;"Yellow";"Yellow"
"ENCREC_003";"46";"4627";"Askøy";"2022";53827.48;53799.58;"Yellow";"Yellow"
"ENCREC_003";"46";"4627";"Askøy";"2023";53805.33;53754.85;"Yellow";"Yellow"
"ENCREC_003";"46";"4627";"Askøy";"2024";53844.77;53749.56;"Yellow";"Yellow"
"ENCREC_003";"46";"4627";"Askøy";"Endring 2018-2024";NA;-95.5400000000009;"NA";"Yellow"
"ENCREC_003";"46";"4628";"Vaksdal";"2018";401260.94;401260.94;"Yellow";"Yellow"
"ENCREC_003";"46";"4628";"Vaksdal";"2019";401256.64;401255.7;"Yellow";"Yellow"
"ENCREC_003";"46";"4628";"Vaksdal";"2020";401236.13;401229.95;"Yellow";"Yellow"
"ENCREC_003";"46";"4628";"Vaksdal";"2021";401237.59;401205.66;"Yellow";"Yellow"
"ENCREC_003";"46";"4628";"Vaksdal";"2022";401239.61;401183.39;"Yellow";"Yellow"
"ENCREC_003";"46";"4628";"Vaksdal";"2023";401250.03;401171.54;"Yellow";"Yellow"
"ENCREC_003";"46";"4628";"Vaksdal";"2024";401203.03;401112.69;"Orange";"Yellow"
"ENCREC_003";"46";"4628";"Vaksdal";"Endring 2018-2024";NA;-148.25;"NA";"Yellow"
"ENCREC_003";"46";"4629";"Modalen";"2018";200870.72;200870.72;"Yellow";"Yellow"
"ENCREC_003";"46";"4629";"Modalen";"2019";200869.65;200868.48;"Yellow";"Yellow"
"ENCREC_003";"46";"4629";"Modalen";"2020";200871.89;200868.48;"Yellow";"Yellow"
"ENCREC_003";"46";"4629";"Modalen";"2021";200845.93;200842.52;"Yellow";"Yellow"
"ENCREC_003";"46";"4629";"Modalen";"2022";200868.68;200839.31;"Yellow";"Yellow"
"ENCREC_003";"46";"4629";"Modalen";"2023";200871.89;200839.31;"Green";"Yellow"
"ENCREC_003";"46";"4629";"Modalen";"2024";200743.86;200711.28;"Yellow";"Yellow"
"ENCREC_003";"46";"4629";"Modalen";"Endring 2018-2024";NA;-159.439999999973;"NA";"Yellow"
"ENCREC_003";"46";"4630";"Osterøy";"2018";117741.67;117741.67;"Yellow";"Yellow"
"ENCREC_003";"46";"4630";"Osterøy";"2019";117731.84;117730.99;"Yellow";"Yellow"
"ENCREC_003";"46";"4630";"Osterøy";"2020";117737.12;117725.59;"Yellow";"Yellow"
"ENCREC_003";"46";"4630";"Osterøy";"2021";117729.13;117712.2;"Yellow";"Yellow"
"ENCREC_003";"46";"4630";"Osterøy";"2022";117727.32;117697;"Yellow";"Yellow"
"ENCREC_003";"46";"4630";"Osterøy";"2023";117719.28;117673.76;"Green";"Yellow"
"ENCREC_003";"46";"4630";"Osterøy";"2024";117738;117669.24;"Yellow";"Yellow"
"ENCREC_003";"46";"4630";"Osterøy";"Endring 2018-2024";NA;-72.429999999993;"NA";"Yellow"
"ENCREC_003";"46";"4631";"Alver";"2018";280897.59;280897.59;"Yellow";"Yellow"
"ENCREC_003";"46";"4631";"Alver";"2019";280898.12;280893.55;"Yellow";"Yellow"
"ENCREC_003";"46";"4631";"Alver";"2020";280884.66;280876.05;"Yellow";"Yellow"
"ENCREC_003";"46";"4631";"Alver";"2021";280865.25;280839.14;"Yellow";"Yellow"
"ENCREC_003";"46";"4631";"Alver";"2022";280839.65;280776.63;"Yellow";"Yellow"
"ENCREC_003";"46";"4631";"Alver";"2023";280843.27;280717.74;"Green";"Yellow"
"ENCREC_003";"46";"4631";"Alver";"2024";280680.65;280496.23;"Yellow";"Yellow"
"ENCREC_003";"46";"4631";"Alver";"Endring 2018-2024";NA;-401.359999999986;"NA";"Yellow"
"ENCREC_003";"46";"4632";"Austrheim";"2018";13670.42;13670.42;"Yellow";"Yellow"
"ENCREC_003";"46";"4632";"Austrheim";"2019";13670.1;13669.99;"Yellow";"Yellow"
"ENCREC_003";"46";"4632";"Austrheim";"2020";13663.31;13662.77;"Yellow";"Yellow"
"ENCREC_003";"46";"4632";"Austrheim";"2021";13669.9;13662.14;"Yellow";"Yellow"
"ENCREC_003";"46";"4632";"Austrheim";"2022";13665.67;13657.28;"Yellow";"Yellow"
"ENCREC_003";"46";"4632";"Austrheim";"2023";13668.95;13655.7;"Yellow";"Yellow"
"ENCREC_003";"46";"4632";"Austrheim";"2024";13669.4;13654.57;"Orange";"Yellow"
"ENCREC_003";"46";"4632";"Austrheim";"Endring 2018-2024";NA;-15.8499999999985;"NA";"Yellow"
"ENCREC_003";"46";"4634";"Masfjorden";"2018";434535.71;434535.71;"Yellow";"Yellow"
"ENCREC_003";"46";"4634";"Masfjorden";"2019";434538.54;434531.53;"Yellow";"Yellow"
"ENCREC_003";"46";"4634";"Masfjorden";"2020";434538.91;434527.72;"Yellow";"Yellow"
"ENCREC_003";"46";"4634";"Masfjorden";"2021";434538.08;434523.08;"Yellow";"Yellow"
"ENCREC_003";"46";"4634";"Masfjorden";"2022";434522.47;434502.83;"Yellow";"Yellow"
"ENCREC_003";"46";"4634";"Masfjorden";"2023";434510.68;434470.79;"Yellow";"Yellow"
"ENCREC_003";"46";"4634";"Masfjorden";"2024";434281.66;434209.73;"Yellow";"Yellow"
"ENCREC_003";"46";"4634";"Masfjorden";"Endring 2018-2024";NA;-325.979999999981;"NA";"Yellow"
"ENCREC_003";"46";"4635";"Gulen";"2018";278206.08;278206.08;"Yellow";"Yellow"
"ENCREC_003";"46";"4635";"Gulen";"2019";278219.7;278198.13;"Yellow";"Yellow"
"ENCREC_003";"46";"4635";"Gulen";"2020";278204.98;278175.46;"Yellow";"Yellow"
"ENCREC_003";"46";"4635";"Gulen";"2021";278208.49;278156.3;"Yellow";"Yellow"
"ENCREC_003";"46";"4635";"Gulen";"2022";278213.13;278141.78;"Yellow";"Yellow"
"ENCREC_003";"46";"4635";"Gulen";"2023";278204.53;278118.66;"Yellow";"Yellow"
"ENCREC_003";"46";"4635";"Gulen";"2024";278221.14;278112.15;"Yellow";"Yellow"
"ENCREC_003";"46";"4635";"Gulen";"Endring 2018-2024";NA;-93.929999999993;"NA";"Yellow"
"ENCREC_003";"46";"4636";"Solund";"2018";196235.48;196235.48;"Yellow";"Yellow"
"ENCREC_003";"46";"4636";"Solund";"2019";196231.63;196231.63;"Yellow";"Yellow"
"ENCREC_003";"46";"4636";"Solund";"2020";196235.13;196231.28;"Yellow";"Yellow"
"ENCREC_003";"46";"4636";"Solund";"2021";196233.66;196229.46;"Yellow";"Yellow"
"ENCREC_003";"46";"4636";"Solund";"2022";196225.04;196219.02;"Yellow";"Yellow"
"ENCREC_003";"46";"4636";"Solund";"2023";196222.28;196205.82;"Yellow";"Yellow"
"ENCREC_003";"46";"4636";"Solund";"2024";196229.86;196200.2;"Yellow";"Yellow"
"ENCREC_003";"46";"4636";"Solund";"Endring 2018-2024";NA;-35.2799999999988;"NA";"Yellow"
"ENCREC_003";"46";"4637";"Hyllestad";"2018";118585.95;118585.95;"Yellow";"Yellow"
"ENCREC_003";"46";"4637";"Hyllestad";"2019";118588.06;118585.95;"Yellow";"Yellow"
"ENCREC_003";"46";"4637";"Hyllestad";"2020";118585.74;118583.63;"Yellow";"Yellow"
"ENCREC_003";"46";"4637";"Hyllestad";"2021";118583.2;118578.77;"Yellow";"Yellow"
"ENCREC_003";"46";"4637";"Hyllestad";"2022";118565.96;118556.67;"Yellow";"Yellow"
"ENCREC_003";"46";"4637";"Hyllestad";"2023";118576.89;118545.5;"Green";"Yellow"
"ENCREC_003";"46";"4637";"Hyllestad";"2024";118585.38;118542.82;"Yellow";"Yellow"
"ENCREC_003";"46";"4637";"Hyllestad";"Endring 2018-2024";NA;-43.1300000000047;"NA";"Yellow"
"ENCREC_003";"46";"4638";"Høyanger";"2018";466450.09;466450.09;"Yellow";"Yellow"
"ENCREC_003";"46";"4638";"Høyanger";"2019";466439.43;466437.76;"Yellow";"Yellow"
"ENCREC_003";"46";"4638";"Høyanger";"2020";466406.34;466392.34;"Yellow";"Yellow"
"ENCREC_003";"46";"4638";"Høyanger";"2021";466394.62;466335.2;"Yellow";"Yellow"
"ENCREC_003";"46";"4638";"Høyanger";"2022";466396.08;466279.52;"Yellow";"Yellow"
"ENCREC_003";"46";"4638";"Høyanger";"2023";466448.28;466276.04;"Green";"Yellow"
"ENCREC_003";"46";"4638";"Høyanger";"2024";466432.9;466257.18;"Yellow";"Yellow"
"ENCREC_003";"46";"4638";"Høyanger";"Endring 2018-2024";NA;-192.910000000033;"NA";"Yellow"
"ENCREC_003";"46";"4639";"Vik";"2018";520284.56;520284.56;"Yellow";"Yellow"
"ENCREC_003";"46";"4639";"Vik";"2019";520271.79;520269.21;"Yellow";"Yellow"
"ENCREC_003";"46";"4639";"Vik";"2020";520260.97;520243.04;"Yellow";"Yellow"
"ENCREC_003";"46";"4639";"Vik";"2021";520282.4;520238.3;"Yellow";"Yellow"
"ENCREC_003";"46";"4639";"Vik";"2022";520276.1;520227.26;"Yellow";"Yellow"
"ENCREC_003";"46";"4639";"Vik";"2023";520285.47;520225.59;"Green";"Yellow"
"ENCREC_003";"46";"4639";"Vik";"2024";520271.57;520210.02;"Yellow";"Yellow"
"ENCREC_003";"46";"4639";"Vik";"Endring 2018-2024";NA;-74.539999999979;"NA";"Yellow"
"ENCREC_003";"46";"4640";"Sogndal";"2018";764484.86;764484.86;"Yellow";"Yellow"
"ENCREC_003";"46";"4640";"Sogndal";"2019";764417.98;764381.98;"Yellow";"Yellow"
"ENCREC_003";"46";"4640";"Sogndal";"2020";764432.71;764293.83;"Yellow";"Yellow"
"ENCREC_003";"46";"4640";"Sogndal";"2021";764415.54;764188.51;"Yellow";"Yellow"
"ENCREC_003";"46";"4640";"Sogndal";"2022";764458.68;764126.33;"Yellow";"Yellow"
"ENCREC_003";"46";"4640";"Sogndal";"2023";764496.71;764102.18;"Green";"Yellow"
"ENCREC_003";"46";"4640";"Sogndal";"2024";764497.64;764078.96;"Yellow";"Yellow"
"ENCREC_003";"46";"4640";"Sogndal";"Endring 2018-2024";NA;-405.900000000023;"NA";"Yellow"
"ENCREC_003";"46";"4641";"Aurland";"2018";1234328.79;1234328.79;"Yellow";"Yellow"
"ENCREC_003";"46";"4641";"Aurland";"2019";1234329.73;1234328.4;"Yellow";"Yellow"
"ENCREC_003";"46";"4641";"Aurland";"2020";1234325.57;1234323.85;"Yellow";"Yellow"
"ENCREC_003";"46";"4641";"Aurland";"2021";1234315.97;1234309.7;"Yellow";"Yellow"
"ENCREC_003";"46";"4641";"Aurland";"2022";1234318.94;1234298.52;"Yellow";"Yellow"
"ENCREC_003";"46";"4641";"Aurland";"2023";1234329.68;1234298.08;"Yellow";"Yellow"
"ENCREC_003";"46";"4641";"Aurland";"2024";1234328.83;1234296.79;"Yellow";"Yellow"
"ENCREC_003";"46";"4641";"Aurland";"Endring 2018-2024";NA;-32;"NA";"Yellow"
"ENCREC_003";"46";"4643";"Årdal";"2018";536371.2;536371.2;"Yellow";"Yellow"
"ENCREC_003";"46";"4643";"Årdal";"2019";536370.64;536367.38;"Yellow";"Yellow"
"ENCREC_003";"46";"4643";"Årdal";"2020";536374.36;536367.28;"Yellow";"Yellow"
"ENCREC_003";"46";"4643";"Årdal";"2021";536364.06;536356.88;"Yellow";"Yellow"
"ENCREC_003";"46";"4643";"Årdal";"2022";536374.22;536356.64;"Yellow";"Yellow"
"ENCREC_003";"46";"4643";"Årdal";"2023";536369.45;536351.63;"Green";"Yellow"
"ENCREC_003";"46";"4643";"Årdal";"2024";536369.64;536346.81;"Yellow";"Yellow"
"ENCREC_003";"46";"4643";"Årdal";"Endring 2018-2024";NA;-24.390000000014;"NA";"Yellow"
"ENCREC_003";"46";"4644";"Luster";"2018";2148392.16;2148392.16;"Yellow";"Yellow"
"ENCREC_003";"46";"4644";"Luster";"2019";2148371.96;2148367.81;"Yellow";"Yellow"
"ENCREC_003";"46";"4644";"Luster";"2020";2148349.93;2148321.43;"Yellow";"Yellow"
"ENCREC_003";"46";"4644";"Luster";"2021";2148361.91;2148287.03;"Yellow";"Yellow"
"ENCREC_003";"46";"4644";"Luster";"2022";2148360.09;2148250.81;"Yellow";"Yellow"
"ENCREC_003";"46";"4644";"Luster";"2023";2148358.83;2148213.33;"Green";"Yellow"
"ENCREC_003";"46";"4644";"Luster";"2024";2148380.9;2148197.92;"Yellow";"Yellow"
"ENCREC_003";"46";"4644";"Luster";"Endring 2018-2024";NA;-194.240000000224;"NA";"Yellow"
"ENCREC_003";"46";"4646";"Fjaler";"2018";194610.99;194610.99;"Yellow";"Yellow"
"ENCREC_003";"46";"4646";"Fjaler";"2019";194611.16;194610.63;"Yellow";"Yellow"
"ENCREC_003";"46";"4646";"Fjaler";"2020";194606.76;194605.87;"Yellow";"Yellow"
"ENCREC_003";"46";"4646";"Fjaler";"2021";194608.65;194603;"Yellow";"Yellow"
"ENCREC_003";"46";"4646";"Fjaler";"2022";194189.04;194180.52;"Yellow";"Yellow"
"ENCREC_003";"46";"4646";"Fjaler";"2023";194594.72;194163.72;"Yellow";"Yellow"
"ENCREC_003";"46";"4646";"Fjaler";"2024";194496.04;194048.24;"Yellow";"Yellow"
"ENCREC_003";"46";"4646";"Fjaler";"Endring 2018-2024";NA;-562.75;"NA";"Yellow"
"ENCREC_003";"46";"4647";"Sunnfjord";"2018";1790391.06;1790391.06;"Yellow";"Yellow"
"ENCREC_003";"46";"4647";"Sunnfjord";"2019";1790290.64;1790256.83;"Yellow";"Yellow"
"ENCREC_003";"46";"4647";"Sunnfjord";"2020";1790153.59;1789985.55;"Yellow";"Yellow"
"ENCREC_003";"46";"4647";"Sunnfjord";"2021";1790224.41;1789785.09;"Yellow";"Yellow"
"ENCREC_003";"46";"4647";"Sunnfjord";"2022";1790310.44;1789670.66;"Yellow";"Yellow"
"ENCREC_003";"46";"4647";"Sunnfjord";"2023";1790284.16;1789529.95;"Green";"Yellow"
"ENCREC_003";"46";"4647";"Sunnfjord";"2024";1789811.36;1788916.44;"Yellow";"Yellow"
"ENCREC_003";"46";"4647";"Sunnfjord";"Endring 2018-2024";NA;-1474.61999999988;"NA";"Yellow"
"ENCREC_003";"46";"4648";"Bremanger";"2018";244764.07;244764.07;"Yellow";"Yellow"
"ENCREC_003";"46";"4648";"Bremanger";"2019";244743.93;244743.83;"Yellow";"Yellow"
"ENCREC_003";"46";"4648";"Bremanger";"2020";244755.79;244735.45;"Yellow";"Yellow"
"ENCREC_003";"46";"4648";"Bremanger";"2021";244764.17;244735.45;"Yellow";"Yellow"
"ENCREC_003";"46";"4648";"Bremanger";"2022";244762.25;244733.53;"Yellow";"Yellow"
"ENCREC_003";"46";"4648";"Bremanger";"2023";244764.17;244733.53;"Green";"Yellow"
"ENCREC_003";"46";"4648";"Bremanger";"2024";244759.67;244729.03;"Yellow";"Yellow"
"ENCREC_003";"46";"4648";"Bremanger";"Endring 2018-2024";NA;-35.0400000000081;"NA";"Yellow"
"ENCREC_003";"46";"4649";"Stad";"2018";586364.73;586364.73;"Yellow";"Yellow"
"ENCREC_003";"46";"4649";"Stad";"2019";586357.89;586335.5;"Yellow";"Yellow"
"ENCREC_003";"46";"4649";"Stad";"2020";586330.63;586279.01;"Yellow";"Yellow"
"ENCREC_003";"46";"4649";"Stad";"2021";586277.14;586169.03;"Yellow";"Yellow"
"ENCREC_003";"46";"4649";"Stad";"2022";586314.77;586096.68;"Yellow";"Yellow"
"ENCREC_003";"46";"4649";"Stad";"2023";586360.03;586069.59;"Green";"Yellow"
"ENCREC_003";"46";"4649";"Stad";"2024";586335.26;586017.73;"Yellow";"Yellow"
"ENCREC_003";"46";"4649";"Stad";"Endring 2018-2024";NA;-347;"NA";"Yellow"
"ENCREC_003";"46";"4650";"Gloppen";"2018";727623.8;727623.8;"Yellow";"Yellow"
"ENCREC_003";"46";"4650";"Gloppen";"2019";727623.87;727621.04;"Yellow";"Yellow"
"ENCREC_003";"46";"4650";"Gloppen";"2020";727606.9;727601.31;"Yellow";"Yellow"
"ENCREC_003";"46";"4650";"Gloppen";"2021";727620.17;727594.85;"Yellow";"Yellow"
"ENCREC_003";"46";"4650";"Gloppen";"2022";727620.31;727588.53;"Yellow";"Yellow"
"ENCREC_003";"46";"4650";"Gloppen";"2023";727608.16;727570.06;"Green";"Yellow"
"ENCREC_003";"46";"4650";"Gloppen";"2024";727515.14;727458.57;"Yellow";"Yellow"
"ENCREC_003";"46";"4650";"Gloppen";"Endring 2018-2024";NA;-165.230000000098;"NA";"Yellow"
"ENCREC_003";"46";"4651";"Stryn";"2018";702315.04;702315.04;"Yellow";"Yellow"
"ENCREC_003";"46";"4651";"Stryn";"2019";702318.41;702309.37;"Yellow";"Yellow"
"ENCREC_003";"46";"4651";"Stryn";"2020";702249.27;702234.56;"Yellow";"Yellow"
"ENCREC_003";"46";"4651";"Stryn";"2021";702265.95;702176.43;"Yellow";"Yellow"
"ENCREC_003";"46";"4651";"Stryn";"2022";702287.83;702140.18;"Yellow";"Yellow"
"ENCREC_003";"46";"4651";"Stryn";"2023";702253.56;702069.66;"Yellow";"Yellow"
"ENCREC_003";"46";"4651";"Stryn";"2024";702275.48;702021.06;"Yellow";"Yellow"
"ENCREC_003";"46";"4651";"Stryn";"Endring 2018-2024";NA;-293.979999999981;"NA";"Yellow"
"ENCREC_003";"50";"5001";"Trondheim";"2018";368982.15;368982.15;"Yellow";"Yellow"
"ENCREC_003";"50";"5001";"Trondheim";"2019";368887.9;368852.92;"Yellow";"Yellow"
"ENCREC_003";"50";"5001";"Trondheim";"2020";368848.35;368684.14;"Yellow";"Yellow"
"ENCREC_003";"50";"5001";"Trondheim";"2021";368816.4;368483.41;"Yellow";"Yellow"
"ENCREC_003";"50";"5001";"Trondheim";"2022";368774.01;368240.29;"Yellow";"Yellow"
"ENCREC_003";"50";"5001";"Trondheim";"2023";368853.76;368076.92;"Yellow";"Yellow"
"ENCREC_003";"50";"5001";"Trondheim";"2024";368955.79;368015.58;"Yellow";"Yellow"
"ENCREC_003";"50";"5001";"Trondheim";"Endring 2018-2024";NA;-966.570000000007;"NA";"Yellow"
"ENCREC_003";"50";"5006";"Steinkjer";"2018";1792932.6;1792932.6;"Yellow";"Yellow"
"ENCREC_003";"50";"5006";"Steinkjer";"2019";1792900.82;1792861.25;"Yellow";"Yellow"
"ENCREC_003";"50";"5006";"Steinkjer";"2020";1792881.73;1792770.81;"Yellow";"Yellow"
"ENCREC_003";"50";"5006";"Steinkjer";"2021";1792897.38;1792696.02;"Yellow";"Yellow"
"ENCREC_003";"50";"5006";"Steinkjer";"2022";1792910.57;1792634.42;"Yellow";"Yellow"
"ENCREC_003";"50";"5006";"Steinkjer";"2023";1792892.13;1792554.38;"Yellow";"Yellow"
"ENCREC_003";"50";"5006";"Steinkjer";"2024";1792889.67;1792471.88;"Yellow";"Yellow"
"ENCREC_003";"50";"5006";"Steinkjer";"Endring 2018-2024";NA;-460.719999999972;"NA";"Yellow"
"ENCREC_003";"50";"5007";"Namsos/Nåavmesjenjaelmie";"2018";1392199.23;1392199.23;"Yellow";"Yellow"
"ENCREC_003";"50";"5007";"Namsos/Nåavmesjenjaelmie";"2019";1392194.39;1392190.83;"Yellow";"Yellow"
"ENCREC_003";"50";"5007";"Namsos/Nåavmesjenjaelmie";"2020";1392184.25;1392172.29;"Yellow";"Yellow"
"ENCREC_003";"50";"5007";"Namsos/Nåavmesjenjaelmie";"2021";1392150.52;1392120.02;"Yellow";"Yellow"
"ENCREC_003";"50";"5007";"Namsos/Nåavmesjenjaelmie";"2022";1392192.81;1392110.04;"Yellow";"Yellow"
"ENCREC_003";"50";"5007";"Namsos/Nåavmesjenjaelmie";"2023";1392172.62;1392079.87;"Green";"Yellow"
"ENCREC_003";"50";"5007";"Namsos/Nåavmesjenjaelmie";"2024";1392131.69;1392008.77;"Yellow";"Yellow"
"ENCREC_003";"50";"5007";"Namsos/Nåavmesjenjaelmie";"Endring 2018-2024";NA;-190.459999999963;"NA";"Yellow"
"ENCREC_003";"50";"5014";"Frøya";"2018";240985.4;240985.4;"Yellow";"Yellow"
"ENCREC_003";"50";"5014";"Frøya";"2019";241027.48;240941.32;"Yellow";"Yellow"
"ENCREC_003";"50";"5014";"Frøya";"2020";240906.61;240776.37;"Orange";"Orange"
"ENCREC_003";"50";"5014";"Frøya";"2021";240970.54;240675.35;"Orange";"Orange"
"ENCREC_003";"50";"5014";"Frøya";"2022";240987.66;240591.45;"Orange";"Orange"
"ENCREC_003";"50";"5014";"Frøya";"2023";240940.86;240460.75;"Orange";"Orange"
"ENCREC_003";"50";"5014";"Frøya";"2024";241041.73;240430.92;"Orange";"Orange"
"ENCREC_003";"50";"5014";"Frøya";"Endring 2018-2024";NA;-554.48000000001;"NA";"Yellow"
"ENCREC_003";"50";"5020";"Osen";"2018";379890.47;379890.47;"Yellow";"Yellow"
"ENCREC_003";"50";"5020";"Osen";"2019";379846.38;379825.36;"Yellow";"Yellow"
"ENCREC_003";"50";"5020";"Osen";"2020";379838.56;379752.43;"Yellow";"Yellow"
"ENCREC_003";"50";"5020";"Osen";"2021";379884.98;379725.92;"Yellow";"Yellow"
"ENCREC_003";"50";"5020";"Osen";"2022";379902.96;379717.39;"Yellow";"Yellow"
"ENCREC_003";"50";"5020";"Osen";"2023";379899.51;379705.41;"Yellow";"Yellow"
"ENCREC_003";"50";"5020";"Osen";"2024";379886.89;379680.81;"Orange";"Yellow"
"ENCREC_003";"50";"5020";"Osen";"Endring 2018-2024";NA;-209.659999999974;"NA";"Yellow"
"ENCREC_003";"50";"5021";"Oppdal";"2018";1931743.69;1931743.69;"Yellow";"Yellow"
"ENCREC_003";"50";"5021";"Oppdal";"2019";1931626.51;1931598.4;"Yellow";"Yellow"
"ENCREC_003";"50";"5021";"Oppdal";"2020";1931633.8;1931460.4;"Yellow";"Yellow"
"ENCREC_003";"50";"5021";"Oppdal";"2021";1931691.07;1931379.67;"Orange";"Yellow"
"ENCREC_003";"50";"5021";"Oppdal";"2022";1931688.99;1931296.86;"Orange";"Orange"
"ENCREC_003";"50";"5021";"Oppdal";"2023";1931732.99;1931258.05;"Orange";"Orange"
"ENCREC_003";"50";"5021";"Oppdal";"2024";1931758.65;1931244.9;"Orange";"Orange"
"ENCREC_003";"50";"5021";"Oppdal";"Endring 2018-2024";NA;-498.789999999804;"NA";"Yellow"
"ENCREC_003";"50";"5022";"Rennebu";"2018";207968.26;207968.26;"Yellow";"Yellow"
"ENCREC_003";"50";"5022";"Rennebu";"2019";207968.03;207967.26;"Yellow";"Yellow"
"ENCREC_003";"50";"5022";"Rennebu";"2020";207964.31;207962.54;"Yellow";"Yellow"
"ENCREC_003";"50";"5022";"Rennebu";"2021";207953.4;207946.91;"Yellow";"Yellow"
"ENCREC_003";"50";"5022";"Rennebu";"2022";207960.94;207938.82;"Yellow";"Yellow"
"ENCREC_003";"50";"5022";"Rennebu";"2023";207965.88;207935.67;"Yellow";"Yellow"
"ENCREC_003";"50";"5022";"Rennebu";"2024";207967.58;207934.22;"Orange";"Yellow"
"ENCREC_003";"50";"5022";"Rennebu";"Endring 2018-2024";NA;-34.0400000000081;"NA";"Yellow"
"ENCREC_003";"50";"5025";"Røros";"2018";1945368.99;1945368.99;"Yellow";"Yellow"
"ENCREC_003";"50";"5025";"Røros";"2019";1945345.13;1945308.52;"Yellow";"Yellow"
"ENCREC_003";"50";"5025";"Røros";"2020";1945337.75;1945240.67;"Yellow";"Yellow"
"ENCREC_003";"50";"5025";"Røros";"2021";1945329.26;1945164.33;"Yellow";"Yellow"
"ENCREC_003";"50";"5025";"Røros";"2022";1945335.42;1945094.15;"Yellow";"Yellow"
"ENCREC_003";"50";"5025";"Røros";"2023";1945329.66;1945018.21;"Yellow";"Yellow"
"ENCREC_003";"50";"5025";"Røros";"2024";1945368.13;1944980.74;"Orange";"Yellow"
"ENCREC_003";"50";"5025";"Røros";"Endring 2018-2024";NA;-388.25;"NA";"Yellow"
"ENCREC_003";"50";"5026";"Holtålen";"2018";1047678.43;1047678.43;"Yellow";"Yellow"
"ENCREC_003";"50";"5026";"Holtålen";"2019";1047650.88;1047638.44;"Yellow";"Yellow"
"ENCREC_003";"50";"5026";"Holtålen";"2020";1047685.97;1047633.54;"Yellow";"Yellow"
"ENCREC_003";"50";"5026";"Holtålen";"2021";1047684.35;1047627.02;"Yellow";"Yellow"
"ENCREC_003";"50";"5026";"Holtålen";"2022";1047684.4;1047620.55;"Yellow";"Yellow"
"ENCREC_003";"50";"5026";"Holtålen";"2023";1047687.2;1047616.88;"Green";"Yellow"
"ENCREC_003";"50";"5026";"Holtålen";"2024";1047672.22;1047598.23;"Yellow";"Yellow"
"ENCREC_003";"50";"5026";"Holtålen";"Endring 2018-2024";NA;-80.2000000000698;"NA";"Yellow"
"ENCREC_003";"50";"5027";"Midtre Gauldal";"2018";1044659.57;1044659.57;"Yellow";"Yellow"
"ENCREC_003";"50";"5027";"Midtre Gauldal";"2019";1044657.57;1044657.48;"Yellow";"Yellow"
"ENCREC_003";"50";"5027";"Midtre Gauldal";"2020";1044653.86;1044651.68;"Yellow";"Yellow"
"ENCREC_003";"50";"5027";"Midtre Gauldal";"2021";1044658.54;1044650.56;"Yellow";"Yellow"
"ENCREC_003";"50";"5027";"Midtre Gauldal";"2022";1044658.06;1044648.96;"Yellow";"Yellow"
"ENCREC_003";"50";"5027";"Midtre Gauldal";"2023";1044659.66;1044648.96;"Green";"Yellow"
"ENCREC_003";"50";"5027";"Midtre Gauldal";"2024";1044653.7;1044643;"Yellow";"Yellow"
"ENCREC_003";"50";"5027";"Midtre Gauldal";"Endring 2018-2024";NA;-16.5700000000652;"NA";"Yellow"
"ENCREC_003";"50";"5028";"Melhus";"2018";307870.9;307870.9;"Yellow";"Yellow"
"ENCREC_003";"50";"5028";"Melhus";"2019";307875.3;307853.57;"Yellow";"Yellow"
"ENCREC_003";"50";"5028";"Melhus";"2020";307830.27;307791.21;"Yellow";"Yellow"
"ENCREC_003";"50";"5028";"Melhus";"2021";307849.86;307748.44;"Orange";"Yellow"
"ENCREC_003";"50";"5028";"Melhus";"2022";307834.96;307690.77;"Orange";"Orange"
"ENCREC_003";"50";"5028";"Melhus";"2023";307849.53;307647.67;"Orange";"Orange"
"ENCREC_003";"50";"5028";"Melhus";"2024";307883.89;307638.93;"Orange";"Orange"
"ENCREC_003";"50";"5028";"Melhus";"Endring 2018-2024";NA;-231.97000000003;"NA";"Yellow"
"ENCREC_003";"50";"5029";"Skaun";"2018";86653.25;86653.25;"Yellow";"Yellow"
"ENCREC_003";"50";"5029";"Skaun";"2019";86654.69;86653.25;"Yellow";"Yellow"
"ENCREC_003";"50";"5029";"Skaun";"2020";86636.19;86634.75;"Yellow";"Yellow"
"ENCREC_003";"50";"5029";"Skaun";"2021";86642.92;86622.98;"Yellow";"Yellow"
"ENCREC_003";"50";"5029";"Skaun";"2022";86640.45;86608.74;"Yellow";"Yellow"
"ENCREC_003";"50";"5029";"Skaun";"2023";86542.64;86496.69;"Yellow";"Yellow"
"ENCREC_003";"50";"5029";"Skaun";"2024";86646.88;86488.88;"Orange";"Yellow"
"ENCREC_003";"50";"5029";"Skaun";"Endring 2018-2024";NA;-164.369999999995;"NA";"Yellow"
"ENCREC_003";"50";"5031";"Malvik";"2018";134226.6;134226.6;"Yellow";"Yellow"
"ENCREC_003";"50";"5031";"Malvik";"2019";134224.45;134223.96;"Yellow";"Yellow"
"ENCREC_003";"50";"5031";"Malvik";"2020";134220.27;134217.14;"Yellow";"Yellow"
"ENCREC_003";"50";"5031";"Malvik";"2021";134212.78;134202.83;"Yellow";"Yellow"
"ENCREC_003";"50";"5031";"Malvik";"2022";134205.03;134180.77;"Yellow";"Yellow"
"ENCREC_003";"50";"5031";"Malvik";"2023";134216.06;134169.74;"Green";"Yellow"
"ENCREC_003";"50";"5031";"Malvik";"2024";134225.32;134167.97;"Yellow";"Yellow"
"ENCREC_003";"50";"5031";"Malvik";"Endring 2018-2024";NA;-58.6300000000047;"NA";"Yellow"
"ENCREC_003";"50";"5033";"Tydal";"2018";1327527.88;1327527.88;"Yellow";"Yellow"
"ENCREC_003";"50";"5033";"Tydal";"2019";1327490.71;1327471.99;"Yellow";"Yellow"
"ENCREC_003";"50";"5033";"Tydal";"2020";1327512.11;1327437.5;"Yellow";"Yellow"
"ENCREC_003";"50";"5033";"Tydal";"2021";1327357.74;1327248.64;"Yellow";"Yellow"
"ENCREC_003";"50";"5033";"Tydal";"2022";1327426.34;1327128.38;"Yellow";"Yellow"
"ENCREC_003";"50";"5033";"Tydal";"2023";1327490.39;1327072.17;"Yellow";"Yellow"
"ENCREC_003";"50";"5033";"Tydal";"2024";1327523.35;1327048.92;"Orange";"Yellow"
"ENCREC_003";"50";"5033";"Tydal";"Endring 2018-2024";NA;-478.959999999963;"NA";"Yellow"
"ENCREC_003";"50";"5034";"Meråker";"2018";1247439.82;1247439.82;"Yellow";"Yellow"
"ENCREC_003";"50";"5034";"Meråker";"2019";1247421.7;1247403.19;"Yellow";"Yellow"
"ENCREC_003";"50";"5034";"Meråker";"2020";1247435.75;1247380.61;"Yellow";"Yellow"
"ENCREC_003";"50";"5034";"Meråker";"2021";1247419.26;1247341.54;"Yellow";"Yellow"
"ENCREC_003";"50";"5034";"Meråker";"2022";1247444.52;1247327.73;"Yellow";"Yellow"
"ENCREC_003";"50";"5034";"Meråker";"2023";1247409.36;1247278.76;"Yellow";"Yellow"
"ENCREC_003";"50";"5034";"Meråker";"2024";1247439.89;1247260.32;"Orange";"Yellow"
"ENCREC_003";"50";"5034";"Meråker";"Endring 2018-2024";NA;-179.5;"NA";"Yellow"
"ENCREC_003";"50";"5035";"Stjørdal";"2018";558146.18;558146.18;"Yellow";"Yellow"
"ENCREC_003";"50";"5035";"Stjørdal";"2019";558165.33;558143.2;"Yellow";"Yellow"
"ENCREC_003";"50";"5035";"Stjørdal";"2020";558143.57;558118.46;"Yellow";"Yellow"
"ENCREC_003";"50";"5035";"Stjørdal";"2021";558121.92;558072.07;"Yellow";"Yellow"
"ENCREC_003";"50";"5035";"Stjørdal";"2022";558107.71;558011.47;"Yellow";"Yellow"
"ENCREC_003";"50";"5035";"Stjørdal";"2023";558128.44;557971.6;"Green";"Yellow"
"ENCREC_003";"50";"5035";"Stjørdal";"2024";558159.99;557963.28;"Yellow";"Yellow"
"ENCREC_003";"50";"5035";"Stjørdal";"Endring 2018-2024";NA;-182.900000000023;"NA";"Yellow"
"ENCREC_003";"50";"5037";"Levanger";"2018";321484.79;321484.79;"Yellow";"Yellow"
"ENCREC_003";"50";"5037";"Levanger";"2019";321486.11;321480.8;"Yellow";"Yellow"
"ENCREC_003";"50";"5037";"Levanger";"2020";321468.59;321459.29;"Yellow";"Yellow"
"ENCREC_003";"50";"5037";"Levanger";"2021";321444.48;321413.67;"Yellow";"Yellow"
"ENCREC_003";"50";"5037";"Levanger";"2022";321476.07;321399.64;"Yellow";"Yellow"
"ENCREC_003";"50";"5037";"Levanger";"2023";321476.5;321386.04;"Yellow";"Yellow"
"ENCREC_003";"50";"5037";"Levanger";"2024";321488.48;321384.42;"Orange";"Yellow"
"ENCREC_003";"50";"5037";"Levanger";"Endring 2018-2024";NA;-100.369999999995;"NA";"Yellow"
"ENCREC_003";"50";"5038";"Verdal";"2018";1388623.56;1388623.56;"Yellow";"Yellow"
"ENCREC_003";"50";"5038";"Verdal";"2019";1388614.91;1388611.47;"Yellow";"Yellow"
"ENCREC_003";"50";"5038";"Verdal";"2020";1388612.49;1388596.96;"Yellow";"Yellow"
"ENCREC_003";"50";"5038";"Verdal";"2021";1388591.34;1388561.3;"Yellow";"Yellow"
"ENCREC_003";"50";"5038";"Verdal";"2022";1388606.74;1388541.04;"Yellow";"Yellow"
"ENCREC_003";"50";"5038";"Verdal";"2023";1388597.8;1388511.84;"Yellow";"Yellow"
"ENCREC_003";"50";"5038";"Verdal";"2024";1388620.34;1388505.18;"Yellow";"Yellow"
"ENCREC_003";"50";"5038";"Verdal";"Endring 2018-2024";NA;-118.380000000121;"NA";"Yellow"
"ENCREC_003";"50";"5041";"Snåase/Snåsa";"2018";2342732.53;2342732.53;"Yellow";"Yellow"
"ENCREC_003";"50";"5041";"Snåase/Snåsa";"2019";2342728.15;2342723.35;"Yellow";"Yellow"
"ENCREC_003";"50";"5041";"Snåase/Snåsa";"2020";2342664.34;2342650.36;"Yellow";"Yellow"
"ENCREC_003";"50";"5041";"Snåase/Snåsa";"2021";2342677.28;2342590.31;"Yellow";"Yellow"
"ENCREC_003";"50";"5041";"Snåase/Snåsa";"2022";2342704.14;2342557.12;"Yellow";"Yellow"
"ENCREC_003";"50";"5041";"Snåase/Snåsa";"2023";2342699.36;2342519.15;"Yellow";"Yellow"
"ENCREC_003";"50";"5041";"Snåase/Snåsa";"2024";2342731.04;2342512.86;"Orange";"Yellow"
"ENCREC_003";"50";"5041";"Snåase/Snåsa";"Endring 2018-2024";NA;-219.670000000391;"NA";"Yellow"
"ENCREC_003";"50";"5042";"Lierne";"2018";2958234.66;2958234.66;"Yellow";"Yellow"
"ENCREC_003";"50";"5042";"Lierne";"2019";2958242.66;2958203.83;"Yellow";"Yellow"
"ENCREC_003";"50";"5042";"Lierne";"2020";2958246.15;2958176.49;"Yellow";"Yellow"
"ENCREC_003";"50";"5042";"Lierne";"2021";2958205.27;2958108.27;"Yellow";"Yellow"
"ENCREC_003";"50";"5042";"Lierne";"2022";2958240.67;2958075.45;"Yellow";"Yellow"
"ENCREC_003";"50";"5042";"Lierne";"2023";2958221.49;2958023.45;"Yellow";"Yellow"
"ENCREC_003";"50";"5042";"Lierne";"2024";2958255.9;2958005.86;"Yellow";"Yellow"
"ENCREC_003";"50";"5042";"Lierne";"Endring 2018-2024";NA;-228.799999999814;"NA";"Yellow"
"ENCREC_003";"50";"5043";"Raarvihke/Røyrvik";"2018";1585353.96;1585353.96;"Yellow";"Yellow"
"ENCREC_003";"50";"5043";"Raarvihke/Røyrvik";"2019";1585351.86;1585351.86;"Yellow";"Yellow"
"ENCREC_003";"50";"5043";"Raarvihke/Røyrvik";"2020";1585353.06;1585350.96;"Yellow";"Yellow"
"ENCREC_003";"50";"5043";"Raarvihke/Røyrvik";"2021";1585331.21;1585328.21;"Yellow";"Yellow"
"ENCREC_003";"50";"5043";"Raarvihke/Røyrvik";"2022";1585340.43;1585314.68;"Yellow";"Yellow"
"ENCREC_003";"50";"5043";"Raarvihke/Røyrvik";"2023";1585334.63;1585295.35;"Yellow";"Yellow"
"ENCREC_003";"50";"5043";"Raarvihke/Røyrvik";"2024";1585340.95;1585282.34;"Yellow";"Yellow"
"ENCREC_003";"50";"5043";"Raarvihke/Røyrvik";"Endring 2018-2024";NA;-71.6200000001118;"NA";"Yellow"
"ENCREC_003";"50";"5044";"Namsskogan";"2018";1126781.33;1126781.33;"Yellow";"Yellow"
"ENCREC_003";"50";"5044";"Namsskogan";"2019";1126771.39;1126758.66;"Yellow";"Yellow"
"ENCREC_003";"50";"5044";"Namsskogan";"2020";1126794.06;1126758.66;"Yellow";"Yellow"
"ENCREC_003";"50";"5044";"Namsskogan";"2021";1126782.41;1126747.01;"Yellow";"Yellow"
"ENCREC_003";"50";"5044";"Namsskogan";"2022";1126792.44;1126745.39;"Orange";"Yellow"
"ENCREC_003";"50";"5044";"Namsskogan";"2023";1126791.16;1126742.49;"Yellow";"Yellow"
"ENCREC_003";"50";"5044";"Namsskogan";"2024";1126789.28;1126737.71;"Orange";"Yellow"
"ENCREC_003";"50";"5044";"Namsskogan";"Endring 2018-2024";NA;-43.6200000001118;"NA";"Yellow"
"ENCREC_003";"50";"5045";"Grong";"2018";1135760.17;1135760.17;"Yellow";"Yellow"
"ENCREC_003";"50";"5045";"Grong";"2019";1135707.73;1135694.9;"Yellow";"Yellow"
"ENCREC_003";"50";"5045";"Grong";"2020";1135686.77;1135608.67;"Yellow";"Yellow"
"ENCREC_003";"50";"5045";"Grong";"2021";1135644.02;1135479.69;"Yellow";"Yellow"
"ENCREC_003";"50";"5045";"Grong";"2022";1135640.74;1135347.43;"Orange";"Yellow"
"ENCREC_003";"50";"5045";"Grong";"2023";1135586.01;1135160.44;"Yellow";"Yellow"
"ENCREC_003";"50";"5045";"Grong";"2024";1135739.38;1135126.82;"Orange";"Yellow"
"ENCREC_003";"50";"5045";"Grong";"Endring 2018-2024";NA;-633.34999999986;"NA";"Yellow"
"ENCREC_003";"50";"5046";"Høylandet";"2018";393273.23;393273.23;"Yellow";"Yellow"
"ENCREC_003";"50";"5046";"Høylandet";"2019";393268.12;393266.4;"Yellow";"Yellow"
"ENCREC_003";"50";"5046";"Høylandet";"2020";393272.01;393263.46;"Yellow";"Yellow"
"ENCREC_003";"50";"5046";"Høylandet";"2021";393266.92;393255.43;"Yellow";"Yellow"
"ENCREC_003";"50";"5046";"Høylandet";"2022";393274.56;393255.04;"Yellow";"Yellow"
"ENCREC_003";"50";"5046";"Høylandet";"2023";393271.35;393251.44;"Yellow";"Yellow"
"ENCREC_003";"50";"5046";"Høylandet";"2024";393267.44;393243.93;"Yellow";"Yellow"
"ENCREC_003";"50";"5046";"Høylandet";"Endring 2018-2024";NA;-29.3000000000466;"NA";"Yellow"
"ENCREC_003";"50";"5047";"Overhalla";"2018";729559.61;729559.61;"Yellow";"Yellow"
"ENCREC_003";"50";"5047";"Overhalla";"2019";729529.1;729508.38;"Yellow";"Yellow"
"ENCREC_003";"50";"5047";"Overhalla";"2020";729499.86;729427.91;"Yellow";"Yellow"
"ENCREC_003";"50";"5047";"Overhalla";"2021";729522.45;729370.03;"Yellow";"Yellow"
"ENCREC_003";"50";"5047";"Overhalla";"2022";729537.39;729327.09;"Yellow";"Yellow"
"ENCREC_003";"50";"5047";"Overhalla";"2023";729544.59;729291.35;"Yellow";"Yellow"
"ENCREC_003";"50";"5047";"Overhalla";"2024";729564.97;729275.99;"Yellow";"Yellow"
"ENCREC_003";"50";"5047";"Overhalla";"Endring 2018-2024";NA;-283.619999999995;"NA";"Yellow"
"ENCREC_003";"50";"5049";"Flatanger";"2018";25823.65;25823.65;"Yellow";"Yellow"
"ENCREC_003";"50";"5049";"Flatanger";"2019";25811.81;25810.97;"Yellow";"Yellow"
"ENCREC_003";"50";"5049";"Flatanger";"2020";25619.29;25605.77;"Yellow";"Yellow"
"ENCREC_003";"50";"5049";"Flatanger";"2021";25758.12;25539.4;"Yellow";"Yellow"
"ENCREC_003";"50";"5049";"Flatanger";"2022";25823.19;25538.1;"Yellow";"Yellow"
"ENCREC_003";"50";"5049";"Flatanger";"2023";25822.67;25536.28;"Green";"Yellow"
"ENCREC_003";"50";"5049";"Flatanger";"2024";25815.16;25526.95;"Yellow";"Yellow"
"ENCREC_003";"50";"5049";"Flatanger";"Endring 2018-2024";NA;-296.700000000001;"NA";"Yellow"
"ENCREC_003";"50";"5052";"Leka";"2018";57254.52;57254.52;"Yellow";"Yellow"
"ENCREC_003";"50";"5052";"Leka";"2019";57254.49;57254.49;"Yellow";"Yellow"
"ENCREC_003";"50";"5052";"Leka";"2020";57254.52;57254.49;"Yellow";"Yellow"
"ENCREC_003";"50";"5052";"Leka";"2021";57254.52;57254.49;"Yellow";"Yellow"
"ENCREC_003";"50";"5052";"Leka";"2022";57247.95;57247.92;"Yellow";"Yellow"
"ENCREC_003";"50";"5052";"Leka";"2023";57253.34;57246.74;"Yellow";"Yellow"
"ENCREC_003";"50";"5052";"Leka";"2024";57251.31;57243.53;"Orange";"Yellow"
"ENCREC_003";"50";"5052";"Leka";"Endring 2018-2024";NA;-10.989999999998;"NA";"Yellow"
"ENCREC_003";"50";"5053";"Inderøy";"2018";126263.57;126263.57;"Yellow";"Yellow"
"ENCREC_003";"50";"5053";"Inderøy";"2019";126262.87;126259.82;"Yellow";"Yellow"
"ENCREC_003";"50";"5053";"Inderøy";"2020";126261.43;126254.63;"Yellow";"Yellow"
"ENCREC_003";"50";"5053";"Inderøy";"2021";126237.71;126225.72;"Yellow";"Yellow"
"ENCREC_003";"50";"5053";"Inderøy";"2022";126253.9;126213;"Yellow";"Yellow"
"ENCREC_003";"50";"5053";"Inderøy";"2023";126248.2;126194.58;"Green";"Yellow"
"ENCREC_003";"50";"5053";"Inderøy";"2024";126265.65;126193.61;"Yellow";"Yellow"
"ENCREC_003";"50";"5053";"Inderøy";"Endring 2018-2024";NA;-69.9599999999919;"NA";"Yellow"
"ENCREC_003";"50";"5054";"Indre Fosen";"2018";571190.28;571190.28;"Yellow";"Yellow"
"ENCREC_003";"50";"5054";"Indre Fosen";"2019";571178.12;571176.72;"Yellow";"Yellow"
"ENCREC_003";"50";"5054";"Indre Fosen";"2020";571179.95;571164.99;"Yellow";"Yellow"
"ENCREC_003";"50";"5054";"Indre Fosen";"2021";571166.79;571140.1;"Yellow";"Yellow"
"ENCREC_003";"50";"5054";"Indre Fosen";"2022";571167.76;571116.18;"Yellow";"Yellow"
"ENCREC_003";"50";"5054";"Indre Fosen";"2023";571165.26;571089.76;"Green";"Yellow"
"ENCREC_003";"50";"5054";"Indre Fosen";"2024";571179.69;571077.77;"Yellow";"Yellow"
"ENCREC_003";"50";"5054";"Indre Fosen";"Endring 2018-2024";NA;-112.510000000009;"NA";"Yellow"
"ENCREC_003";"50";"5055";"Heim";"2018";867880.6;867880.6;"Yellow";"Yellow"
"ENCREC_003";"50";"5055";"Heim";"2019";867879.08;867855.55;"Yellow";"Yellow"
"ENCREC_003";"50";"5055";"Heim";"2020";867836.97;867788.39;"Yellow";"Yellow"
"ENCREC_003";"50";"5055";"Heim";"2021";867826.07;867710.33;"Yellow";"Yellow"
"ENCREC_003";"50";"5055";"Heim";"2022";867829.97;867636.17;"Yellow";"Yellow"
"ENCREC_003";"50";"5055";"Heim";"2023";867862.7;867594.74;"Green";"Yellow"
"ENCREC_003";"50";"5055";"Heim";"2024";867878.9;867569.51;"Yellow";"Yellow"
"ENCREC_003";"50";"5055";"Heim";"Endring 2018-2024";NA;-311.089999999967;"NA";"Yellow"
"ENCREC_003";"50";"5056";"Hitra";"2018";250675.03;250675.03;"Yellow";"Yellow"
"ENCREC_003";"50";"5056";"Hitra";"2019";250662.06;250658.16;"Yellow";"Yellow"
"ENCREC_003";"50";"5056";"Hitra";"2020";250675.7;250654.93;"Yellow";"Yellow"
"ENCREC_003";"50";"5056";"Hitra";"2021";250661.39;250637.39;"Orange";"Yellow"
"ENCREC_003";"50";"5056";"Hitra";"2022";250676.64;250635.1;"Orange";"Yellow"
"ENCREC_003";"50";"5056";"Hitra";"2023";250676.42;250632.59;"Yellow";"Yellow"
"ENCREC_003";"50";"5056";"Hitra";"2024";250675.53;250629.19;"Orange";"Yellow"
"ENCREC_003";"50";"5056";"Hitra";"Endring 2018-2024";NA;-45.8399999999965;"NA";"Yellow"
"ENCREC_003";"50";"5057";"Ørland";"2018";214359.36;214359.36;"Yellow";"Yellow"
"ENCREC_003";"50";"5057";"Ørland";"2019";214446.79;214319.26;"Yellow";"Yellow"
"ENCREC_003";"50";"5057";"Ørland";"2020";214426.36;214258.73;"Yellow";"Yellow"
"ENCREC_003";"50";"5057";"Ørland";"2021";214468.34;214240.18;"Yellow";"Yellow"
"ENCREC_003";"50";"5057";"Ørland";"2022";214454.59;214207.88;"Yellow";"Yellow"
"ENCREC_003";"50";"5057";"Ørland";"2023";214455.61;214176.6;"Yellow";"Yellow"
"ENCREC_003";"50";"5057";"Ørland";"2024";214478.13;214167.84;"Yellow";"Yellow"
"ENCREC_003";"50";"5057";"Ørland";"Endring 2018-2024";NA;-191.51999999999;"NA";"Yellow"
"ENCREC_003";"50";"5058";"Åfjord";"2018";578157.01;578157.01;"Yellow";"Yellow"
"ENCREC_003";"50";"5058";"Åfjord";"2019";578061.64;577944.38;"Yellow";"Yellow"
"ENCREC_003";"50";"5058";"Åfjord";"2020";578250.89;577921;"Yellow";"Yellow"
"ENCREC_003";"50";"5058";"Åfjord";"2021";578257.64;577904.37;"Orange";"Yellow"
"ENCREC_003";"50";"5058";"Åfjord";"2022";578268.17;577898.27;"Orange";"Yellow"
"ENCREC_003";"50";"5058";"Åfjord";"2023";578203.5;577827.5;"Orange";"Yellow"
"ENCREC_003";"50";"5058";"Åfjord";"2024";578260.83;577814.06;"Orange";"Yellow"
"ENCREC_003";"50";"5058";"Åfjord";"Endring 2018-2024";NA;-342.949999999953;"NA";"Yellow"
"ENCREC_003";"50";"5059";"Orkland";"2018";598740.83;598740.83;"Yellow";"Yellow"
"ENCREC_003";"50";"5059";"Orkland";"2019";598583.02;598525.51;"Yellow";"Yellow"
"ENCREC_003";"50";"5059";"Orkland";"2020";598646.73;598373.9;"Yellow";"Yellow"
"ENCREC_003";"50";"5059";"Orkland";"2021";598754.24;598329.8;"Yellow";"Yellow"
"ENCREC_003";"50";"5059";"Orkland";"2022";598704.79;598236.25;"Yellow";"Yellow"
"ENCREC_003";"50";"5059";"Orkland";"2023";598665.82;598103.73;"Green";"Yellow"
"ENCREC_003";"50";"5059";"Orkland";"2024";598778.62;598084.01;"Yellow";"Yellow"
"ENCREC_003";"50";"5059";"Orkland";"Endring 2018-2024";NA;-656.819999999949;"NA";"Yellow"
"ENCREC_003";"50";"5060";"Nærøysund";"2018";713546.21;713546.21;"Yellow";"Yellow"
"ENCREC_003";"50";"5060";"Nærøysund";"2019";713536.93;713524.18;"Yellow";"Yellow"
"ENCREC_003";"50";"5060";"Nærøysund";"2020";713487.11;713452.33;"Yellow";"Yellow"
"ENCREC_003";"50";"5060";"Nærøysund";"2021";713515.16;713408.53;"Yellow";"Yellow"
"ENCREC_003";"50";"5060";"Nærøysund";"2022";713524.11;713373.68;"Yellow";"Yellow"
"ENCREC_003";"50";"5060";"Nærøysund";"2023";713528.05;713342.77;"Yellow";"Yellow"
"ENCREC_003";"50";"5060";"Nærøysund";"2024";713533.2;713317.01;"Yellow";"Yellow"
"ENCREC_003";"50";"5060";"Nærøysund";"Endring 2018-2024";NA;-229.199999999953;"NA";"Yellow"
"ENCREC_003";"50";"5061";"Rindal";"2018";102559.36;102559.36;"Yellow";"Yellow"
"ENCREC_003";"50";"5061";"Rindal";"2019";102562.84;102557.22;"Yellow";"Yellow"
"ENCREC_003";"50";"5061";"Rindal";"2020";102559.25;102551.49;"Yellow";"Yellow"
"ENCREC_003";"50";"5061";"Rindal";"2021";102556.31;102542.82;"Yellow";"Yellow"
"ENCREC_003";"50";"5061";"Rindal";"2022";102555.33;102533.17;"Yellow";"Yellow"
"ENCREC_003";"50";"5061";"Rindal";"2023";102546.32;102514.51;"Yellow";"Yellow"
"ENCREC_003";"50";"5061";"Rindal";"2024";102564.25;102513.78;"Yellow";"Yellow"
"ENCREC_003";"50";"5061";"Rindal";"Endring 2018-2024";NA;-45.5800000000017;"NA";"Yellow"
"ENCREC_003";"55";"5501";"Tromsø";"2018";1985906.4;1985906.4;"Yellow";"Yellow"
"ENCREC_003";"55";"5501";"Tromsø";"2019";1985872.68;1985859.34;"Yellow";"Yellow"
"ENCREC_003";"55";"5501";"Tromsø";"2020";1985885.33;1985824.93;"Yellow";"Yellow"
"ENCREC_003";"55";"5501";"Tromsø";"2021";1985841.23;1985746.42;"Yellow";"Yellow"
"ENCREC_003";"55";"5501";"Tromsø";"2022";1985889.36;1985716.04;"Yellow";"Yellow"
"ENCREC_003";"55";"5501";"Tromsø";"2023";1985893.15;1985689.45;"Green";"Yellow"
"ENCREC_003";"55";"5501";"Tromsø";"2024";1985828.99;1985598.7;"Yellow";"Yellow"
"ENCREC_003";"55";"5501";"Tromsø";"Endring 2018-2024";NA;-307.699999999953;"NA";"Yellow"
"ENCREC_003";"55";"5503";"Harstad/Hárstták";"2018";227904.01;227904.01;"Yellow";"Yellow"
"ENCREC_003";"55";"5503";"Harstad/Hárstták";"2019";227881.19;227879.55;"Yellow";"Yellow"
"ENCREC_003";"55";"5503";"Harstad/Hárstták";"2020";227885.68;227859.58;"Yellow";"Yellow"
"ENCREC_003";"55";"5503";"Harstad/Hárstták";"2021";227890.17;227844.1;"Yellow";"Yellow"
"ENCREC_003";"55";"5503";"Harstad/Hárstták";"2022";227885.02;227823.47;"Yellow";"Yellow"
"ENCREC_003";"55";"5503";"Harstad/Hárstták";"2023";227864.48;227782.3;"Green";"Yellow"
"ENCREC_003";"55";"5503";"Harstad/Hárstták";"2024";227710.76;227587.41;"Yellow";"Yellow"
"ENCREC_003";"55";"5503";"Harstad/Hárstták";"Endring 2018-2024";NA;-316.599999999977;"NA";"Yellow"
"ENCREC_003";"55";"5510";"Kvæfjord";"2018";103991.05;103991.05;"Yellow";"Yellow"
"ENCREC_003";"55";"5510";"Kvæfjord";"2019";103991.05;103991.05;"Yellow";"Yellow"
"ENCREC_003";"55";"5510";"Kvæfjord";"2020";103991.05;103991.05;"Yellow";"Yellow"
"ENCREC_003";"55";"5510";"Kvæfjord";"2021";103991;103991;"Orange";"Yellow"
"ENCREC_003";"55";"5510";"Kvæfjord";"2022";103991.05;103991;"Yellow";"Yellow"
"ENCREC_003";"55";"5510";"Kvæfjord";"2023";103991.05;103991;"Green";"Yellow"
"ENCREC_003";"55";"5510";"Kvæfjord";"2024";103981.22;103981.17;"Orange";"Yellow"
"ENCREC_003";"55";"5510";"Kvæfjord";"Endring 2018-2024";NA;-9.88000000000466;"NA";"Yellow"
"ENCREC_003";"55";"5512";"Dielddanuorri/Tjeldsund";"2018";635185.19;635185.19;"Yellow";"Yellow"
"ENCREC_003";"55";"5512";"Dielddanuorri/Tjeldsund";"2019";635183.3;635183.08;"Yellow";"Yellow"
"ENCREC_003";"55";"5512";"Dielddanuorri/Tjeldsund";"2020";635178.3;635175.97;"Yellow";"Yellow"
"ENCREC_003";"55";"5512";"Dielddanuorri/Tjeldsund";"2021";635134.84;635125.4;"Yellow";"Yellow"
"ENCREC_003";"55";"5512";"Dielddanuorri/Tjeldsund";"2022";635149.75;635089.74;"Orange";"Yellow"
"ENCREC_003";"55";"5512";"Dielddanuorri/Tjeldsund";"2023";635124.58;635028.91;"Yellow";"Yellow"
"ENCREC_003";"55";"5512";"Dielddanuorri/Tjeldsund";"2024";634751.35;634594.85;"Orange";"Orange"
"ENCREC_003";"55";"5512";"Dielddanuorri/Tjeldsund";"Endring 2018-2024";NA;-590.340000000084;"NA";"Yellow"
"ENCREC_003";"55";"5516";"Gratangen";"2018";245681.25;245681.25;"Yellow";"Yellow"
"ENCREC_003";"55";"5516";"Gratangen";"2019";245681.14;245681.03;"Yellow";"Yellow"
"ENCREC_003";"55";"5516";"Gratangen";"2020";245680.68;245680.35;"Yellow";"Yellow"
"ENCREC_003";"55";"5516";"Gratangen";"2021";245677.31;245676.3;"Orange";"Yellow"
"ENCREC_003";"55";"5516";"Gratangen";"2022";245679.15;245674.09;"Orange";"Orange"
"ENCREC_003";"55";"5516";"Gratangen";"2023";245681.36;245674.09;"Green";"Orange"
"ENCREC_003";"55";"5516";"Gratangen";"2024";245679.49;245672.22;"Orange";"Orange"
"ENCREC_003";"55";"5516";"Gratangen";"Endring 2018-2024";NA;-9.03000000002794;"NA";"Yellow"
"ENCREC_003";"55";"5518";"Loabák/Lavangen";"2018";204563.25;204563.25;"Yellow";"Yellow"
"ENCREC_003";"55";"5518";"Loabák/Lavangen";"2019";204563.25;204563.25;"Yellow";"Yellow"
"ENCREC_003";"55";"5518";"Loabák/Lavangen";"2020";204563.25;204563.25;"Yellow";"Yellow"
"ENCREC_003";"55";"5518";"Loabák/Lavangen";"2021";204563.25;204563.25;"Yellow";"Yellow"
"ENCREC_003";"55";"5518";"Loabák/Lavangen";"2022";204563.25;204563.25;"Yellow";"Yellow"
"ENCREC_003";"55";"5518";"Loabák/Lavangen";"2023";204563.25;204563.25;"Green";"Yellow"
"ENCREC_003";"55";"5518";"Loabák/Lavangen";"2024";204562.66;204562.66;"Orange";"Yellow"
"ENCREC_003";"55";"5518";"Loabák/Lavangen";"Endring 2018-2024";NA;-0.589999999996508;"NA";"Yellow"
"ENCREC_003";"55";"5520";"Bardu";"2018";1842497.63;1842497.63;"Yellow";"Yellow"
"ENCREC_003";"55";"5520";"Bardu";"2019";1842492.31;1842491.87;"Yellow";"Yellow"
"ENCREC_003";"55";"5520";"Bardu";"2020";1842497.45;1842491.25;"Yellow";"Yellow"
"ENCREC_003";"55";"5520";"Bardu";"2021";1842497.63;1842490.81;"Yellow";"Yellow"
"ENCREC_003";"55";"5520";"Bardu";"2022";1842486.78;1842479.52;"Yellow";"Yellow"
"ENCREC_003";"55";"5520";"Bardu";"2023";1842496.11;1842477.56;"Green";"Yellow"
"ENCREC_003";"55";"5520";"Bardu";"2024";1842495.87;1842475.36;"Yellow";"Yellow"
"ENCREC_003";"55";"5520";"Bardu";"Endring 2018-2024";NA;-22.2700000000186;"NA";"Yellow"
"ENCREC_003";"55";"5522";"Salangen";"2018";193780.39;193780.39;"Yellow";"Yellow"
"ENCREC_003";"55";"5522";"Salangen";"2019";193780.39;193780.39;"Yellow";"Yellow"
"ENCREC_003";"55";"5522";"Salangen";"2020";193780.39;193780.39;"Yellow";"Yellow"
"ENCREC_003";"55";"5522";"Salangen";"2021";193780.39;193780.39;"Yellow";"Yellow"
"ENCREC_003";"55";"5522";"Salangen";"2022";193774.99;193774.99;"Orange";"Yellow"
"ENCREC_003";"55";"5522";"Salangen";"2023";193779.2;193773.8;"Orange";"Orange"
"ENCREC_003";"55";"5522";"Salangen";"2024";193778.87;193772.28;"Orange";"Orange"
"ENCREC_003";"55";"5522";"Salangen";"Endring 2018-2024";NA;-8.10999999998603;"NA";"Yellow"
"ENCREC_003";"55";"5524";"Målselv";"2018";2748030.14;2748030.14;"Yellow";"Yellow"
"ENCREC_003";"55";"5524";"Målselv";"2019";2748030.71;2748029.51;"Yellow";"Yellow"
"ENCREC_003";"55";"5524";"Målselv";"2020";2748030.94;2748029.11;"Yellow";"Yellow"
"ENCREC_003";"55";"5524";"Målselv";"2021";2748026.8;2748024.57;"Yellow";"Yellow"
"ENCREC_003";"55";"5524";"Målselv";"2022";2748027.78;2748021.01;"Yellow";"Yellow"
"ENCREC_003";"55";"5524";"Målselv";"2023";2748012.3;2748001.97;"Green";"Yellow"
"ENCREC_003";"55";"5524";"Målselv";"2024";2748028.04;2747998.67;"Yellow";"Yellow"
"ENCREC_003";"55";"5524";"Målselv";"Endring 2018-2024";NA;-31.4699999997392;"NA";"Yellow"
"ENCREC_003";"55";"5526";"Sørreisa";"2018";182215.26;182215.26;"Yellow";"Yellow"
"ENCREC_003";"55";"5526";"Sørreisa";"2019";182215.33;182215.26;"Yellow";"Yellow"
"ENCREC_003";"55";"5526";"Sørreisa";"2020";182209.91;182209.84;"Yellow";"Yellow"
"ENCREC_003";"55";"5526";"Sørreisa";"2021";182214.87;182209.38;"Yellow";"Yellow"
"ENCREC_003";"55";"5526";"Sørreisa";"2022";182215.33;182209.38;"Yellow";"Yellow"
"ENCREC_003";"55";"5526";"Sørreisa";"2023";182215.33;182209.38;"Green";"Yellow"
"ENCREC_003";"55";"5526";"Sørreisa";"2024";182215.33;182209.38;"Yellow";"Yellow"
"ENCREC_003";"55";"5526";"Sørreisa";"Endring 2018-2024";NA;-5.88000000000466;"NA";"Yellow"
"ENCREC_003";"55";"5530";"Senja";"2018";1140072.52;1140072.52;"Yellow";"Yellow"
"ENCREC_003";"55";"5530";"Senja";"2019";1140041.46;1140041.39;"Yellow";"Yellow"
"ENCREC_003";"55";"5530";"Senja";"2020";1140051.79;1140020.59;"Yellow";"Yellow"
"ENCREC_003";"55";"5530";"Senja";"2021";1140000.38;1139948.38;"Yellow";"Yellow"
"ENCREC_003";"55";"5530";"Senja";"2022";1140042.26;1139918.05;"Yellow";"Yellow"
"ENCREC_003";"55";"5530";"Senja";"2023";1140065.09;1139910.55;"Yellow";"Yellow"
"ENCREC_003";"55";"5530";"Senja";"2024";1140072.05;1139910.01;"Yellow";"Yellow"
"ENCREC_003";"55";"5530";"Senja";"Endring 2018-2024";NA;-162.510000000009;"NA";"Yellow"
"ENCREC_003";"55";"5532";"Balsfjord";"2018";1199504.84;1199504.84;"Yellow";"Yellow"
"ENCREC_003";"55";"5532";"Balsfjord";"2019";1199494.78;1199494.36;"Yellow";"Yellow"
"ENCREC_003";"55";"5532";"Balsfjord";"2020";1199494.42;1199483.52;"Yellow";"Yellow"
"ENCREC_003";"55";"5532";"Balsfjord";"2021";1199488.11;1199466.37;"Yellow";"Yellow"
"ENCREC_003";"55";"5532";"Balsfjord";"2022";1199498.43;1199459.54;"Yellow";"Yellow"
"ENCREC_003";"55";"5532";"Balsfjord";"2023";1199489.33;1199443.61;"Green";"Yellow"
"ENCREC_003";"55";"5532";"Balsfjord";"2024";1199504.86;1199443.21;"Yellow";"Yellow"
"ENCREC_003";"55";"5532";"Balsfjord";"Endring 2018-2024";NA;-61.6300000001211;"NA";"Yellow"
"ENCREC_003";"55";"5534";"Karlsøy";"2018";954712.4;954712.4;"Yellow";"Yellow"
"ENCREC_003";"55";"5534";"Karlsøy";"2019";954714.39;954710.89;"Yellow";"Yellow"
"ENCREC_003";"55";"5534";"Karlsøy";"2020";954715.87;954710.86;"Yellow";"Yellow"
"ENCREC_003";"55";"5534";"Karlsøy";"2021";954710.29;954705.25;"Yellow";"Yellow"
"ENCREC_003";"55";"5534";"Karlsøy";"2022";954706.54;954695.89;"Yellow";"Yellow"
"ENCREC_003";"55";"5534";"Karlsøy";"2023";954708.35;954688.34;"Green";"Yellow"
"ENCREC_003";"55";"5534";"Karlsøy";"2024";954715.9;954688.34;"Yellow";"Yellow"
"ENCREC_003";"55";"5534";"Karlsøy";"Endring 2018-2024";NA;-24.0600000000559;"NA";"Yellow"
"ENCREC_003";"55";"5536";"Lyngen";"2018";707482.85;707482.85;"Yellow";"Yellow"
"ENCREC_003";"55";"5536";"Lyngen";"2019";707480.16;707479.84;"Yellow";"Yellow"
"ENCREC_003";"55";"5536";"Lyngen";"2020";707469.18;707465.85;"Yellow";"Yellow"
"ENCREC_003";"55";"5536";"Lyngen";"2021";707472.8;707455.48;"Yellow";"Yellow"
"ENCREC_003";"55";"5536";"Lyngen";"2022";707478.45;707450.76;"Yellow";"Yellow"
"ENCREC_003";"55";"5536";"Lyngen";"2023";707472.69;707440.28;"Green";"Yellow"
"ENCREC_003";"55";"5536";"Lyngen";"2024";707474.94;707432.05;"Yellow";"Yellow"
"ENCREC_003";"55";"5536";"Lyngen";"Endring 2018-2024";NA;-50.8000000000466;"NA";"Yellow"
"ENCREC_003";"55";"5538";"Storfjord/Omasvuotna/Omasvuono";"2018";1523441.28;1523441.28;"Yellow";"Yellow"
"ENCREC_003";"55";"5538";"Storfjord/Omasvuotna/Omasvuono";"2019";1523451.83;1523411.97;"Yellow";"Yellow"
"ENCREC_003";"55";"5538";"Storfjord/Omasvuotna/Omasvuono";"2020";1523378.19;1523309.02;"Yellow";"Yellow"
"ENCREC_003";"55";"5538";"Storfjord/Omasvuotna/Omasvuono";"2021";1523459.34;1523287.22;"Yellow";"Yellow"
"ENCREC_003";"55";"5538";"Storfjord/Omasvuotna/Omasvuono";"2022";1523462.56;1523268.64;"Yellow";"Yellow"
"ENCREC_003";"55";"5538";"Storfjord/Omasvuotna/Omasvuono";"2023";1523474.6;1523262.1;"Yellow";"Yellow"
"ENCREC_003";"55";"5538";"Storfjord/Omasvuotna/Omasvuono";"2024";1523480.6;1523261.56;"Yellow";"Yellow"
"ENCREC_003";"55";"5538";"Storfjord/Omasvuotna/Omasvuono";"Endring 2018-2024";NA;-179.719999999972;"NA";"Yellow"
"ENCREC_003";"55";"5540";"Gáivuotna/Kåfjord/Kaivuono";"2018";990230.68;990230.68;"Yellow";"Yellow"
"ENCREC_003";"55";"5540";"Gáivuotna/Kåfjord/Kaivuono";"2019";990228.75;990220.09;"Yellow";"Yellow"
"ENCREC_003";"55";"5540";"Gáivuotna/Kåfjord/Kaivuono";"2020";990207.86;990188.61;"Yellow";"Yellow"
"ENCREC_003";"55";"5540";"Gáivuotna/Kåfjord/Kaivuono";"2021";990157.79;990107.06;"Yellow";"Yellow"
"ENCREC_003";"55";"5540";"Gáivuotna/Kåfjord/Kaivuono";"2022";990224.86;990092.58;"Yellow";"Yellow"
"ENCREC_003";"55";"5540";"Gáivuotna/Kåfjord/Kaivuono";"2023";990135.01;989988.25;"Yellow";"Yellow"
"ENCREC_003";"55";"5540";"Gáivuotna/Kåfjord/Kaivuono";"2024";990229.78;989978.69;"Orange";"Yellow"
"ENCREC_003";"55";"5540";"Gáivuotna/Kåfjord/Kaivuono";"Endring 2018-2024";NA;-251.989999999991;"NA";"Yellow"
"ENCREC_003";"55";"5542";"Skjervøy";"2018";456976.8;456976.8;"Yellow";"Yellow"
"ENCREC_003";"55";"5542";"Skjervøy";"2019";456984.29;456974.39;"Yellow";"Yellow"
"ENCREC_003";"55";"5542";"Skjervøy";"2020";456986.7;456974.39;"Yellow";"Yellow"
"ENCREC_003";"55";"5542";"Skjervøy";"2021";456982.05;456969.74;"Yellow";"Yellow"
"ENCREC_003";"55";"5542";"Skjervøy";"2022";456955.17;456938.21;"Yellow";"Yellow"
"ENCREC_003";"55";"5542";"Skjervøy";"2023";456964.44;456915.95;"Yellow";"Yellow"
"ENCREC_003";"55";"5542";"Skjervøy";"2024";456984.2;456913.45;"Orange";"Yellow"
"ENCREC_003";"55";"5542";"Skjervøy";"Endring 2018-2024";NA;-63.3499999999767;"NA";"Yellow"
"ENCREC_003";"55";"5544";"Nordreisa/Ráisa/Raisi";"2018";3367457.28;3367457.28;"Yellow";"Yellow"
"ENCREC_003";"55";"5544";"Nordreisa/Ráisa/Raisi";"2019";3367455.07;3367452.98;"Yellow";"Yellow"
"ENCREC_003";"55";"5544";"Nordreisa/Ráisa/Raisi";"2020";3367445.27;3367438.88;"Yellow";"Yellow"
"ENCREC_003";"55";"5544";"Nordreisa/Ráisa/Raisi";"2021";3367442.87;3367422.38;"Yellow";"Yellow"
"ENCREC_003";"55";"5544";"Nordreisa/Ráisa/Raisi";"2022";3367383.28;3367346.29;"Yellow";"Yellow"
"ENCREC_003";"55";"5544";"Nordreisa/Ráisa/Raisi";"2023";3367327.09;3367214.01;"Yellow";"Yellow"
"ENCREC_003";"55";"5544";"Nordreisa/Ráisa/Raisi";"2024";3367431.72;3367186.36;"Yellow";"Yellow"
"ENCREC_003";"55";"5544";"Nordreisa/Ráisa/Raisi";"Endring 2018-2024";NA;-270.919999999925;"NA";"Yellow"
"ENCREC_003";"55";"5546";"Kvænangen";"2018";537093.84;537093.84;"Yellow";"Yellow"
"ENCREC_003";"55";"5546";"Kvænangen";"2019";537093.63;537093.63;"Yellow";"Yellow"
"ENCREC_003";"55";"5546";"Kvænangen";"2020";537093.84;537093.63;"Yellow";"Yellow"
"ENCREC_003";"55";"5546";"Kvænangen";"2021";537085.2;537084.99;"Yellow";"Yellow"
"ENCREC_003";"55";"5546";"Kvænangen";"2022";537040.2;537031.35;"Yellow";"Yellow"
"ENCREC_003";"55";"5546";"Kvænangen";"2023";537066.78;537004.29;"Yellow";"Yellow"
"ENCREC_003";"55";"5546";"Kvænangen";"2024";537089;536999.45;"Yellow";"Yellow"
"ENCREC_003";"55";"5546";"Kvænangen";"Endring 2018-2024";NA;-94.390000000014;"NA";"Yellow"
"ENCREC_003";"56";"5601";"Alta";"2018";783872.19;783872.19;"Yellow";"Yellow"
"ENCREC_003";"56";"5601";"Alta";"2019";783848.91;783830.95;"Yellow";"Yellow"
"ENCREC_003";"56";"5601";"Alta";"2020";783849.47;783790.27;"Yellow";"Yellow"
"ENCREC_003";"56";"5601";"Alta";"2021";783810.03;783710.15;"Yellow";"Yellow"
"ENCREC_003";"56";"5601";"Alta";"2022";783835.26;783655.26;"Yellow";"Yellow"
"ENCREC_003";"56";"5601";"Alta";"2023";783817.12;783582.23;"Yellow";"Yellow"
"ENCREC_003";"56";"5601";"Alta";"2024";783869.58;783561.66;"Yellow";"Yellow"
"ENCREC_003";"56";"5601";"Alta";"Endring 2018-2024";NA;-310.530000000028;"NA";"Yellow"
"ENCREC_003";"56";"5603";"Hammerfest/Hámmerfeasta";"2018";823734.39;823734.39;"Yellow";"Yellow"
"ENCREC_003";"56";"5603";"Hammerfest/Hámmerfeasta";"2019";823735.63;823731.54;"Yellow";"Yellow"
"ENCREC_003";"56";"5603";"Hammerfest/Hámmerfeasta";"2020";823732.85;823725.91;"Yellow";"Yellow"
"ENCREC_003";"56";"5603";"Hammerfest/Hámmerfeasta";"2021";823736.29;823723.72;"Yellow";"Yellow"
"ENCREC_003";"56";"5603";"Hammerfest/Hámmerfeasta";"2022";823734.74;823719.98;"Yellow";"Yellow"
"ENCREC_003";"56";"5603";"Hammerfest/Hámmerfeasta";"2023";823738.48;823719.98;"Green";"Yellow"
"ENCREC_003";"56";"5603";"Hammerfest/Hámmerfeasta";"2024";823733.89;823715.39;"Yellow";"Yellow"
"ENCREC_003";"56";"5603";"Hammerfest/Hámmerfeasta";"Endring 2018-2024";NA;-19;"NA";"Yellow"
"ENCREC_003";"56";"5605";"Sør-Varanger";"2018";1590028.34;1590028.34;"Yellow";"Yellow"
"ENCREC_003";"56";"5605";"Sør-Varanger";"2019";1590027.7;1590027.68;"Yellow";"Yellow"
"ENCREC_003";"56";"5605";"Sør-Varanger";"2020";1590004.13;1590003.45;"Yellow";"Yellow"
"ENCREC_003";"56";"5605";"Sør-Varanger";"2021";1590008.77;1589983.86;"Yellow";"Yellow"
"ENCREC_003";"56";"5605";"Sør-Varanger";"2022";1589989.78;1589945.28;"Yellow";"Yellow"
"ENCREC_003";"56";"5605";"Sør-Varanger";"2023";1589985.66;1589902.58;"Yellow";"Yellow"
"ENCREC_003";"56";"5605";"Sør-Varanger";"2024";1590027.03;1589901.25;"Yellow";"Yellow"
"ENCREC_003";"56";"5605";"Sør-Varanger";"Endring 2018-2024";NA;-127.090000000084;"NA";"Yellow"
"ENCREC_003";"56";"5607";"Vadsø";"2018";1049320.09;1049320.09;"Yellow";"Yellow"
"ENCREC_003";"56";"5607";"Vadsø";"2019";1049319.33;1049318.22;"Yellow";"Yellow"
"ENCREC_003";"56";"5607";"Vadsø";"2020";1049320.33;1049317.35;"Yellow";"Yellow"
"ENCREC_003";"56";"5607";"Vadsø";"2021";1049315.56;1049311.71;"Yellow";"Yellow"
"ENCREC_003";"56";"5607";"Vadsø";"2022";1049312.16;1049302.67;"Yellow";"Yellow"
"ENCREC_003";"56";"5607";"Vadsø";"2023";1049317.16;1049298.63;"Yellow";"Yellow"
"ENCREC_003";"56";"5607";"Vadsø";"2024";1049318.03;1049295.46;"Orange";"Yellow"
"ENCREC_003";"56";"5607";"Vadsø";"Endring 2018-2024";NA;-24.6299999998882;"NA";"Yellow"
"ENCREC_003";"56";"5612";"Guovdageaidnu/Kautokeino";"2018";1586596.08;1586596.08;"Yellow";"Yellow"
"ENCREC_003";"56";"5612";"Guovdageaidnu/Kautokeino";"2019";1586591.63;1586591.34;"Yellow";"Yellow"
"ENCREC_003";"56";"5612";"Guovdageaidnu/Kautokeino";"2020";1586596.37;1586591.34;"Yellow";"Yellow"
"ENCREC_003";"56";"5612";"Guovdageaidnu/Kautokeino";"2021";1586592.59;1586587.56;"Yellow";"Yellow"
"ENCREC_003";"56";"5612";"Guovdageaidnu/Kautokeino";"2022";1586586.81;1586578;"Yellow";"Yellow"
"ENCREC_003";"56";"5612";"Guovdageaidnu/Kautokeino";"2023";1586586.79;1586568.42;"Yellow";"Yellow"
"ENCREC_003";"56";"5612";"Guovdageaidnu/Kautokeino";"2024";1586588.24;1586560.29;"Yellow";"Yellow"
"ENCREC_003";"56";"5612";"Guovdageaidnu/Kautokeino";"Endring 2018-2024";NA;-35.7900000000373;"NA";"Yellow"
"ENCREC_003";"56";"5614";"Loppa";"2018";295517.74;295517.74;"Yellow";"Yellow"
"ENCREC_003";"56";"5614";"Loppa";"2019";295517.47;295517.47;"Yellow";"Yellow"
"ENCREC_003";"56";"5614";"Loppa";"2020";295517.74;295517.47;"Yellow";"Yellow"
"ENCREC_003";"56";"5614";"Loppa";"2021";295517.74;295517.47;"Yellow";"Yellow"
"ENCREC_003";"56";"5614";"Loppa";"2022";295517.74;295517.47;"Yellow";"Yellow"
"ENCREC_003";"56";"5614";"Loppa";"2023";295516.24;295515.97;"Green";"Yellow"
"ENCREC_003";"56";"5614";"Loppa";"2024";295516.61;295514.84;"Yellow";"Yellow"
"ENCREC_003";"56";"5614";"Loppa";"Endring 2018-2024";NA;-2.90000000002328;"NA";"Yellow"
"ENCREC_003";"56";"5616";"Hasvik";"2018";16053.01;16053.01;"Yellow";"Yellow"
"ENCREC_003";"56";"5616";"Hasvik";"2019";16052.71;16052.71;"Yellow";"Yellow"
"ENCREC_003";"56";"5616";"Hasvik";"2020";16053.01;16052.71;"Yellow";"Yellow"
"ENCREC_003";"56";"5616";"Hasvik";"2021";16053.01;16052.71;"Yellow";"Yellow"
"ENCREC_003";"56";"5616";"Hasvik";"2022";16053.01;16052.71;"Yellow";"Yellow"
"ENCREC_003";"56";"5616";"Hasvik";"2023";16053.01;16052.71;"Green";"Yellow"
"ENCREC_003";"56";"5616";"Hasvik";"2024";16053.01;16052.71;"Yellow";"Yellow"
"ENCREC_003";"56";"5616";"Hasvik";"Endring 2018-2024";NA;-0.299999999999272;"NA";"Yellow"
"ENCREC_003";"56";"5618";"Måsøy";"2018";359335.26;359335.26;"Yellow";"Yellow"
"ENCREC_003";"56";"5618";"Måsøy";"2019";359333.94;359333.94;"Yellow";"Yellow"
"ENCREC_003";"56";"5618";"Måsøy";"2020";359302.16;359300.84;"Yellow";"Yellow"
"ENCREC_003";"56";"5618";"Måsøy";"2021";359330.5;359296.08;"Yellow";"Yellow"
"ENCREC_003";"56";"5618";"Måsøy";"2022";359334.8;359295.62;"Yellow";"Yellow"
"ENCREC_003";"56";"5618";"Måsøy";"2023";359334.67;359295.03;"Green";"Yellow"
"ENCREC_003";"56";"5618";"Måsøy";"2024";359335.26;359295.03;"Yellow";"Yellow"
"ENCREC_003";"56";"5618";"Måsøy";"Endring 2018-2024";NA;-40.2299999999814;"NA";"Yellow"
"ENCREC_003";"56";"5620";"Nordkapp";"2018";903114.48;903114.48;"Yellow";"Yellow"
"ENCREC_003";"56";"5620";"Nordkapp";"2019";903113.1;903112.98;"Yellow";"Yellow"
"ENCREC_003";"56";"5620";"Nordkapp";"2020";903104.98;903103.36;"Yellow";"Yellow"
"ENCREC_003";"56";"5620";"Nordkapp";"2021";903111.42;903100.18;"Yellow";"Yellow"
"ENCREC_003";"56";"5620";"Nordkapp";"2022";903108.4;903093.98;"Yellow";"Yellow"
"ENCREC_003";"56";"5620";"Nordkapp";"2023";903114.6;903093.98;"Green";"Yellow"
"ENCREC_003";"56";"5620";"Nordkapp";"2024";903111.17;903090.55;"Yellow";"Yellow"
"ENCREC_003";"56";"5620";"Nordkapp";"Endring 2018-2024";NA;-23.9300000000512;"NA";"Yellow"
"ENCREC_003";"56";"5622";"Porsanger/Porsáŋgu/Porsanki";"2018";4776640.71;4776640.71;"Yellow";"Yellow"
"ENCREC_003";"56";"5622";"Porsanger/Porsáŋgu/Porsanki";"2019";4776503.19;4776493.88;"Yellow";"Yellow"
"ENCREC_003";"56";"5622";"Porsanger/Porsáŋgu/Porsanki";"2020";4776616.58;4776460.44;"Yellow";"Yellow"
"ENCREC_003";"56";"5622";"Porsanger/Porsáŋgu/Porsanki";"2021";4776618.99;4776429.41;"Yellow";"Yellow"
"ENCREC_003";"56";"5622";"Porsanger/Porsáŋgu/Porsanki";"2022";4776616.31;4776395.7;"Yellow";"Yellow"
"ENCREC_003";"56";"5622";"Porsanger/Porsáŋgu/Porsanki";"2023";4776558.65;4776304.33;"Yellow";"Yellow"
"ENCREC_003";"56";"5622";"Porsanger/Porsáŋgu/Porsanki";"2024";4776636.17;4776290.48;"Yellow";"Yellow"
"ENCREC_003";"56";"5622";"Porsanger/Porsáŋgu/Porsanki";"Endring 2018-2024";NA;-350.230000000447;"NA";"Yellow"
"ENCREC_003";"56";"5624";"Lebesby";"2018";1004926.36;1004926.36;"Yellow";"Yellow"
"ENCREC_003";"56";"5624";"Lebesby";"2019";1004925.61;1004925.03;"Yellow";"Yellow"
"ENCREC_003";"56";"5624";"Lebesby";"2020";1004919.71;1004917.8;"Yellow";"Yellow"
"ENCREC_003";"56";"5624";"Lebesby";"2021";1004921.29;1004912.15;"Yellow";"Yellow"
"ENCREC_003";"56";"5624";"Lebesby";"2022";1004905.37;1004890.58;"Yellow";"Yellow"
"ENCREC_003";"56";"5624";"Lebesby";"2023";1004921.28;1004884.92;"Green";"Yellow"
"ENCREC_003";"56";"5624";"Lebesby";"2024";1004925.88;1004883.86;"Yellow";"Yellow"
"ENCREC_003";"56";"5624";"Lebesby";"Endring 2018-2024";NA;-42.5;"NA";"Yellow"
"ENCREC_003";"56";"5628";"Deatnu/Tana";"2018";3934060.76;3934060.76;"Yellow";"Yellow"
"ENCREC_003";"56";"5628";"Deatnu/Tana";"2019";3934063.19;3934053.04;"Yellow";"Yellow"
"ENCREC_003";"56";"5628";"Deatnu/Tana";"2020";3934059.24;3934041.37;"Yellow";"Yellow"
"ENCREC_003";"56";"5628";"Deatnu/Tana";"2021";3933973.62;3933944.08;"Yellow";"Yellow"
"ENCREC_003";"56";"5628";"Deatnu/Tana";"2022";3934041.52;3933914.69;"Yellow";"Yellow"
"ENCREC_003";"56";"5628";"Deatnu/Tana";"2023";3934063.33;3933907.11;"Yellow";"Yellow"
"ENCREC_003";"56";"5628";"Deatnu/Tana";"2024";3934064.87;3933901.07;"Yellow";"Yellow"
"ENCREC_003";"56";"5628";"Deatnu/Tana";"Endring 2018-2024";NA;-159.689999999944;"NA";"Yellow"
"ENCREC_003";"56";"5630";"Berlevåg";"2018";1130611.9;1130611.9;"Yellow";"Yellow"
"ENCREC_003";"56";"5630";"Berlevåg";"2019";1130613.47;1130611.63;"Yellow";"Yellow"
"ENCREC_003";"56";"5630";"Berlevåg";"2020";1130607.28;1130605.17;"Yellow";"Yellow"
"ENCREC_003";"56";"5630";"Berlevåg";"2021";1130613.37;1130604.8;"Yellow";"Yellow"
"ENCREC_003";"56";"5630";"Berlevåg";"2022";1130613.24;1130604.3;"Yellow";"Yellow"
"ENCREC_003";"56";"5630";"Berlevåg";"2023";1130584.72;1130575.28;"Green";"Green"
"ENCREC_003";"56";"5630";"Berlevåg";"2024";1130613.74;1130575.28;"Yellow";"Yellow"
"ENCREC_003";"56";"5630";"Berlevåg";"Endring 2018-2024";NA;-36.6199999998789;"NA";"Yellow"
"ENCREC_003";"56";"5632";"Båtsfjord";"2018";1453221.38;1453221.38;"Yellow";"Yellow"
"ENCREC_003";"56";"5632";"Båtsfjord";"2019";1453222.34;1453220.15;"Yellow";"Yellow"
"ENCREC_003";"56";"5632";"Båtsfjord";"2020";1453218.69;1453215.27;"Yellow";"Yellow"
"ENCREC_003";"56";"5632";"Båtsfjord";"2021";1453215.29;1453206.99;"Yellow";"Yellow"
"ENCREC_003";"56";"5632";"Båtsfjord";"2022";1453216.24;1453199.66;"Yellow";"Yellow"
"ENCREC_003";"56";"5632";"Båtsfjord";"2023";1453218.47;1453194.56;"Green";"Yellow"
"ENCREC_003";"56";"5632";"Båtsfjord";"2024";1453218.02;1453189.01;"Yellow";"Yellow"
"ENCREC_003";"56";"5632";"Båtsfjord";"Endring 2018-2024";NA;-32.3700000001118;"NA";"Yellow"
"ENCREC_003";"56";"5634";"Vardø";"2018";544778.79;544778.79;"Yellow";"Yellow"
"ENCREC_003";"56";"5634";"Vardø";"2019";544779.37;544778.79;"Yellow";"Yellow"
"ENCREC_003";"56";"5634";"Vardø";"2020";544772.89;544772.31;"Yellow";"Yellow"
"ENCREC_003";"56";"5634";"Vardø";"2021";544779.37;544772.31;"Yellow";"Yellow"
"ENCREC_003";"56";"5634";"Vardø";"2022";544779.17;544772.11;"Yellow";"Yellow"
"ENCREC_003";"56";"5634";"Vardø";"2023";544779.37;544772.11;"Green";"Yellow"
"ENCREC_003";"56";"5634";"Vardø";"2024";544779.19;544771.93;"Yellow";"Yellow"
"ENCREC_003";"56";"5634";"Vardø";"Endring 2018-2024";NA;-6.85999999998603;"NA";"Yellow"
"ENCREC_003";"56";"5636";"Unjárga/Nesseby";"2018";840496.86;840496.86;"Yellow";"Yellow"
"ENCREC_003";"56";"5636";"Unjárga/Nesseby";"2019";840496.85;840496.85;"Yellow";"Yellow"
"ENCREC_003";"56";"5636";"Unjárga/Nesseby";"2020";840495.51;840495.5;"Yellow";"Yellow"
"ENCREC_003";"56";"5636";"Unjárga/Nesseby";"2021";840492.43;840491.07;"Yellow";"Yellow"
"ENCREC_003";"56";"5636";"Unjárga/Nesseby";"2022";840448.64;840442.85;"Yellow";"Yellow"
"ENCREC_003";"56";"5636";"Unjárga/Nesseby";"2023";840482.92;840428.91;"Yellow";"Yellow"
"ENCREC_003";"56";"5636";"Unjárga/Nesseby";"2024";840491.32;840423.37;"Orange";"Yellow"
"ENCREC_003";"56";"5636";"Unjárga/Nesseby";"Endring 2018-2024";NA;-73.4899999999907;"NA";"Yellow"
"ENCREC_003";"Totalt";"Totalt";"Totalt";"2018";162286178.45;162286178.45;"Yellow";"Yellow"
"ENCREC_003";"Totalt";"Totalt";"Totalt";"2019";162282262.82;162275605.87;"Yellow";"Yellow"
"ENCREC_003";"Totalt";"Totalt";"Totalt";"2020";162276714.27;162259484.74;"Yellow";"Yellow"
"ENCREC_003";"Totalt";"Totalt";"Totalt";"2021";162272845.5;162239494.84;"Yellow";"Yellow"
"ENCREC_003";"Totalt";"Totalt";"Totalt";"2022";162276405.78;162223065.22;"Yellow";"Yellow"
"ENCREC_003";"Totalt";"Totalt";"Totalt";"2023";162279677.56;162209907.38;"Yellow";"Yellow"
"ENCREC_003";"Totalt";"Totalt";"Totalt";"2024";162282370.07;162199442.05;"Yellow";"Yellow"
"ENCREC_003";"Totalt";"Totalt";"Totalt";"Endring 2018-2024";NA;-86736.3999999762;"NA";"Yellow"
"ENCREC_004";"03";"0301";"Oslo";"2018";329078.22;329078.22;"Yellow";"Yellow"
"ENCREC_004";"03";"0301";"Oslo";"2019";329104.7;329000.72;"Yellow";"Yellow"
"ENCREC_004";"03";"0301";"Oslo";"2020";329088.52;328907.04;"Yellow";"Yellow"
"ENCREC_004";"03";"0301";"Oslo";"2021";329026.6;328751.44;"Yellow";"Yellow"
"ENCREC_004";"03";"0301";"Oslo";"2022";329064.02;328633.26;"Yellow";"Yellow"
"ENCREC_004";"03";"0301";"Oslo";"2023";329063.99;328515.05;"Yellow";"Yellow"
"ENCREC_004";"03";"0301";"Oslo";"2024";329120.78;328453.63;"Yellow";"Yellow"
"ENCREC_004";"03";"0301";"Oslo";"Endring 2018-2024";NA;-624.590000000026;"NA";"Yellow"
"ENCREC_004";"11";"1103";"Stavanger";"2018";72088.58;72088.58;"Yellow";"Yellow"
"ENCREC_004";"11";"1103";"Stavanger";"2019";72090.74;72079.57;"Yellow";"Yellow"
"ENCREC_004";"11";"1103";"Stavanger";"2020";72040.4;72020.22;"Yellow";"Yellow"
"ENCREC_004";"11";"1103";"Stavanger";"2021";72036.4;71956.87;"Yellow";"Yellow"
"ENCREC_004";"11";"1103";"Stavanger";"2022";72070.64;71927.76;"Yellow";"Yellow"
"ENCREC_004";"11";"1103";"Stavanger";"2023";72041.39;71869.4;"Green";"Yellow"
"ENCREC_004";"11";"1103";"Stavanger";"2024";72083.56;71853.21;"Yellow";"Yellow"
"ENCREC_004";"11";"1103";"Stavanger";"Endring 2018-2024";NA;-235.369999999995;"NA";"Yellow"
"ENCREC_004";"11";"1106";"Haugesund";"2018";18117.05;18117.05;"Yellow";"Yellow"
"ENCREC_004";"11";"1106";"Haugesund";"2019";18117.23;18116.97;"Yellow";"Yellow"
"ENCREC_004";"11";"1106";"Haugesund";"2020";18116.89;18116.55;"Yellow";"Yellow"
"ENCREC_004";"11";"1106";"Haugesund";"2021";18114.45;18113.69;"Yellow";"Yellow"
"ENCREC_004";"11";"1106";"Haugesund";"2022";18111.58;18107.96;"Yellow";"Yellow"
"ENCREC_004";"11";"1106";"Haugesund";"2023";18112.43;18103.08;"Yellow";"Yellow"
"ENCREC_004";"11";"1106";"Haugesund";"2024";18115.54;18101.31;"Orange";"Yellow"
"ENCREC_004";"11";"1106";"Haugesund";"Endring 2018-2024";NA;-15.7400000000016;"NA";"Yellow"
"ENCREC_004";"11";"1108";"Sandnes";"2018";870762.73;870762.73;"Yellow";"Yellow"
"ENCREC_004";"11";"1108";"Sandnes";"2019";870693.4;870640.75;"Yellow";"Yellow"
"ENCREC_004";"11";"1108";"Sandnes";"2020";870397.4;870222.77;"Yellow";"Yellow"
"ENCREC_004";"11";"1108";"Sandnes";"2021";870630.81;870038.2;"Yellow";"Yellow"
"ENCREC_004";"11";"1108";"Sandnes";"2022";870634.92;869857.74;"Yellow";"Yellow"
"ENCREC_004";"11";"1108";"Sandnes";"2023";870622.44;869664.8;"Green";"Yellow"
"ENCREC_004";"11";"1108";"Sandnes";"2024";870614.18;869463.6;"Yellow";"Yellow"
"ENCREC_004";"11";"1108";"Sandnes";"Endring 2018-2024";NA;-1299.13;"NA";"Yellow"
"ENCREC_004";"11";"1119";"Hå";"2018";113664.62;113664.62;"Yellow";"Yellow"
"ENCREC_004";"11";"1119";"Hå";"2019";113756.42;113632.45;"Yellow";"Yellow"
"ENCREC_004";"11";"1119";"Hå";"2020";113529.74;113373.6;"Yellow";"Yellow"
"ENCREC_004";"11";"1119";"Hå";"2021";113692.35;113277.36;"Yellow";"Yellow"
"ENCREC_004";"11";"1119";"Hå";"2022";113707.82;113196.59;"Yellow";"Yellow"
"ENCREC_004";"11";"1119";"Hå";"2023";113747.17;113155.17;"Green";"Yellow"
"ENCREC_004";"11";"1119";"Hå";"2024";113748.55;113115.13;"Yellow";"Yellow"
"ENCREC_004";"11";"1119";"Hå";"Endring 2018-2024";NA;-549.490000000005;"NA";"Yellow"
"ENCREC_004";"11";"1120";"Klepp";"2018";5835.44;5835.44;"Yellow";"Yellow"
"ENCREC_004";"11";"1120";"Klepp";"2019";5836.7;5835.34;"Yellow";"Yellow"
"ENCREC_004";"11";"1120";"Klepp";"2020";5836.18;5834.72;"Yellow";"Yellow"
"ENCREC_004";"11";"1120";"Klepp";"2021";5835.28;5833.2;"Yellow";"Yellow"
"ENCREC_004";"11";"1120";"Klepp";"2022";5826.53;5822.93;"Yellow";"Yellow"
"ENCREC_004";"11";"1120";"Klepp";"2023";5830.89;5817.02;"Yellow";"Yellow"
"ENCREC_004";"11";"1120";"Klepp";"2024";5836.3;5816.52;"Yellow";"Yellow"
"ENCREC_004";"11";"1120";"Klepp";"Endring 2018-2024";NA;-18.9200000000001;"NA";"Yellow"
"ENCREC_004";"11";"1121";"Time";"2018";61302.44;61302.44;"Yellow";"Yellow"
"ENCREC_004";"11";"1121";"Time";"2019";61303.95;61302.44;"Yellow";"Yellow"
"ENCREC_004";"11";"1121";"Time";"2020";61301.02;61299.51;"Yellow";"Yellow"
"ENCREC_004";"11";"1121";"Time";"2021";61282.78;61278.34;"Yellow";"Yellow"
"ENCREC_004";"11";"1121";"Time";"2022";61287.68;61262.07;"Yellow";"Yellow"
"ENCREC_004";"11";"1121";"Time";"2023";61298.54;61256.66;"Green";"Yellow"
"ENCREC_004";"11";"1121";"Time";"2024";61299.84;61252.55;"Yellow";"Yellow"
"ENCREC_004";"11";"1121";"Time";"Endring 2018-2024";NA;-49.8899999999994;"NA";"Yellow"
"ENCREC_004";"11";"1122";"Gjesdal";"2018";366613.86;366613.86;"Yellow";"Yellow"
"ENCREC_004";"11";"1122";"Gjesdal";"2019";366577.99;366576.55;"Yellow";"Yellow"
"ENCREC_004";"11";"1122";"Gjesdal";"2020";366596.57;366557.82;"Yellow";"Yellow"
"ENCREC_004";"11";"1122";"Gjesdal";"2021";366583.52;366526.04;"Yellow";"Yellow"
"ENCREC_004";"11";"1122";"Gjesdal";"2022";366579.8;366490.54;"Yellow";"Yellow"
"ENCREC_004";"11";"1122";"Gjesdal";"2023";366590.24;366465.48;"Green";"Yellow"
"ENCREC_004";"11";"1122";"Gjesdal";"2024";366513.97;366364.15;"Yellow";"Yellow"
"ENCREC_004";"11";"1122";"Gjesdal";"Endring 2018-2024";NA;-249.710000000021;"NA";"Yellow"
"ENCREC_004";"11";"1124";"Sola";"2018";3439.76;3439.76;"Yellow";"Yellow"
"ENCREC_004";"11";"1124";"Sola";"2019";3440.36;3438.65;"Yellow";"Yellow"
"ENCREC_004";"11";"1124";"Sola";"2020";3440.28;3437.46;"Yellow";"Yellow"
"ENCREC_004";"11";"1124";"Sola";"2021";3437.69;3433.68;"Yellow";"Yellow"
"ENCREC_004";"11";"1124";"Sola";"2022";3440.67;3432.88;"Yellow";"Yellow"
"ENCREC_004";"11";"1124";"Sola";"2023";3435.96;3427.37;"Yellow";"Yellow"
"ENCREC_004";"11";"1124";"Sola";"2024";3441.18;3427.08;"Yellow";"Yellow"
"ENCREC_004";"11";"1124";"Sola";"Endring 2018-2024";NA;-12.6799999999998;"NA";"Yellow"
"ENCREC_004";"11";"1127";"Randaberg";"2018";2201.85;2201.85;"Yellow";"Yellow"
"ENCREC_004";"11";"1127";"Randaberg";"2019";2191.31;2190.53;"Yellow";"Yellow"
"ENCREC_004";"11";"1127";"Randaberg";"2020";2201.42;2189.32;"Yellow";"Yellow"
"ENCREC_004";"11";"1127";"Randaberg";"2021";2202.63;2189.32;"Yellow";"Yellow"
"ENCREC_004";"11";"1127";"Randaberg";"2022";2202.41;2189.1;"Yellow";"Yellow"
"ENCREC_004";"11";"1127";"Randaberg";"2023";2201.8;2188.27;"Yellow";"Yellow"
"ENCREC_004";"11";"1127";"Randaberg";"2024";2202.34;2187.98;"Yellow";"Yellow"
"ENCREC_004";"11";"1127";"Randaberg";"Endring 2018-2024";NA;-13.8699999999999;"NA";"Yellow"
"ENCREC_004";"11";"1130";"Strand";"2018";138621.44;138621.44;"Yellow";"Yellow"
"ENCREC_004";"11";"1130";"Strand";"2019";138619.54;138617.59;"Yellow";"Yellow"
"ENCREC_004";"11";"1130";"Strand";"2020";138599.1;138593.3;"Yellow";"Yellow"
"ENCREC_004";"11";"1130";"Strand";"2021";138575.8;138545.71;"Yellow";"Yellow"
"ENCREC_004";"11";"1130";"Strand";"2022";138579.57;138501.89;"Yellow";"Yellow"
"ENCREC_004";"11";"1130";"Strand";"2023";138589.58;138468.08;"Green";"Yellow"
"ENCREC_004";"11";"1130";"Strand";"2024";138618.99;138463.68;"Yellow";"Yellow"
"ENCREC_004";"11";"1130";"Strand";"Endring 2018-2024";NA;-157.75999999998;"NA";"Yellow"
"ENCREC_004";"11";"1133";"Hjelmeland";"2018";440372.14;440372.14;"Yellow";"Yellow"
"ENCREC_004";"11";"1133";"Hjelmeland";"2019";440371.96;440370.93;"Yellow";"Yellow"
"ENCREC_004";"11";"1133";"Hjelmeland";"2020";440368.02;440365.78;"Yellow";"Yellow"
"ENCREC_004";"11";"1133";"Hjelmeland";"2021";440371.28;440363.89;"Yellow";"Yellow"
"ENCREC_004";"11";"1133";"Hjelmeland";"2022";440373.17;440363.89;"Yellow";"Yellow"
"ENCREC_004";"11";"1133";"Hjelmeland";"2023";440370.18;440360.9;"Yellow";"Yellow"
"ENCREC_004";"11";"1133";"Hjelmeland";"2024";440372.25;440359.98;"Orange";"Yellow"
"ENCREC_004";"11";"1133";"Hjelmeland";"Endring 2018-2024";NA;-12.1599999999744;"NA";"Yellow"
"ENCREC_004";"11";"1134";"Suldal";"2018";79800.99;79800.99;"Yellow";"Yellow"
"ENCREC_004";"11";"1134";"Suldal";"2019";79789;79778.78;"Yellow";"Yellow"
"ENCREC_004";"11";"1134";"Suldal";"2020";79784.02;79751.59;"Yellow";"Yellow"
"ENCREC_004";"11";"1134";"Suldal";"2021";79735.88;79676.26;"Yellow";"Yellow"
"ENCREC_004";"11";"1134";"Suldal";"2022";79759.42;79624.47;"Yellow";"Yellow"
"ENCREC_004";"11";"1134";"Suldal";"2023";79793.07;79606.33;"Yellow";"Yellow"
"ENCREC_004";"11";"1134";"Suldal";"2024";79799.75;79594.87;"Yellow";"Yellow"
"ENCREC_004";"11";"1134";"Suldal";"Endring 2018-2024";NA;-206.119999999995;"NA";"Yellow"
"ENCREC_004";"11";"1135";"Sauda";"2018";496238.95;496238.95;"Yellow";"Yellow"
"ENCREC_004";"11";"1135";"Sauda";"2019";496242.04;496194.04;"Yellow";"Yellow"
"ENCREC_004";"11";"1135";"Sauda";"2020";496245.51;496152.6;"Yellow";"Yellow"
"ENCREC_004";"11";"1135";"Sauda";"2021";496270.13;496135.78;"Yellow";"Yellow"
"ENCREC_004";"11";"1135";"Sauda";"2022";496276.95;496125.78;"Yellow";"Yellow"
"ENCREC_004";"11";"1135";"Sauda";"2023";496241.11;496079.94;"Yellow";"Yellow"
"ENCREC_004";"11";"1135";"Sauda";"2024";496269.92;496062.91;"Yellow";"Yellow"
"ENCREC_004";"11";"1135";"Sauda";"Endring 2018-2024";NA;-176.039999999979;"NA";"Yellow"
"ENCREC_004";"11";"1144";"Kvitsøy";"2018";1843.01;1843.01;"Yellow";"Yellow"
"ENCREC_004";"11";"1144";"Kvitsøy";"2019";1842.89;1842.89;"Yellow";"Yellow"
"ENCREC_004";"11";"1144";"Kvitsøy";"2020";1843.01;1842.89;"Yellow";"Yellow"
"ENCREC_004";"11";"1144";"Kvitsøy";"2021";1843.01;1842.89;"Yellow";"Yellow"
"ENCREC_004";"11";"1144";"Kvitsøy";"2022";1843.01;1842.89;"Yellow";"Yellow"
"ENCREC_004";"11";"1144";"Kvitsøy";"2023";1843.01;1842.89;"Green";"Yellow"
"ENCREC_004";"11";"1144";"Kvitsøy";"2024";1843.01;1842.89;"Yellow";"Yellow"
"ENCREC_004";"11";"1144";"Kvitsøy";"Endring 2018-2024";NA;-0.119999999999891;"NA";"Yellow"
"ENCREC_004";"11";"1145";"Bokn";"2018";8733.97;8733.97;"Yellow";"Yellow"
"ENCREC_004";"11";"1145";"Bokn";"2019";8733.46;8733.46;"Yellow";"Yellow"
"ENCREC_004";"11";"1145";"Bokn";"2020";8726.84;8726.33;"Yellow";"Yellow"
"ENCREC_004";"11";"1145";"Bokn";"2021";8733.97;8726.33;"Yellow";"Yellow"
"ENCREC_004";"11";"1145";"Bokn";"2022";8725.93;8718.29;"Yellow";"Yellow"
"ENCREC_004";"11";"1145";"Bokn";"2023";8715.45;8699.77;"Yellow";"Yellow"
"ENCREC_004";"11";"1145";"Bokn";"2024";8730.45;8696.25;"Yellow";"Yellow"
"ENCREC_004";"11";"1145";"Bokn";"Endring 2018-2024";NA;-37.7199999999993;"NA";"Yellow"
"ENCREC_004";"11";"1146";"Tysvær";"2018";24154.92;24154.92;"Yellow";"Yellow"
"ENCREC_004";"11";"1146";"Tysvær";"2019";24153.81;24152.66;"Yellow";"Yellow"
"ENCREC_004";"11";"1146";"Tysvær";"2020";24148.15;24144.74;"Yellow";"Yellow"
"ENCREC_004";"11";"1146";"Tysvær";"2021";24154.03;24142.7;"Yellow";"Yellow"
"ENCREC_004";"11";"1146";"Tysvær";"2022";24137.62;24124.25;"Yellow";"Yellow"
"ENCREC_004";"11";"1146";"Tysvær";"2023";24155.15;24123.33;"Yellow";"Yellow"
"ENCREC_004";"11";"1146";"Tysvær";"2024";24156.07;24123.33;"Yellow";"Yellow"
"ENCREC_004";"11";"1146";"Tysvær";"Endring 2018-2024";NA;-31.5900000000001;"NA";"Yellow"
"ENCREC_004";"11";"1149";"Karmøy";"2018";73975.43;73975.43;"Yellow";"Yellow"
"ENCREC_004";"11";"1149";"Karmøy";"2019";73949.58;73937.21;"Yellow";"Yellow"
"ENCREC_004";"11";"1149";"Karmøy";"2020";73928.8;73878.21;"Yellow";"Yellow"
"ENCREC_004";"11";"1149";"Karmøy";"2021";73943.44;73833.85;"Yellow";"Yellow"
"ENCREC_004";"11";"1149";"Karmøy";"2022";73942.82;73788.87;"Yellow";"Yellow"
"ENCREC_004";"11";"1149";"Karmøy";"2023";73937.86;73738.93;"Yellow";"Yellow"
"ENCREC_004";"11";"1149";"Karmøy";"2024";73973.26;73724.39;"Yellow";"Yellow"
"ENCREC_004";"11";"1149";"Karmøy";"Endring 2018-2024";NA;-251.040000000008;"NA";"Yellow"
"ENCREC_004";"11";"1151";"Utsira";"2018";1096.62;1096.62;"Yellow";"Yellow"
"ENCREC_004";"11";"1151";"Utsira";"2019";1096.69;1096.62;"Yellow";"Yellow"
"ENCREC_004";"11";"1151";"Utsira";"2020";1096.55;1096.48;"Yellow";"Yellow"
"ENCREC_004";"11";"1151";"Utsira";"2021";1096.09;1095.88;"Yellow";"Yellow"
"ENCREC_004";"11";"1151";"Utsira";"2022";1094.24;1093.43;"Yellow";"Yellow"
"ENCREC_004";"11";"1151";"Utsira";"2023";1096.69;1093.43;"Green";"Yellow"
"ENCREC_004";"11";"1151";"Utsira";"2024";1096.69;1093.43;"Yellow";"Yellow"
"ENCREC_004";"11";"1151";"Utsira";"Endring 2018-2024";NA;-3.19000000000005;"NA";"Yellow"
"ENCREC_004";"11";"1160";"Vindafjord";"2018";109264.12;109264.12;"Yellow";"Yellow"
"ENCREC_004";"11";"1160";"Vindafjord";"2019";109264.57;109263.59;"Yellow";"Yellow"
"ENCREC_004";"11";"1160";"Vindafjord";"2020";109264.11;109262.6;"Yellow";"Yellow"
"ENCREC_004";"11";"1160";"Vindafjord";"2021";109259.36;109256.86;"Yellow";"Yellow"
"ENCREC_004";"11";"1160";"Vindafjord";"2022";109254.71;109246.47;"Yellow";"Yellow"
"ENCREC_004";"11";"1160";"Vindafjord";"2023";109242.03;109223.4;"Yellow";"Yellow"
"ENCREC_004";"11";"1160";"Vindafjord";"2024";109262.11;109220.41;"Yellow";"Yellow"
"ENCREC_004";"11";"1160";"Vindafjord";"Endring 2018-2024";NA;-43.7100000000064;"NA";"Yellow"
"ENCREC_004";"15";"1505";"Kristiansund";"2018";51871.8;51871.8;"Yellow";"Yellow"
"ENCREC_004";"15";"1505";"Kristiansund";"2019";51853;51843.07;"Yellow";"Yellow"
"ENCREC_004";"15";"1505";"Kristiansund";"2020";51865.6;51826.94;"Yellow";"Yellow"
"ENCREC_004";"15";"1505";"Kristiansund";"2021";51874.46;51819.67;"Yellow";"Yellow"
"ENCREC_004";"15";"1505";"Kristiansund";"2022";51862.34;51800.28;"Yellow";"Yellow"
"ENCREC_004";"15";"1505";"Kristiansund";"2023";51865.05;51783.6;"Green";"Yellow"
"ENCREC_004";"15";"1505";"Kristiansund";"2024";51854.67;51756.54;"Yellow";"Yellow"
"ENCREC_004";"15";"1505";"Kristiansund";"Endring 2018-2024";NA;-115.260000000002;"NA";"Yellow"
"ENCREC_004";"15";"1506";"Molde";"2018";414689.94;414689.94;"Yellow";"Yellow"
"ENCREC_004";"15";"1506";"Molde";"2019";414669.16;414644.53;"Yellow";"Yellow"
"ENCREC_004";"15";"1506";"Molde";"2020";414623.81;414553.77;"Yellow";"Yellow"
"ENCREC_004";"15";"1506";"Molde";"2021";414599.29;414438.49;"Yellow";"Yellow"
"ENCREC_004";"15";"1506";"Molde";"2022";414460.49;414184.41;"Yellow";"Yellow"
"ENCREC_004";"15";"1506";"Molde";"2023";414637.71;414107.55;"Green";"Yellow"
"ENCREC_004";"15";"1506";"Molde";"2024";414704.26;414097.24;"Yellow";"Yellow"
"ENCREC_004";"15";"1506";"Molde";"Endring 2018-2024";NA;-592.700000000012;"NA";"Yellow"
"ENCREC_004";"15";"1516";"Ulstein";"2018";52314.41;52314.41;"Yellow";"Yellow"
"ENCREC_004";"15";"1516";"Ulstein";"2019";52316.63;52313.51;"Yellow";"Yellow"
"ENCREC_004";"15";"1516";"Ulstein";"2020";52305.58;52301.56;"Yellow";"Yellow"
"ENCREC_004";"15";"1516";"Ulstein";"2021";52308.48;52292.51;"Yellow";"Yellow"
"ENCREC_004";"15";"1516";"Ulstein";"2022";52311.84;52286.82;"Yellow";"Yellow"
"ENCREC_004";"15";"1516";"Ulstein";"2023";52310.17;52279.46;"Yellow";"Yellow"
"ENCREC_004";"15";"1516";"Ulstein";"2024";52316.22;52278.15;"Yellow";"Yellow"
"ENCREC_004";"15";"1516";"Ulstein";"Endring 2018-2024";NA;-36.2599999999948;"NA";"Yellow"
"ENCREC_004";"15";"1517";"Hareid";"2018";33855.64;33855.64;"Yellow";"Yellow"
"ENCREC_004";"15";"1517";"Hareid";"2019";33855.88;33855.27;"Yellow";"Yellow"
"ENCREC_004";"15";"1517";"Hareid";"2020";33853.18;33852.2;"Yellow";"Yellow"
"ENCREC_004";"15";"1517";"Hareid";"2021";33855.19;33851.14;"Yellow";"Yellow"
"ENCREC_004";"15";"1517";"Hareid";"2022";33855.2;33850.09;"Yellow";"Yellow"
"ENCREC_004";"15";"1517";"Hareid";"2023";33845.44;33839.28;"Green";"Yellow"
"ENCREC_004";"15";"1517";"Hareid";"2024";33850.95;33833.98;"Yellow";"Yellow"
"ENCREC_004";"15";"1517";"Hareid";"Endring 2018-2024";NA;-21.6599999999962;"NA";"Yellow"
"ENCREC_004";"15";"1520";"Ørsta";"2018";296062.12;296062.12;"Yellow";"Yellow"
"ENCREC_004";"15";"1520";"Ørsta";"2019";296079.68;296036.48;"Yellow";"Yellow"
"ENCREC_004";"15";"1520";"Ørsta";"2020";296090.64;296021.8;"Yellow";"Yellow"
"ENCREC_004";"15";"1520";"Ørsta";"2021";296079.64;295996.12;"Yellow";"Yellow"
"ENCREC_004";"15";"1520";"Ørsta";"2022";296083.41;295974.21;"Yellow";"Yellow"
"ENCREC_004";"15";"1520";"Ørsta";"2023";296083.44;295952.33;"Green";"Yellow"
"ENCREC_004";"15";"1520";"Ørsta";"2024";296050.62;295897.63;"Yellow";"Yellow"
"ENCREC_004";"15";"1520";"Ørsta";"Endring 2018-2024";NA;-164.489999999991;"NA";"Yellow"
"ENCREC_004";"15";"1531";"Sula";"2018";23248.57;23248.57;"Yellow";"Yellow"
"ENCREC_004";"15";"1531";"Sula";"2019";23248.56;23248.56;"Yellow";"Yellow"
"ENCREC_004";"15";"1531";"Sula";"2020";23248.52;23248.51;"Yellow";"Yellow"
"ENCREC_004";"15";"1531";"Sula";"2021";23246.77;23246.71;"Yellow";"Yellow"
"ENCREC_004";"15";"1531";"Sula";"2022";23246.2;23244.34;"Yellow";"Yellow"
"ENCREC_004";"15";"1531";"Sula";"2023";23247.38;23243.15;"Yellow";"Yellow"
"ENCREC_004";"15";"1531";"Sula";"2024";23248.57;23243.15;"Yellow";"Yellow"
"ENCREC_004";"15";"1531";"Sula";"Endring 2018-2024";NA;-5.41999999999825;"NA";"Yellow"
"ENCREC_004";"15";"1532";"Giske";"2018";11724.5;11724.5;"Yellow";"Yellow"
"ENCREC_004";"15";"1532";"Giske";"2019";11722.47;11721.96;"Yellow";"Yellow"
"ENCREC_004";"15";"1532";"Giske";"2020";11718.7;11715.65;"Yellow";"Yellow"
"ENCREC_004";"15";"1532";"Giske";"2021";11723.78;11714.42;"Yellow";"Yellow"
"ENCREC_004";"15";"1532";"Giske";"2022";11722.32;11711.73;"Orange";"Yellow"
"ENCREC_004";"15";"1532";"Giske";"2023";11722.62;11709.34;"Yellow";"Yellow"
"ENCREC_004";"15";"1532";"Giske";"2024";11722.6;11706.93;"Orange";"Yellow"
"ENCREC_004";"15";"1532";"Giske";"Endring 2018-2024";NA;-17.5699999999997;"NA";"Yellow"
"ENCREC_004";"15";"1547";"Aukra";"2018";20377.46;20377.46;"Yellow";"Yellow"
"ENCREC_004";"15";"1547";"Aukra";"2019";20377.99;20377.44;"Yellow";"Yellow"
"ENCREC_004";"15";"1547";"Aukra";"2020";20375.09;20374.52;"Yellow";"Yellow"
"ENCREC_004";"15";"1547";"Aukra";"2021";20370.73;20367.24;"Yellow";"Yellow"
"ENCREC_004";"15";"1547";"Aukra";"2022";20373.11;20362.34;"Yellow";"Yellow"
"ENCREC_004";"15";"1547";"Aukra";"2023";20361.84;20346.17;"Green";"Yellow"
"ENCREC_004";"15";"1547";"Aukra";"2024";20377.78;20345.94;"Yellow";"Yellow"
"ENCREC_004";"15";"1547";"Aukra";"Endring 2018-2024";NA;-31.5200000000004;"NA";"Yellow"
"ENCREC_004";"15";"1563";"Sunndal";"2018";1404634.75;1404634.75;"Yellow";"Yellow"
"ENCREC_004";"15";"1563";"Sunndal";"2019";1404629.68;1404629.68;"Yellow";"Yellow"
"ENCREC_004";"15";"1563";"Sunndal";"2020";1404616.87;1404611.8;"Yellow";"Yellow"
"ENCREC_004";"15";"1563";"Sunndal";"2021";1404613.6;1404590.65;"Yellow";"Yellow"
"ENCREC_004";"15";"1563";"Sunndal";"2022";1404629.91;1404585.81;"Yellow";"Yellow"
"ENCREC_004";"15";"1563";"Sunndal";"2023";1404623.46;1404574.52;"Yellow";"Yellow"
"ENCREC_004";"15";"1563";"Sunndal";"2024";1404622.07;1404561.84;"Yellow";"Yellow"
"ENCREC_004";"15";"1563";"Sunndal";"Endring 2018-2024";NA;-72.9099999999162;"NA";"Yellow"
"ENCREC_004";"15";"1566";"Surnadal";"2018";568803.49;568803.49;"Yellow";"Yellow"
"ENCREC_004";"15";"1566";"Surnadal";"2019";568794.78;568791.06;"Yellow";"Yellow"
"ENCREC_004";"15";"1566";"Surnadal";"2020";568800.56;568784.41;"Yellow";"Yellow"
"ENCREC_004";"15";"1566";"Surnadal";"2021";568793.21;568770.41;"Yellow";"Yellow"
"ENCREC_004";"15";"1566";"Surnadal";"2022";568778.64;568741.84;"Yellow";"Yellow"
"ENCREC_004";"15";"1566";"Surnadal";"2023";568788.18;568722.81;"Yellow";"Yellow"
"ENCREC_004";"15";"1566";"Surnadal";"2024";568803.39;568718.99;"Orange";"Yellow"
"ENCREC_004";"15";"1566";"Surnadal";"Endring 2018-2024";NA;-84.5;"NA";"Yellow"
"ENCREC_004";"15";"1577";"Volda";"2018";21999.26;21999.26;"Yellow";"Yellow"
"ENCREC_004";"15";"1577";"Volda";"2019";21999.32;21996.66;"Yellow";"Yellow"
"ENCREC_004";"15";"1577";"Volda";"2020";21981.11;21975.85;"Yellow";"Yellow"
"ENCREC_004";"15";"1577";"Volda";"2021";21996.87;21970.8;"Yellow";"Yellow"
"ENCREC_004";"15";"1577";"Volda";"2022";21996.18;21965.06;"Yellow";"Yellow"
"ENCREC_004";"15";"1577";"Volda";"2023";21994.95;21958.09;"Yellow";"Yellow"
"ENCREC_004";"15";"1577";"Volda";"2024";22000.76;21956.93;"Orange";"Yellow"
"ENCREC_004";"15";"1577";"Volda";"Endring 2018-2024";NA;-42.3300000000017;"NA";"Yellow"
"ENCREC_004";"15";"1578";"Fjord";"2018";807931.19;807931.19;"Yellow";"Yellow"
"ENCREC_004";"15";"1578";"Fjord";"2019";807874.89;807869.34;"Yellow";"Yellow"
"ENCREC_004";"15";"1578";"Fjord";"2020";807896.77;807829.37;"Yellow";"Yellow"
"ENCREC_004";"15";"1578";"Fjord";"2021";807816.44;807709.07;"Yellow";"Yellow"
"ENCREC_004";"15";"1578";"Fjord";"2022";807842.63;807614.96;"Yellow";"Yellow"
"ENCREC_004";"15";"1578";"Fjord";"2023";807840.57;807518.79;"Yellow";"Yellow"
"ENCREC_004";"15";"1578";"Fjord";"2024";807800.86;807382.91;"Yellow";"Yellow"
"ENCREC_004";"15";"1578";"Fjord";"Endring 2018-2024";NA;-548.279999999912;"NA";"Yellow"
"ENCREC_004";"15";"1579";"Hustadvika";"2018";146659.21;146659.21;"Yellow";"Yellow"
"ENCREC_004";"15";"1579";"Hustadvika";"2019";146650.14;146639.99;"Yellow";"Yellow"
"ENCREC_004";"15";"1579";"Hustadvika";"2020";146615.55;146586.18;"Yellow";"Yellow"
"ENCREC_004";"15";"1579";"Hustadvika";"2021";146654.38;146571.2;"Yellow";"Yellow"
"ENCREC_004";"15";"1579";"Hustadvika";"2022";146643.08;146544.92;"Yellow";"Yellow"
"ENCREC_004";"15";"1579";"Hustadvika";"2023";146614.57;146490.13;"Green";"Yellow"
"ENCREC_004";"15";"1579";"Hustadvika";"2024";146658.27;146479.04;"Yellow";"Yellow"
"ENCREC_004";"15";"1579";"Hustadvika";"Endring 2018-2024";NA;-180.170000000013;"NA";"Yellow"
"ENCREC_004";"15";"1580";"Haram";"2018";17143.27;17143.27;"Yellow";"Yellow"
"ENCREC_004";"15";"1580";"Haram";"2019";17144.23;17140.44;"Yellow";"Yellow"
"ENCREC_004";"15";"1580";"Haram";"2020";17141.78;17135.16;"Yellow";"Yellow"
"ENCREC_004";"15";"1580";"Haram";"2021";17117.8;17105.9;"Yellow";"Yellow"
"ENCREC_004";"15";"1580";"Haram";"2022";17141.15;17099.99;"Yellow";"Yellow"
"ENCREC_004";"15";"1580";"Haram";"2023";17143.97;17096.9;"Green";"Yellow"
"ENCREC_004";"15";"1580";"Haram";"2024";17126.55;17076.39;"Yellow";"Yellow"
"ENCREC_004";"15";"1580";"Haram";"Endring 2018-2024";NA;-66.8799999999974;"NA";"Yellow"
"ENCREC_004";"18";"1804";"Bodø";"2018";954717.98;954717.98;"Orange";"Orange"
"ENCREC_004";"18";"1804";"Bodø";"2019";954709.11;954703.52;"Orange";"Orange"
"ENCREC_004";"18";"1804";"Bodø";"2020";954661.19;954641.14;"Orange";"Orange"
"ENCREC_004";"18";"1804";"Bodø";"2021";954675.41;954592.98;"Orange";"Orange"
"ENCREC_004";"18";"1804";"Bodø";"2022";954706.54;954575.95;"Orange";"Orange"
"ENCREC_004";"18";"1804";"Bodø";"2023";954699.33;954551.71;"Orange";"Orange"
"ENCREC_004";"18";"1804";"Bodø";"2024";954707.7;954535.84;"Orange";"Orange"
"ENCREC_004";"18";"1804";"Bodø";"Endring 2018-2024";NA;-182.140000000014;"NA";"Orange"
"ENCREC_004";"18";"1806";"Narvik";"2018";3029937.03;3029937.03;"Yellow";"Yellow"
"ENCREC_004";"18";"1806";"Narvik";"2019";3029903.12;3029872.82;"Yellow";"Yellow"
"ENCREC_004";"18";"1806";"Narvik";"2020";3029703.5;3029608.99;"Yellow";"Yellow"
"ENCREC_004";"18";"1806";"Narvik";"2021";3029836.39;3029478.05;"Orange";"Orange"
"ENCREC_004";"18";"1806";"Narvik";"2022";3029876.36;3029387.08;"Orange";"Orange"
"ENCREC_004";"18";"1806";"Narvik";"2023";3029842.22;3029261.97;"Orange";"Orange"
"ENCREC_004";"18";"1806";"Narvik";"2024";3029937.97;3029232.61;"Orange";"Orange"
"ENCREC_004";"18";"1806";"Narvik";"Endring 2018-2024";NA;-704.420000000391;"NA";"Yellow"
"ENCREC_004";"18";"1811";"Bindal";"2018";216868.2;216868.2;"Yellow";"Yellow"
"ENCREC_004";"18";"1811";"Bindal";"2019";216868.63;216868.2;"Yellow";"Yellow"
"ENCREC_004";"18";"1811";"Bindal";"2020";216848.16;216847.73;"Yellow";"Yellow"
"ENCREC_004";"18";"1811";"Bindal";"2021";216862.53;216841.63;"Orange";"Yellow"
"ENCREC_004";"18";"1811";"Bindal";"2022";216859.27;216832.27;"Orange";"Yellow"
"ENCREC_004";"18";"1811";"Bindal";"2023";216866.5;216830.14;"Orange";"Yellow"
"ENCREC_004";"18";"1811";"Bindal";"2024";216867.49;216829;"Orange";"Orange"
"ENCREC_004";"18";"1811";"Bindal";"Endring 2018-2024";NA;-39.2000000000116;"NA";"Yellow"
"ENCREC_004";"18";"1812";"Sømna";"2018";7892.95;7892.95;"Yellow";"Yellow"
"ENCREC_004";"18";"1812";"Sømna";"2019";7893.66;7892.93;"Yellow";"Yellow"
"ENCREC_004";"18";"1812";"Sømna";"2020";7891.61;7890.86;"Yellow";"Yellow"
"ENCREC_004";"18";"1812";"Sømna";"2021";7893.07;7890.25;"Orange";"Yellow"
"ENCREC_004";"18";"1812";"Sømna";"2022";7893.38;7889.95;"Orange";"Orange"
"ENCREC_004";"18";"1812";"Sømna";"2023";7893.68;7889.95;"Green";"Yellow"
"ENCREC_004";"18";"1812";"Sømna";"2024";7893.56;7889.83;"Orange";"Orange"
"ENCREC_004";"18";"1812";"Sømna";"Endring 2018-2024";NA;-3.1200000000008;"NA";"Yellow"
"ENCREC_004";"18";"1813";"Brønnøy";"2018";742751.1;742751.1;"Yellow";"Yellow"
"ENCREC_004";"18";"1813";"Brønnøy";"2019";742741.37;742739.69;"Yellow";"Yellow"
"ENCREC_004";"18";"1813";"Brønnøy";"2020";742745.58;742732.49;"Yellow";"Yellow"
"ENCREC_004";"18";"1813";"Brønnøy";"2021";742723.32;742703.03;"Orange";"Yellow"
"ENCREC_004";"18";"1813";"Brønnøy";"2022";742739.29;742689.54;"Orange";"Orange"
"ENCREC_004";"18";"1813";"Brønnøy";"2023";742742.98;742679.74;"Orange";"Orange"
"ENCREC_004";"18";"1813";"Brønnøy";"2024";742745.23;742672.19;"Orange";"Orange"
"ENCREC_004";"18";"1813";"Brønnøy";"Endring 2018-2024";NA;-78.9099999999162;"NA";"Yellow"
"ENCREC_004";"18";"1815";"Vega";"2018";75546.58;75546.58;"Yellow";"Yellow"
"ENCREC_004";"18";"1815";"Vega";"2019";75537.74;75537.53;"Yellow";"Yellow"
"ENCREC_004";"18";"1815";"Vega";"2020";75546.79;75537.53;"Yellow";"Yellow"
"ENCREC_004";"18";"1815";"Vega";"2021";75545.89;75536.63;"Orange";"Yellow"
"ENCREC_004";"18";"1815";"Vega";"2022";75545.79;75535.63;"Orange";"Yellow"
"ENCREC_004";"18";"1815";"Vega";"2023";75546.79;75535.63;"Green";"Yellow"
"ENCREC_004";"18";"1815";"Vega";"2024";75546.79;75535.63;"Yellow";"Yellow"
"ENCREC_004";"18";"1815";"Vega";"Endring 2018-2024";NA;-10.9499999999971;"NA";"Yellow"
"ENCREC_004";"18";"1818";"Herøy (Nordland)";"2018";24884.82;24884.82;"Yellow";"Yellow"
"ENCREC_004";"18";"1818";"Herøy (Nordland)";"2019";24883.37;24883.08;"Yellow";"Yellow"
"ENCREC_004";"18";"1818";"Herøy (Nordland)";"2020";24884.78;24882.75;"Yellow";"Yellow"
"ENCREC_004";"18";"1818";"Herøy (Nordland)";"2021";24880.44;24878.08;"Orange";"Orange"
"ENCREC_004";"18";"1818";"Herøy (Nordland)";"2022";24876.77;24869.74;"Orange";"Orange"
"ENCREC_004";"18";"1818";"Herøy (Nordland)";"2023";24881.75;24866.38;"Orange";"Orange"
"ENCREC_004";"18";"1818";"Herøy (Nordland)";"2024";24882.73;24864;"Orange";"Orange"
"ENCREC_004";"18";"1818";"Herøy (Nordland)";"Endring 2018-2024";NA;-20.8199999999997;"NA";"Yellow"
"ENCREC_004";"18";"1820";"Alstahaug";"2018";27280.9;27280.9;"Yellow";"Yellow"
"ENCREC_004";"18";"1820";"Alstahaug";"2019";27280.65;27280.65;"Yellow";"Yellow"
"ENCREC_004";"18";"1820";"Alstahaug";"2020";27280.9;27280.65;"Yellow";"Yellow"
"ENCREC_004";"18";"1820";"Alstahaug";"2021";27270.78;27270.53;"Orange";"Orange"
"ENCREC_004";"18";"1820";"Alstahaug";"2022";27280.9;27270.53;"Yellow";"Orange"
"ENCREC_004";"18";"1820";"Alstahaug";"2023";27280.9;27270.53;"Green";"Orange"
"ENCREC_004";"18";"1820";"Alstahaug";"2024";27280.9;27270.53;"Yellow";"Orange"
"ENCREC_004";"18";"1820";"Alstahaug";"Endring 2018-2024";NA;-10.369999999999;"NA";"Yellow"
"ENCREC_004";"18";"1822";"Leirfjord";"2018";86671.77;86671.77;"Yellow";"Yellow"
"ENCREC_004";"18";"1822";"Leirfjord";"2019";86672.58;86671.77;"Yellow";"Yellow"
"ENCREC_004";"18";"1822";"Leirfjord";"2020";86666.68;86665.87;"Yellow";"Yellow"
"ENCREC_004";"18";"1822";"Leirfjord";"2021";86671.72;86665.01;"Orange";"Yellow"
"ENCREC_004";"18";"1822";"Leirfjord";"2022";86668.05;86660.48;"Orange";"Yellow"
"ENCREC_004";"18";"1822";"Leirfjord";"2023";86665.7;86653.6;"Orange";"Yellow"
"ENCREC_004";"18";"1822";"Leirfjord";"2024";86669.32;86650.34;"Orange";"Orange"
"ENCREC_004";"18";"1822";"Leirfjord";"Endring 2018-2024";NA;-21.4300000000076;"NA";"Yellow"
"ENCREC_004";"18";"1824";"Vefsn";"2018";937590.11;937590.11;"Yellow";"Yellow"
"ENCREC_004";"18";"1824";"Vefsn";"2019";937597.56;937584.5;"Yellow";"Yellow"
"ENCREC_004";"18";"1824";"Vefsn";"2020";937494.95;937476.28;"Yellow";"Yellow"
"ENCREC_004";"18";"1824";"Vefsn";"2021";937452.55;937325.66;"Orange";"Orange"
"ENCREC_004";"18";"1824";"Vefsn";"2022";937596.69;937319.18;"Orange";"Orange"
"ENCREC_004";"18";"1824";"Vefsn";"2023";937569.34;937285.35;"Orange";"Orange"
"ENCREC_004";"18";"1824";"Vefsn";"2024";937595.31;937277.49;"Orange";"Orange"
"ENCREC_004";"18";"1824";"Vefsn";"Endring 2018-2024";NA;-312.619999999995;"NA";"Yellow"
"ENCREC_004";"18";"1825";"Grane";"2018";725779.8;725779.8;"Yellow";"Yellow"
"ENCREC_004";"18";"1825";"Grane";"2019";725769.55;725766.57;"Yellow";"Yellow"
"ENCREC_004";"18";"1825";"Grane";"2020";725774.22;725758.01;"Yellow";"Yellow"
"ENCREC_004";"18";"1825";"Grane";"2021";725767.25;725742.48;"Orange";"Yellow"
"ENCREC_004";"18";"1825";"Grane";"2022";725782.25;725741.95;"Orange";"Yellow"
"ENCREC_004";"18";"1825";"Grane";"2023";725777.11;725736.28;"Orange";"Orange"
"ENCREC_004";"18";"1825";"Grane";"2024";725773.32;725726.82;"Orange";"Orange"
"ENCREC_004";"18";"1825";"Grane";"Endring 2018-2024";NA;-52.9799999999814;"NA";"Yellow"
"ENCREC_004";"18";"1826";"Aarborte/Hattfjelldal";"2018";355015.51;355015.51;"Yellow";"Yellow"
"ENCREC_004";"18";"1826";"Aarborte/Hattfjelldal";"2019";355013.44;355011.32;"Yellow";"Yellow"
"ENCREC_004";"18";"1826";"Aarborte/Hattfjelldal";"2020";355016.18;355009.87;"Orange";"Yellow"
"ENCREC_004";"18";"1826";"Aarborte/Hattfjelldal";"2021";355016.43;355008.67;"Orange";"Orange"
"ENCREC_004";"18";"1826";"Aarborte/Hattfjelldal";"2022";355016.72;355007.76;"Orange";"Orange"
"ENCREC_004";"18";"1826";"Aarborte/Hattfjelldal";"2023";355017.63;355007.76;"Green";"Orange"
"ENCREC_004";"18";"1826";"Aarborte/Hattfjelldal";"2024";355016.36;355006.49;"Orange";"Orange"
"ENCREC_004";"18";"1826";"Aarborte/Hattfjelldal";"Endring 2018-2024";NA;-9.02000000001863;"NA";"Yellow"
"ENCREC_004";"18";"1827";"Dønna";"2018";21751.78;21751.78;"Yellow";"Yellow"
"ENCREC_004";"18";"1827";"Dønna";"2019";21748.06;21748.06;"Yellow";"Yellow"
"ENCREC_004";"18";"1827";"Dønna";"2020";21748.27;21744.55;"Yellow";"Yellow"
"ENCREC_004";"18";"1827";"Dønna";"2021";21751.78;21744.55;"Yellow";"Yellow"
"ENCREC_004";"18";"1827";"Dønna";"2022";21751.61;21744.38;"Orange";"Yellow"
"ENCREC_004";"18";"1827";"Dønna";"2023";21751.78;21744.38;"Green";"Yellow"
"ENCREC_004";"18";"1827";"Dønna";"2024";21751.75;21744.35;"Orange";"Yellow"
"ENCREC_004";"18";"1827";"Dønna";"Endring 2018-2024";NA;-7.43000000000029;"NA";"Yellow"
"ENCREC_004";"18";"1832";"Hemnes";"2018";286818.16;286818.16;"Yellow";"Yellow"
"ENCREC_004";"18";"1832";"Hemnes";"2019";286817.25;286816.2;"Yellow";"Yellow"
"ENCREC_004";"18";"1832";"Hemnes";"2020";286807.57;286804.56;"Orange";"Orange"
"ENCREC_004";"18";"1832";"Hemnes";"2021";286814.35;286799.7;"Orange";"Orange"
"ENCREC_004";"18";"1832";"Hemnes";"2022";286817.29;286797.78;"Orange";"Orange"
"ENCREC_004";"18";"1832";"Hemnes";"2023";286818.11;286796.68;"Orange";"Orange"
"ENCREC_004";"18";"1832";"Hemnes";"2024";286819.13;286796.6;"Orange";"Orange"
"ENCREC_004";"18";"1832";"Hemnes";"Endring 2018-2024";NA;-21.5599999999977;"NA";"Yellow"
"ENCREC_004";"18";"1833";"Rana";"2018";884363.82;884363.82;"Yellow";"Yellow"
"ENCREC_004";"18";"1833";"Rana";"2019";884338.2;884337.47;"Yellow";"Yellow"
"ENCREC_004";"18";"1833";"Rana";"2020";884342.54;884315.46;"Yellow";"Yellow"
"ENCREC_004";"18";"1833";"Rana";"2021";884306.44;884257.35;"Yellow";"Yellow"
"ENCREC_004";"18";"1833";"Rana";"2022";884360.25;884253.05;"Yellow";"Yellow"
"ENCREC_004";"18";"1833";"Rana";"2023";884356.51;884245.01;"Green";"Yellow"
"ENCREC_004";"18";"1833";"Rana";"2024";884351.27;884231.73;"Yellow";"Yellow"
"ENCREC_004";"18";"1833";"Rana";"Endring 2018-2024";NA;-132.089999999967;"NA";"Yellow"
"ENCREC_004";"18";"1834";"Lurøy";"2018";31162.37;31162.37;"Yellow";"Yellow"
"ENCREC_004";"18";"1834";"Lurøy";"2019";31162.37;31162.37;"Yellow";"Yellow"
"ENCREC_004";"18";"1834";"Lurøy";"2020";31162.1;31162.1;"Yellow";"Yellow"
"ENCREC_004";"18";"1834";"Lurøy";"2021";31162.37;31162.1;"Orange";"Yellow"
"ENCREC_004";"18";"1834";"Lurøy";"2022";31162.37;31162.1;"Yellow";"Yellow"
"ENCREC_004";"18";"1834";"Lurøy";"2023";31160.84;31160.57;"Yellow";"Yellow"
"ENCREC_004";"18";"1834";"Lurøy";"2024";31158.44;31156.64;"Orange";"Yellow"
"ENCREC_004";"18";"1834";"Lurøy";"Endring 2018-2024";NA;-5.72999999999956;"NA";"Yellow"
"ENCREC_004";"18";"1836";"Rødøy";"2018";67891.16;67891.16;"Yellow";"Yellow"
"ENCREC_004";"18";"1836";"Rødøy";"2019";67891.16;67891.16;"Yellow";"Yellow"
"ENCREC_004";"18";"1836";"Rødøy";"2020";67891.05;67891.05;"Yellow";"Yellow"
"ENCREC_004";"18";"1836";"Rødøy";"2021";67891.15;67891.04;"Orange";"Yellow"
"ENCREC_004";"18";"1836";"Rødøy";"2022";67890.36;67890.24;"Orange";"Yellow"
"ENCREC_004";"18";"1836";"Rødøy";"2023";67885.62;67884.7;"Orange";"Yellow"
"ENCREC_004";"18";"1836";"Rødøy";"2024";67888.18;67881.72;"Orange";"Orange"
"ENCREC_004";"18";"1836";"Rødøy";"Endring 2018-2024";NA;-9.44000000000233;"NA";"Yellow"
"ENCREC_004";"18";"1837";"Meløy";"2018";274202.83;274202.83;"Yellow";"Yellow"
"ENCREC_004";"18";"1837";"Meløy";"2019";274178.69;274178.69;"Yellow";"Yellow"
"ENCREC_004";"18";"1837";"Meløy";"2020";274186.75;274162.61;"Yellow";"Yellow"
"ENCREC_004";"18";"1837";"Meløy";"2021";274196.31;274156.09;"Yellow";"Yellow"
"ENCREC_004";"18";"1837";"Meløy";"2022";274195.14;274148.4;"Yellow";"Yellow"
"ENCREC_004";"18";"1837";"Meløy";"2023";274197.64;274143.21;"Green";"Yellow"
"ENCREC_004";"18";"1837";"Meløy";"2024";274200.01;274140.39;"Yellow";"Yellow"
"ENCREC_004";"18";"1837";"Meløy";"Endring 2018-2024";NA;-62.4400000000023;"NA";"Yellow"
"ENCREC_004";"18";"1838";"Gildeskål";"2018";274226.15;274226.15;"Yellow";"Yellow"
"ENCREC_004";"18";"1838";"Gildeskål";"2019";274226.13;274226.13;"Yellow";"Yellow"
"ENCREC_004";"18";"1838";"Gildeskål";"2020";274206.35;274206.33;"Orange";"Orange"
"ENCREC_004";"18";"1838";"Gildeskål";"2021";274219.45;274199.63;"Orange";"Orange"
"ENCREC_004";"18";"1838";"Gildeskål";"2022";274225.85;274199.33;"Orange";"Orange"
"ENCREC_004";"18";"1838";"Gildeskål";"2023";274222.64;274195.82;"Orange";"Orange"
"ENCREC_004";"18";"1838";"Gildeskål";"2024";274226.15;274195.82;"Yellow";"Orange"
"ENCREC_004";"18";"1838";"Gildeskål";"Endring 2018-2024";NA;-30.3300000000163;"NA";"Yellow"
"ENCREC_004";"18";"1839";"Beiarn";"2018";572240.4;572240.4;"Yellow";"Yellow"
"ENCREC_004";"18";"1839";"Beiarn";"2019";572240.4;572240.4;"Yellow";"Yellow"
"ENCREC_004";"18";"1839";"Beiarn";"2020";572239.41;572239.41;"Orange";"Yellow"
"ENCREC_004";"18";"1839";"Beiarn";"2021";572222.12;572221.13;"Orange";"Orange"
"ENCREC_004";"18";"1839";"Beiarn";"2022";572231.24;572211.97;"Orange";"Orange"
"ENCREC_004";"18";"1839";"Beiarn";"2023";572238.48;572210.05;"Orange";"Orange"
"ENCREC_004";"18";"1839";"Beiarn";"2024";572240.05;572209.7;"Orange";"Orange"
"ENCREC_004";"18";"1839";"Beiarn";"Endring 2018-2024";NA;-30.6999999999534;"NA";"Yellow"
"ENCREC_004";"18";"1840";"Saltdal";"2018";1239123.12;1239123.12;"Orange";"Orange"
"ENCREC_004";"18";"1840";"Saltdal";"2019";1239125.11;1239122.76;"Orange";"Orange"
"ENCREC_004";"18";"1840";"Saltdal";"2020";1239124.16;1239121.45;"Orange";"Orange"
"ENCREC_004";"18";"1840";"Saltdal";"2021";1239106.97;1239102.95;"Orange";"Orange"
"ENCREC_004";"18";"1840";"Saltdal";"2022";1239118.45;1239095.93;"Orange";"Orange"
"ENCREC_004";"18";"1840";"Saltdal";"2023";1239111.9;1239082.36;"Orange";"Orange"
"ENCREC_004";"18";"1840";"Saltdal";"2024";1239118.52;1239075.41;"Orange";"Orange"
"ENCREC_004";"18";"1840";"Saltdal";"Endring 2018-2024";NA;-47.7099999999627;"NA";"Orange"
"ENCREC_004";"18";"1841";"Fauske/Fuossko";"2018";724979.47;724979.47;"Orange";"Orange"
"ENCREC_004";"18";"1841";"Fauske/Fuossko";"2019";724966.11;724965.72;"Orange";"Orange"
"ENCREC_004";"18";"1841";"Fauske/Fuossko";"2020";724976.29;724962.15;"Orange";"Orange"
"ENCREC_004";"18";"1841";"Fauske/Fuossko";"2021";724932.96;724915.25;"Orange";"Orange"
"ENCREC_004";"18";"1841";"Fauske/Fuossko";"2022";724958.33;724893.72;"Orange";"Orange"
"ENCREC_004";"18";"1841";"Fauske/Fuossko";"2023";724969.95;724883.81;"Orange";"Orange"
"ENCREC_004";"18";"1841";"Fauske/Fuossko";"2024";724955.99;724859.94;"Orange";"Orange"
"ENCREC_004";"18";"1841";"Fauske/Fuossko";"Endring 2018-2024";NA;-119.530000000028;"NA";"Orange"
"ENCREC_004";"18";"1845";"Sørfold";"2018";1147529.26;1147529.26;"Yellow";"Yellow"
"ENCREC_004";"18";"1845";"Sørfold";"2019";1147451.71;1147451.71;"Orange";"Orange"
"ENCREC_004";"18";"1845";"Sørfold";"2020";1147520.05;1147442.5;"Orange";"Orange"
"ENCREC_004";"18";"1845";"Sørfold";"2021";1147480.85;1147394.09;"Orange";"Orange"
"ENCREC_004";"18";"1845";"Sørfold";"2022";1147510.28;1147375.11;"Orange";"Orange"
"ENCREC_004";"18";"1845";"Sørfold";"2023";1147529.26;1147375.11;"Green";"Orange"
"ENCREC_004";"18";"1845";"Sørfold";"2024";1147517.7;1147363.55;"Orange";"Orange"
"ENCREC_004";"18";"1845";"Sørfold";"Endring 2018-2024";NA;-165.709999999963;"NA";"Yellow"
"ENCREC_004";"18";"1851";"Lødingen";"2018";167723.5;167723.5;"Yellow";"Yellow"
"ENCREC_004";"18";"1851";"Lødingen";"2019";167721.99;167721.98;"Yellow";"Yellow"
"ENCREC_004";"18";"1851";"Lødingen";"2020";167715.28;167713.75;"Yellow";"Yellow"
"ENCREC_004";"18";"1851";"Lødingen";"2021";167692.51;167682.75;"Orange";"Orange"
"ENCREC_004";"18";"1851";"Lødingen";"2022";167720.51;167679.75;"Orange";"Orange"
"ENCREC_004";"18";"1851";"Lødingen";"2023";167721.25;167677.49;"Orange";"Orange"
"ENCREC_004";"18";"1851";"Lødingen";"2024";167716.93;167670.91;"Orange";"Orange"
"ENCREC_004";"18";"1851";"Lødingen";"Endring 2018-2024";NA;-52.5899999999965;"NA";"Yellow"
"ENCREC_004";"18";"1853";"Evenes/Evenášši";"2018";235170.47;235170.47;"Yellow";"Yellow"
"ENCREC_004";"18";"1853";"Evenes/Evenášši";"2019";235160.15;235150.75;"Yellow";"Yellow"
"ENCREC_004";"18";"1853";"Evenes/Evenášši";"2020";235127.02;235097.9;"Yellow";"Yellow"
"ENCREC_004";"18";"1853";"Evenes/Evenášši";"2021";235118.25;235036.28;"Orange";"Orange"
"ENCREC_004";"18";"1853";"Evenes/Evenášši";"2022";235135.85;234992.26;"Orange";"Orange"
"ENCREC_004";"18";"1853";"Evenes/Evenášši";"2023";235092.76;234905.15;"Orange";"Orange"
"ENCREC_004";"18";"1853";"Evenes/Evenášši";"2024";235153.74;234879.02;"Orange";"Orange"
"ENCREC_004";"18";"1853";"Evenes/Evenášši";"Endring 2018-2024";NA;-291.450000000012;"NA";"Yellow"
"ENCREC_004";"18";"1856";"Røst";"2018";4354.73;4354.73;"Yellow";"Yellow"
"ENCREC_004";"18";"1856";"Røst";"2019";4354.73;4354.73;"Yellow";"Yellow"
"ENCREC_004";"18";"1856";"Røst";"2020";4354.73;4354.73;"Yellow";"Yellow"
"ENCREC_004";"18";"1856";"Røst";"2021";4354.73;4354.73;"Yellow";"Yellow"
"ENCREC_004";"18";"1856";"Røst";"2022";4354.66;4354.66;"Orange";"Yellow"
"ENCREC_004";"18";"1856";"Røst";"2023";4354.73;4354.66;"Green";"Yellow"
"ENCREC_004";"18";"1856";"Røst";"2024";4354.73;4354.66;"Yellow";"Yellow"
"ENCREC_004";"18";"1856";"Røst";"Endring 2018-2024";NA;-0.069999999999709;"NA";"Yellow"
"ENCREC_004";"18";"1857";"Værøy";"2018";3957.71;3957.71;"Yellow";"Yellow"
"ENCREC_004";"18";"1857";"Værøy";"2019";3957.71;3957.71;"Yellow";"Yellow"
"ENCREC_004";"18";"1857";"Værøy";"2020";3954.4;3954.4;"Yellow";"Yellow"
"ENCREC_004";"18";"1857";"Værøy";"2021";3957.37;3954.06;"Orange";"Yellow"
"ENCREC_004";"18";"1857";"Værøy";"2022";3957.71;3954.06;"Yellow";"Yellow"
"ENCREC_004";"18";"1857";"Værøy";"2023";3957.71;3954.06;"Green";"Yellow"
"ENCREC_004";"18";"1857";"Værøy";"2024";3957.71;3954.06;"Yellow";"Yellow"
"ENCREC_004";"18";"1857";"Værøy";"Endring 2018-2024";NA;-3.65000000000009;"NA";"Yellow"
"ENCREC_004";"18";"1859";"Flakstad";"2018";16260.39;16260.39;"Yellow";"Yellow"
"ENCREC_004";"18";"1859";"Flakstad";"2019";16258.4;16258.21;"Yellow";"Yellow"
"ENCREC_004";"18";"1859";"Flakstad";"2020";16256.38;16254.01;"Yellow";"Yellow"
"ENCREC_004";"18";"1859";"Flakstad";"2021";16260.33;16253.76;"Orange";"Yellow"
"ENCREC_004";"18";"1859";"Flakstad";"2022";16260.47;16253.65;"Orange";"Yellow"
"ENCREC_004";"18";"1859";"Flakstad";"2023";16260.46;16253.53;"Yellow";"Yellow"
"ENCREC_004";"18";"1859";"Flakstad";"2024";16260.58;16253.53;"Yellow";"Yellow"
"ENCREC_004";"18";"1859";"Flakstad";"Endring 2018-2024";NA;-6.85999999999876;"NA";"Yellow"
"ENCREC_004";"18";"1860";"Vestvågøy";"2018";71549.21;71549.21;"Yellow";"Yellow"
"ENCREC_004";"18";"1860";"Vestvågøy";"2019";71549.33;71537.09;"Yellow";"Yellow"
"ENCREC_004";"18";"1860";"Vestvågøy";"2020";71557.83;71533.47;"Yellow";"Yellow"
"ENCREC_004";"18";"1860";"Vestvågøy";"2021";71554.66;71526.68;"Orange";"Yellow"
"ENCREC_004";"18";"1860";"Vestvågøy";"2022";71543.9;71509.13;"Orange";"Orange"
"ENCREC_004";"18";"1860";"Vestvågøy";"2023";71549.31;71496.99;"Orange";"Orange"
"ENCREC_004";"18";"1860";"Vestvågøy";"2024";71561.45;71496.99;"Yellow";"Orange"
"ENCREC_004";"18";"1860";"Vestvågøy";"Endring 2018-2024";NA;-52.2200000000012;"NA";"Yellow"
"ENCREC_004";"18";"1865";"Vågan";"2018";80921;80921;"Yellow";"Yellow"
"ENCREC_004";"18";"1865";"Vågan";"2019";80909.69;80908.54;"Yellow";"Yellow"
"ENCREC_004";"18";"1865";"Vågan";"2020";80882.11;80868.5;"Yellow";"Yellow"
"ENCREC_004";"18";"1865";"Vågan";"2021";80913.3;80859.65;"Orange";"Yellow"
"ENCREC_004";"18";"1865";"Vågan";"2022";80889.21;80826.71;"Orange";"Orange"
"ENCREC_004";"18";"1865";"Vågan";"2023";80917.53;80822.09;"Orange";"Orange"
"ENCREC_004";"18";"1865";"Vågan";"2024";80921.36;80821.3;"Orange";"Orange"
"ENCREC_004";"18";"1865";"Vågan";"Endring 2018-2024";NA;-99.7000000000116;"NA";"Yellow"
"ENCREC_004";"18";"1866";"Hadsel";"2018";76210.78;76210.78;"Yellow";"Yellow"
"ENCREC_004";"18";"1866";"Hadsel";"2019";76204.82;76201.99;"Yellow";"Yellow"
"ENCREC_004";"18";"1866";"Hadsel";"2020";76210.16;76198.54;"Yellow";"Yellow"
"ENCREC_004";"18";"1866";"Hadsel";"2021";76209.98;76194.91;"Orange";"Yellow"
"ENCREC_004";"18";"1866";"Hadsel";"2022";76213.61;76194.91;"Yellow";"Yellow"
"ENCREC_004";"18";"1866";"Hadsel";"2023";76210.49;76191.79;"Orange";"Yellow"
"ENCREC_004";"18";"1866";"Hadsel";"2024";76213.61;76191.79;"Yellow";"Yellow"
"ENCREC_004";"18";"1866";"Hadsel";"Endring 2018-2024";NA;-18.9900000000052;"NA";"Yellow"
"ENCREC_004";"18";"1867";"Bø";"2018";36753.89;36753.89;"Yellow";"Yellow"
"ENCREC_004";"18";"1867";"Bø";"2019";36753.73;36753.73;"Yellow";"Yellow"
"ENCREC_004";"18";"1867";"Bø";"2020";36753.58;36753.42;"Yellow";"Yellow"
"ENCREC_004";"18";"1867";"Bø";"2021";36749.66;36749.19;"Orange";"Orange"
"ENCREC_004";"18";"1867";"Bø";"2022";36753.71;36749.01;"Orange";"Orange"
"ENCREC_004";"18";"1867";"Bø";"2023";36753.87;36748.99;"Yellow";"Orange"
"ENCREC_004";"18";"1867";"Bø";"2024";36753.83;36748.93;"Orange";"Orange"
"ENCREC_004";"18";"1867";"Bø";"Endring 2018-2024";NA;-4.95999999999913;"NA";"Yellow"
"ENCREC_004";"18";"1868";"Øksnes";"2018";29460.14;29460.14;"Yellow";"Yellow"
"ENCREC_004";"18";"1868";"Øksnes";"2019";29449.56;29449.45;"Yellow";"Yellow"
"ENCREC_004";"18";"1868";"Øksnes";"2020";29459.45;29448.65;"Yellow";"Yellow"
"ENCREC_004";"18";"1868";"Øksnes";"2021";29456.08;29444.48;"Orange";"Yellow"
"ENCREC_004";"18";"1868";"Øksnes";"2022";29459.74;29443.97;"Orange";"Yellow"
"ENCREC_004";"18";"1868";"Øksnes";"2023";29458.6;29442.32;"Orange";"Orange"
"ENCREC_004";"18";"1868";"Øksnes";"2024";29459.49;29441.56;"Orange";"Orange"
"ENCREC_004";"18";"1868";"Øksnes";"Endring 2018-2024";NA;-18.5799999999981;"NA";"Yellow"
"ENCREC_004";"18";"1870";"Sortland/Suortá";"2018";205842.31;205842.31;"Yellow";"Yellow"
"ENCREC_004";"18";"1870";"Sortland/Suortá";"2019";205846.49;205837.65;"Yellow";"Yellow"
"ENCREC_004";"18";"1870";"Sortland/Suortá";"2020";205849.43;205835.93;"Yellow";"Yellow"
"ENCREC_004";"18";"1870";"Sortland/Suortá";"2021";205825.88;205810.66;"Orange";"Orange"
"ENCREC_004";"18";"1870";"Sortland/Suortá";"2022";205826.97;205786.48;"Orange";"Orange"
"ENCREC_004";"18";"1870";"Sortland/Suortá";"2023";205843.03;205778.36;"Orange";"Orange"
"ENCREC_004";"18";"1870";"Sortland/Suortá";"2024";205846.37;205773.58;"Orange";"Orange"
"ENCREC_004";"18";"1870";"Sortland/Suortá";"Endring 2018-2024";NA;-68.7300000000105;"NA";"Yellow"
"ENCREC_004";"18";"1871";"Andøy";"2018";188106.79;188106.79;"Yellow";"Yellow"
"ENCREC_004";"18";"1871";"Andøy";"2019";188105.83;188105.29;"Yellow";"Yellow"
"ENCREC_004";"18";"1871";"Andøy";"2020";188088.03;188085.99;"Yellow";"Yellow"
"ENCREC_004";"18";"1871";"Andøy";"2021";188102.28;188080.94;"Orange";"Yellow"
"ENCREC_004";"18";"1871";"Andøy";"2022";188049.87;188023.48;"Orange";"Orange"
"ENCREC_004";"18";"1871";"Andøy";"2023";188101.69;188017.84;"Orange";"Orange"
"ENCREC_004";"18";"1871";"Andøy";"2024";188096.83;188007.34;"Orange";"Orange"
"ENCREC_004";"18";"1871";"Andøy";"Endring 2018-2024";NA;-99.4499999999825;"NA";"Yellow"
"ENCREC_004";"18";"1874";"Moskenes";"2018";9296.48;9296.48;"Yellow";"Yellow"
"ENCREC_004";"18";"1874";"Moskenes";"2019";9302.6;9295.65;"Yellow";"Yellow"
"ENCREC_004";"18";"1874";"Moskenes";"2020";9302.34;9294.56;"Yellow";"Yellow"
"ENCREC_004";"18";"1874";"Moskenes";"2021";9302.72;9293.85;"Orange";"Yellow"
"ENCREC_004";"18";"1874";"Moskenes";"2022";9300.59;9291.01;"Orange";"Yellow"
"ENCREC_004";"18";"1874";"Moskenes";"2023";9303.43;9291.01;"Green";"Yellow"
"ENCREC_004";"18";"1874";"Moskenes";"2024";9303.43;9291.01;"Yellow";"Yellow"
"ENCREC_004";"18";"1874";"Moskenes";"Endring 2018-2024";NA;-5.46999999999935;"NA";"Yellow"
"ENCREC_004";"18";"1875";"Hábmer/Hamarøy";"2018";1553540.35;1553540.35;"Yellow";"Yellow"
"ENCREC_004";"18";"1875";"Hábmer/Hamarøy";"2019";1553538.34;1553528.84;"Yellow";"Yellow"
"ENCREC_004";"18";"1875";"Hábmer/Hamarøy";"2020";1553546.53;1553525.52;"Yellow";"Yellow"
"ENCREC_004";"18";"1875";"Hábmer/Hamarøy";"2021";1553524.7;1553500.37;"Orange";"Orange"
"ENCREC_004";"18";"1875";"Hábmer/Hamarøy";"2022";1553520.45;1553470.97;"Orange";"Orange"
"ENCREC_004";"18";"1875";"Hábmer/Hamarøy";"2023";1553538.19;1553459.31;"Orange";"Orange"
"ENCREC_004";"18";"1875";"Hábmer/Hamarøy";"2024";1553545.76;1553455.22;"Orange";"Orange"
"ENCREC_004";"18";"1875";"Hábmer/Hamarøy";"Endring 2018-2024";NA;-85.1299999998882;"NA";"Yellow"
"ENCREC_004";"31";"3101";"Halden";"2018";206917.22;206917.22;"Yellow";"Yellow"
"ENCREC_004";"31";"3101";"Halden";"2019";206921.43;206903;"Yellow";"Yellow"
"ENCREC_004";"31";"3101";"Halden";"2020";206912.03;206879.38;"Yellow";"Yellow"
"ENCREC_004";"31";"3101";"Halden";"2021";206901.58;206845.31;"Yellow";"Yellow"
"ENCREC_004";"31";"3101";"Halden";"2022";206903.36;206813.02;"Yellow";"Yellow"
"ENCREC_004";"31";"3101";"Halden";"2023";206920.54;206797.91;"Yellow";"Yellow"
"ENCREC_004";"31";"3101";"Halden";"2024";206934.21;206796.47;"Orange";"Yellow"
"ENCREC_004";"31";"3101";"Halden";"Endring 2018-2024";NA;-120.75;"NA";"Yellow"
"ENCREC_004";"31";"3103";"Moss";"2018";62829.47;62829.47;"Yellow";"Yellow"
"ENCREC_004";"31";"3103";"Moss";"2019";62824.26;62811.54;"Yellow";"Yellow"
"ENCREC_004";"31";"3103";"Moss";"2020";62767.14;62736.49;"Yellow";"Yellow"
"ENCREC_004";"31";"3103";"Moss";"2021";62745.41;62639.71;"Yellow";"Yellow"
"ENCREC_004";"31";"3103";"Moss";"2022";62813.53;62611.05;"Yellow";"Yellow"
"ENCREC_004";"31";"3103";"Moss";"2023";62820.62;62589.48;"Yellow";"Yellow"
"ENCREC_004";"31";"3103";"Moss";"2024";62838.48;62585.77;"Yellow";"Yellow"
"ENCREC_004";"31";"3103";"Moss";"Endring 2018-2024";NA;-243.699999999997;"NA";"Yellow"
"ENCREC_004";"31";"3105";"Sarpsborg";"2018";149154.37;149154.37;"Yellow";"Yellow"
"ENCREC_004";"31";"3105";"Sarpsborg";"2019";149117.2;149073.03;"Yellow";"Yellow"
"ENCREC_004";"31";"3105";"Sarpsborg";"2020";149038.91;148913.4;"Yellow";"Yellow"
"ENCREC_004";"31";"3105";"Sarpsborg";"2021";149097.45;148812.31;"Yellow";"Yellow"
"ENCREC_004";"31";"3105";"Sarpsborg";"2022";149126.89;148740.66;"Yellow";"Yellow"
"ENCREC_004";"31";"3105";"Sarpsborg";"2023";149126.98;148669.1;"Yellow";"Yellow"
"ENCREC_004";"31";"3105";"Sarpsborg";"2024";149179.52;148650.08;"Yellow";"Yellow"
"ENCREC_004";"31";"3105";"Sarpsborg";"Endring 2018-2024";NA;-504.289999999979;"NA";"Yellow"
"ENCREC_004";"31";"3107";"Fredrikstad";"2018";94565.79;94565.79;"Yellow";"Yellow"
"ENCREC_004";"31";"3107";"Fredrikstad";"2019";94548.11;94517.66;"Yellow";"Yellow"
"ENCREC_004";"31";"3107";"Fredrikstad";"2020";94511.4;94432.82;"Yellow";"Yellow"
"ENCREC_004";"31";"3107";"Fredrikstad";"2021";94551.52;94388.1;"Yellow";"Yellow"
"ENCREC_004";"31";"3107";"Fredrikstad";"2022";94549.53;94341.39;"Yellow";"Yellow"
"ENCREC_004";"31";"3107";"Fredrikstad";"2023";94539.23;94284.38;"Yellow";"Yellow"
"ENCREC_004";"31";"3107";"Fredrikstad";"2024";94578.61;94266.75;"Orange";"Yellow"
"ENCREC_004";"31";"3107";"Fredrikstad";"Endring 2018-2024";NA;-299.040000000008;"NA";"Yellow"
"ENCREC_004";"31";"3110";"Hvaler";"2018";28997.52;28997.52;"Yellow";"Yellow"
"ENCREC_004";"31";"3110";"Hvaler";"2019";28998.52;28997;"Yellow";"Yellow"
"ENCREC_004";"31";"3110";"Hvaler";"2020";28972.86;28970.82;"Yellow";"Yellow"
"ENCREC_004";"31";"3110";"Hvaler";"2021";28989.03;28960.81;"Yellow";"Yellow"
"ENCREC_004";"31";"3110";"Hvaler";"2022";28996.99;28958.76;"Yellow";"Yellow"
"ENCREC_004";"31";"3110";"Hvaler";"2023";28998.94;28958.66;"Yellow";"Yellow"
"ENCREC_004";"31";"3110";"Hvaler";"2024";28996.26;28955.88;"Yellow";"Yellow"
"ENCREC_004";"31";"3110";"Hvaler";"Endring 2018-2024";NA;-41.6399999999994;"NA";"Yellow"
"ENCREC_004";"31";"3112";"Råde";"2018";43722.76;43722.76;"Yellow";"Yellow"
"ENCREC_004";"31";"3112";"Råde";"2019";43725.67;43716.97;"Yellow";"Yellow"
"ENCREC_004";"31";"3112";"Råde";"2020";43717.49;43703;"Yellow";"Yellow"
"ENCREC_004";"31";"3112";"Råde";"2021";43700.62;43672.16;"Yellow";"Yellow"
"ENCREC_004";"31";"3112";"Råde";"2022";43668.14;43608.84;"Orange";"Yellow"
"ENCREC_004";"31";"3112";"Råde";"2023";43712.74;43590.12;"Yellow";"Yellow"
"ENCREC_004";"31";"3112";"Råde";"2024";43728.81;43587.47;"Orange";"Yellow"
"ENCREC_004";"31";"3112";"Råde";"Endring 2018-2024";NA;-135.290000000001;"NA";"Yellow"
"ENCREC_004";"31";"3114";"Våler (Viken)";"2018";63209.36;63209.36;"Yellow";"Yellow"
"ENCREC_004";"31";"3114";"Våler (Viken)";"2019";63202.2;63198.25;"Yellow";"Yellow"
"ENCREC_004";"31";"3114";"Våler (Viken)";"2020";63184.69;63169.63;"Yellow";"Yellow"
"ENCREC_004";"31";"3114";"Våler (Viken)";"2021";63185.08;63141.4;"Yellow";"Yellow"
"ENCREC_004";"31";"3114";"Våler (Viken)";"2022";63193.4;63121.49;"Yellow";"Yellow"
"ENCREC_004";"31";"3114";"Våler (Viken)";"2023";63202.69;63110.87;"Yellow";"Yellow"
"ENCREC_004";"31";"3114";"Våler (Viken)";"2024";63205.54;63103.1;"Yellow";"Yellow"
"ENCREC_004";"31";"3114";"Våler (Viken)";"Endring 2018-2024";NA;-106.260000000002;"NA";"Yellow"
"ENCREC_004";"31";"3118";"Indre Østfold";"2018";161958.71;161958.71;"Yellow";"Yellow"
"ENCREC_004";"31";"3118";"Indre Østfold";"2019";161957.73;161926.41;"Yellow";"Yellow"
"ENCREC_004";"31";"3118";"Indre Østfold";"2020";161934;161870.38;"Yellow";"Yellow"
"ENCREC_004";"31";"3118";"Indre Østfold";"2021";161977.21;161857.56;"Yellow";"Yellow"
"ENCREC_004";"31";"3118";"Indre Østfold";"2022";161837.71;161705.24;"Yellow";"Yellow"
"ENCREC_004";"31";"3118";"Indre Østfold";"2023";161951.42;161666.63;"Yellow";"Yellow"
"ENCREC_004";"31";"3118";"Indre Østfold";"2024";161979.62;161656.22;"Yellow";"Yellow"
"ENCREC_004";"31";"3118";"Indre Østfold";"Endring 2018-2024";NA;-302.489999999991;"NA";"Yellow"
"ENCREC_004";"31";"3120";"Rakkestad";"2018";170484;170484;"Yellow";"Yellow"
"ENCREC_004";"31";"3120";"Rakkestad";"2019";170495.46;170482.82;"Yellow";"Yellow"
"ENCREC_004";"31";"3120";"Rakkestad";"2020";170466.32;170452.5;"Yellow";"Yellow"
"ENCREC_004";"31";"3120";"Rakkestad";"2021";170476.81;170432.67;"Yellow";"Yellow"
"ENCREC_004";"31";"3120";"Rakkestad";"2022";170475.69;170411.72;"Yellow";"Yellow"
"ENCREC_004";"31";"3120";"Rakkestad";"2023";170493.27;170408.35;"Yellow";"Yellow"
"ENCREC_004";"31";"3120";"Rakkestad";"2024";170493.25;170404.96;"Yellow";"Yellow"
"ENCREC_004";"31";"3120";"Rakkestad";"Endring 2018-2024";NA;-79.039999999979;"NA";"Yellow"
"ENCREC_004";"31";"3122";"Marker";"2018";294619.12;294619.12;"Yellow";"Yellow"
"ENCREC_004";"31";"3122";"Marker";"2019";294602.69;294568.13;"Yellow";"Yellow"
"ENCREC_004";"31";"3122";"Marker";"2020";294611.86;294526.31;"Yellow";"Yellow"
"ENCREC_004";"31";"3122";"Marker";"2021";294627.64;294500.27;"Yellow";"Yellow"
"ENCREC_004";"31";"3122";"Marker";"2022";294612.92;294459.51;"Yellow";"Yellow"
"ENCREC_004";"31";"3122";"Marker";"2023";294650.56;294456.39;"Yellow";"Yellow"
"ENCREC_004";"31";"3122";"Marker";"2024";294650.69;294453.4;"Yellow";"Yellow"
"ENCREC_004";"31";"3122";"Marker";"Endring 2018-2024";NA;-165.72000000003;"NA";"Yellow"
"ENCREC_004";"32";"3201";"Bærum";"2018";146156.22;146156.22;"Yellow";"Yellow"
"ENCREC_004";"32";"3201";"Bærum";"2019";146152.38;146122.49;"Yellow";"Yellow"
"ENCREC_004";"32";"3201";"Bærum";"2020";146123.07;146059.45;"Yellow";"Yellow"
"ENCREC_004";"32";"3201";"Bærum";"2021";145923.11;145796.45;"Yellow";"Yellow"
"ENCREC_004";"32";"3201";"Bærum";"2022";146034.54;145644.88;"Yellow";"Yellow"
"ENCREC_004";"32";"3201";"Bærum";"2023";146093.75;145552.52;"Yellow";"Yellow"
"ENCREC_004";"32";"3201";"Bærum";"2024";146162.77;145529.18;"Orange";"Yellow"
"ENCREC_004";"32";"3201";"Bærum";"Endring 2018-2024";NA;-627.039999999979;"NA";"Yellow"
"ENCREC_004";"32";"3203";"Asker";"2018";179554.05;179554.05;"Yellow";"Yellow"
"ENCREC_004";"32";"3203";"Asker";"2019";179548.14;179502.88;"Yellow";"Yellow"
"ENCREC_004";"32";"3203";"Asker";"2020";179466.28;179369.85;"Yellow";"Yellow"
"ENCREC_004";"32";"3203";"Asker";"2021";179480.32;179250.86;"Yellow";"Yellow"
"ENCREC_004";"32";"3203";"Asker";"2022";179559.54;179211.09;"Yellow";"Yellow"
"ENCREC_004";"32";"3203";"Asker";"2023";179544.93;179156.71;"Yellow";"Yellow"
"ENCREC_004";"32";"3203";"Asker";"2024";179569.09;179126.49;"Yellow";"Yellow"
"ENCREC_004";"32";"3203";"Asker";"Endring 2018-2024";NA;-427.559999999998;"NA";"Yellow"
"ENCREC_004";"32";"3205";"Lillestrøm";"2018";267079.45;267079.45;"Yellow";"Yellow"
"ENCREC_004";"32";"3205";"Lillestrøm";"2019";267068.17;267004.33;"Yellow";"Yellow"
"ENCREC_004";"32";"3205";"Lillestrøm";"2020";267012.83;266873.87;"Yellow";"Yellow"
"ENCREC_004";"32";"3205";"Lillestrøm";"2021";267010.15;266740.73;"Yellow";"Yellow"
"ENCREC_004";"32";"3205";"Lillestrøm";"2022";267014.44;266611.88;"Yellow";"Yellow"
"ENCREC_004";"32";"3205";"Lillestrøm";"2023";267027.94;266496.53;"Green";"Yellow"
"ENCREC_004";"32";"3205";"Lillestrøm";"2024";267121.01;266474.25;"Yellow";"Yellow"
"ENCREC_004";"32";"3205";"Lillestrøm";"Endring 2018-2024";NA;-605.199999999953;"NA";"Yellow"
"ENCREC_004";"32";"3207";"Nordre Follo";"2018";99142.43;99142.43;"Yellow";"Yellow"
"ENCREC_004";"32";"3207";"Nordre Follo";"2019";99112.68;99086.48;"Yellow";"Yellow"
"ENCREC_004";"32";"3207";"Nordre Follo";"2020";99082.43;99000.28;"Yellow";"Yellow"
"ENCREC_004";"32";"3207";"Nordre Follo";"2021";99138.26;98969.91;"Yellow";"Yellow"
"ENCREC_004";"32";"3207";"Nordre Follo";"2022";99127.96;98929.24;"Yellow";"Yellow"
"ENCREC_004";"32";"3207";"Nordre Follo";"2023";99098.03;98858.64;"Green";"Yellow"
"ENCREC_004";"32";"3207";"Nordre Follo";"2024";99158.12;98848.13;"Yellow";"Yellow"
"ENCREC_004";"32";"3207";"Nordre Follo";"Endring 2018-2024";NA;-294.300000000003;"NA";"Yellow"
"ENCREC_004";"32";"3209";"Ullensaker";"2018";81979.45;81979.45;"Yellow";"Yellow"
"ENCREC_004";"32";"3209";"Ullensaker";"2019";81918.22;81872.21;"Yellow";"Yellow"
"ENCREC_004";"32";"3209";"Ullensaker";"2020";81996.64;81843.39;"Yellow";"Yellow"
"ENCREC_004";"32";"3209";"Ullensaker";"2021";81972.74;81790.67;"Yellow";"Yellow"
"ENCREC_004";"32";"3209";"Ullensaker";"2022";82007.07;81772.28;"Yellow";"Yellow"
"ENCREC_004";"32";"3209";"Ullensaker";"2023";81945.89;81692.71;"Yellow";"Yellow"
"ENCREC_004";"32";"3209";"Ullensaker";"2024";82000.17;81667.42;"Orange";"Yellow"
"ENCREC_004";"32";"3209";"Ullensaker";"Endring 2018-2024";NA;-312.029999999999;"NA";"Yellow"
"ENCREC_004";"32";"3212";"Nesodden";"2018";34270.85;34270.85;"Yellow";"Yellow"
"ENCREC_004";"32";"3212";"Nesodden";"2019";34261.77;34255.56;"Yellow";"Yellow"
"ENCREC_004";"32";"3212";"Nesodden";"2020";34222.58;34201.08;"Yellow";"Yellow"
"ENCREC_004";"32";"3212";"Nesodden";"2021";34258.07;34182.09;"Yellow";"Yellow"
"ENCREC_004";"32";"3212";"Nesodden";"2022";34252.91;34157.94;"Yellow";"Yellow"
"ENCREC_004";"32";"3212";"Nesodden";"2023";34219.85;34100.73;"Yellow";"Yellow"
"ENCREC_004";"32";"3212";"Nesodden";"2024";34276.78;34100.45;"Yellow";"Yellow"
"ENCREC_004";"32";"3212";"Nesodden";"Endring 2018-2024";NA;-170.400000000001;"NA";"Yellow"
"ENCREC_004";"32";"3214";"Frogn";"2018";64275.47;64275.47;"Yellow";"Yellow"
"ENCREC_004";"32";"3214";"Frogn";"2019";64276.67;64263.3;"Yellow";"Yellow"
"ENCREC_004";"32";"3214";"Frogn";"2020";64248.86;64223.32;"Yellow";"Yellow"
"ENCREC_004";"32";"3214";"Frogn";"2021";64246.69;64181.17;"Yellow";"Yellow"
"ENCREC_004";"32";"3214";"Frogn";"2022";64260.43;64152.76;"Yellow";"Yellow"
"ENCREC_004";"32";"3214";"Frogn";"2023";64274.4;64138.32;"Green";"Yellow"
"ENCREC_004";"32";"3214";"Frogn";"2024";64286.51;64135.99;"Yellow";"Yellow"
"ENCREC_004";"32";"3214";"Frogn";"Endring 2018-2024";NA;-139.479999999996;"NA";"Yellow"
"ENCREC_004";"32";"3216";"Vestby";"2018";94751.29;94751.29;"Yellow";"Yellow"
"ENCREC_004";"32";"3216";"Vestby";"2019";94723.64;94668.93;"Yellow";"Yellow"
"ENCREC_004";"32";"3216";"Vestby";"2020";94652.37;94515.3;"Yellow";"Yellow"
"ENCREC_004";"32";"3216";"Vestby";"2021";94705.67;94414.97;"Yellow";"Yellow"
"ENCREC_004";"32";"3216";"Vestby";"2022";94702.62;94311.59;"Yellow";"Yellow"
"ENCREC_004";"32";"3216";"Vestby";"2023";94754.66;94260.25;"Yellow";"Yellow"
"ENCREC_004";"32";"3216";"Vestby";"2024";94782.07;94236.32;"Orange";"Yellow"
"ENCREC_004";"32";"3216";"Vestby";"Endring 2018-2024";NA;-514.969999999987;"NA";"Yellow"
"ENCREC_004";"32";"3218";"Ås";"2018";52734.94;52734.94;"Yellow";"Yellow"
"ENCREC_004";"32";"3218";"Ås";"2019";52695.4;52682.67;"Yellow";"Yellow"
"ENCREC_004";"32";"3218";"Ås";"2020";52661.53;52596.53;"Yellow";"Yellow"
"ENCREC_004";"32";"3218";"Ås";"2021";52623.15;52472.01;"Yellow";"Yellow"
"ENCREC_004";"32";"3218";"Ås";"2022";52705.64;52429.98;"Yellow";"Yellow"
"ENCREC_004";"32";"3218";"Ås";"2023";52725.13;52407.44;"Yellow";"Yellow"
"ENCREC_004";"32";"3218";"Ås";"2024";52738.73;52398.5;"Yellow";"Yellow"
"ENCREC_004";"32";"3218";"Ås";"Endring 2018-2024";NA;-336.439999999995;"NA";"Yellow"
"ENCREC_004";"32";"3220";"Enebakk";"2018";150873.25;150873.25;"Yellow";"Yellow"
"ENCREC_004";"32";"3220";"Enebakk";"2019";150852.91;150827.3;"Yellow";"Yellow"
"ENCREC_004";"32";"3220";"Enebakk";"2020";150872.56;150801;"Yellow";"Yellow"
"ENCREC_004";"32";"3220";"Enebakk";"2021";150844.31;150746.45;"Yellow";"Yellow"
"ENCREC_004";"32";"3220";"Enebakk";"2022";150868.31;150715.9;"Yellow";"Yellow"
"ENCREC_004";"32";"3220";"Enebakk";"2023";150881.37;150698.41;"Yellow";"Yellow"
"ENCREC_004";"32";"3220";"Enebakk";"2024";150895.8;150695.35;"Yellow";"Yellow"
"ENCREC_004";"32";"3220";"Enebakk";"Endring 2018-2024";NA;-177.900000000023;"NA";"Yellow"
"ENCREC_004";"32";"3224";"Rælingen";"2018";46377.61;46377.61;"Yellow";"Yellow"
"ENCREC_004";"32";"3224";"Rælingen";"2019";46310.95;46234.79;"Yellow";"Yellow"
"ENCREC_004";"32";"3224";"Rælingen";"2020";46400.79;46181.81;"Yellow";"Yellow"
"ENCREC_004";"32";"3224";"Rælingen";"2021";46405.15;46133.19;"Yellow";"Yellow"
"ENCREC_004";"32";"3224";"Rælingen";"2022";46422.64;46102.06;"Yellow";"Yellow"
"ENCREC_004";"32";"3224";"Rælingen";"2023";46374.28;46022.57;"Yellow";"Yellow"
"ENCREC_004";"32";"3224";"Rælingen";"2024";46422.6;45991.4;"Orange";"Yellow"
"ENCREC_004";"32";"3224";"Rælingen";"Endring 2018-2024";NA;-386.209999999999;"NA";"Yellow"
"ENCREC_004";"32";"3226";"Aurskog-Høland";"2018";260268.47;260268.47;"Yellow";"Yellow"
"ENCREC_004";"32";"3226";"Aurskog-Høland";"2019";260272.41;260243.95;"Yellow";"Yellow"
"ENCREC_004";"32";"3226";"Aurskog-Høland";"2020";260254.84;260201.86;"Yellow";"Yellow"
"ENCREC_004";"32";"3226";"Aurskog-Høland";"2021";260238.92;260143.85;"Yellow";"Yellow"
"ENCREC_004";"32";"3226";"Aurskog-Høland";"2022";260252.52;260099.44;"Yellow";"Yellow"
"ENCREC_004";"32";"3226";"Aurskog-Høland";"2023";260257.66;260060.17;"Green";"Yellow"
"ENCREC_004";"32";"3226";"Aurskog-Høland";"2024";260288.68;260051.92;"Yellow";"Yellow"
"ENCREC_004";"32";"3226";"Aurskog-Høland";"Endring 2018-2024";NA;-216.550000000017;"NA";"Yellow"
"ENCREC_004";"32";"3228";"Nes";"2018";232633.01;232633.01;"Yellow";"Yellow"
"ENCREC_004";"32";"3228";"Nes";"2019";232617.49;232561.91;"Yellow";"Yellow"
"ENCREC_004";"32";"3228";"Nes";"2020";232638.26;232511.58;"Yellow";"Yellow"
"ENCREC_004";"32";"3228";"Nes";"2021";232611.31;232434.3;"Yellow";"Yellow"
"ENCREC_004";"32";"3228";"Nes";"2022";232654.27;232399.98;"Yellow";"Yellow"
"ENCREC_004";"32";"3228";"Nes";"2023";232637.67;232349.06;"Yellow";"Yellow"
"ENCREC_004";"32";"3228";"Nes";"2024";232682.27;232342.74;"Orange";"Yellow"
"ENCREC_004";"32";"3228";"Nes";"Endring 2018-2024";NA;-290.270000000019;"NA";"Yellow"
"ENCREC_004";"32";"3230";"Gjerdrum";"2018";42332.93;42332.93;"Yellow";"Yellow"
"ENCREC_004";"32";"3230";"Gjerdrum";"2019";42332.69;42329.59;"Yellow";"Yellow"
"ENCREC_004";"32";"3230";"Gjerdrum";"2020";42317.68;42311.24;"Yellow";"Yellow"
"ENCREC_004";"32";"3230";"Gjerdrum";"2021";42219.21;42194.42;"Yellow";"Yellow"
"ENCREC_004";"32";"3230";"Gjerdrum";"2022";42311.54;42169.93;"Yellow";"Yellow"
"ENCREC_004";"32";"3230";"Gjerdrum";"2023";42316.38;42150.28;"Yellow";"Yellow"
"ENCREC_004";"32";"3230";"Gjerdrum";"2024";42336.03;42150.28;"Yellow";"Yellow"
"ENCREC_004";"32";"3230";"Gjerdrum";"Endring 2018-2024";NA;-182.650000000001;"NA";"Yellow"
"ENCREC_004";"32";"3232";"Nittedal";"2018";144036.95;144036.95;"Yellow";"Yellow"
"ENCREC_004";"32";"3232";"Nittedal";"2019";144046.93;144026.63;"Yellow";"Yellow"
"ENCREC_004";"32";"3232";"Nittedal";"2020";143991.42;143960.8;"Yellow";"Yellow"
"ENCREC_004";"32";"3232";"Nittedal";"2021";143971.28;143874.83;"Yellow";"Yellow"
"ENCREC_004";"32";"3232";"Nittedal";"2022";144010.77;143828.35;"Yellow";"Yellow"
"ENCREC_004";"32";"3232";"Nittedal";"2023";144044.61;143815.71;"Yellow";"Yellow"
"ENCREC_004";"32";"3232";"Nittedal";"2024";144047.46;143805.92;"Yellow";"Yellow"
"ENCREC_004";"32";"3232";"Nittedal";"Endring 2018-2024";NA;-231.029999999999;"NA";"Yellow"
"ENCREC_004";"32";"3234";"Lunner";"2018";185168.28;185168.28;"Yellow";"Yellow"
"ENCREC_004";"32";"3234";"Lunner";"2019";185191.72;185158.93;"Yellow";"Yellow"
"ENCREC_004";"32";"3234";"Lunner";"2020";185181.54;185139.4;"Yellow";"Yellow"
"ENCREC_004";"32";"3234";"Lunner";"2021";185122.12;185060.45;"Yellow";"Yellow"
"ENCREC_004";"32";"3234";"Lunner";"2022";185155.68;185015.06;"Yellow";"Yellow"
"ENCREC_004";"32";"3234";"Lunner";"2023";185194.66;185008.65;"Green";"Yellow"
"ENCREC_004";"32";"3234";"Lunner";"2024";185158.02;184965.6;"Yellow";"Yellow"
"ENCREC_004";"32";"3234";"Lunner";"Endring 2018-2024";NA;-202.679999999993;"NA";"Yellow"
"ENCREC_004";"32";"3238";"Nannestad";"2018";171094.08;171094.08;"Yellow";"Yellow"
"ENCREC_004";"32";"3238";"Nannestad";"2019";171066.23;171047.3;"Yellow";"Yellow"
"ENCREC_004";"32";"3238";"Nannestad";"2020";171104.15;171038.44;"Yellow";"Yellow"
"ENCREC_004";"32";"3238";"Nannestad";"2021";171094.69;171020.12;"Yellow";"Yellow"
"ENCREC_004";"32";"3238";"Nannestad";"2022";171101.17;171008.28;"Yellow";"Yellow"
"ENCREC_004";"32";"3238";"Nannestad";"2023";171096;170991.27;"Yellow";"Yellow"
"ENCREC_004";"32";"3238";"Nannestad";"2024";171068.23;170946.49;"Orange";"Yellow"
"ENCREC_004";"32";"3238";"Nannestad";"Endring 2018-2024";NA;-147.589999999997;"NA";"Yellow"
"ENCREC_004";"32";"3240";"Eidsvoll";"2018";96288.5;96288.5;"Yellow";"Yellow"
"ENCREC_004";"32";"3240";"Eidsvoll";"2019";96256.8;96237.63;"Yellow";"Yellow"
"ENCREC_004";"32";"3240";"Eidsvoll";"2020";96241.92;96171.88;"Yellow";"Yellow"
"ENCREC_004";"32";"3240";"Eidsvoll";"2021";96207.17;96071.38;"Yellow";"Yellow"
"ENCREC_004";"32";"3240";"Eidsvoll";"2022";96277.78;96041.49;"Yellow";"Yellow"
"ENCREC_004";"32";"3240";"Eidsvoll";"2023";96266.41;96000.23;"Yellow";"Yellow"
"ENCREC_004";"32";"3240";"Eidsvoll";"2024";96282.38;95974.94;"Yellow";"Yellow"
"ENCREC_004";"32";"3240";"Eidsvoll";"Endring 2018-2024";NA;-313.559999999998;"NA";"Yellow"
"ENCREC_004";"32";"3242";"Hurdal";"2018";51115.59;51115.59;"Yellow";"Yellow"
"ENCREC_004";"32";"3242";"Hurdal";"2019";51115.1;51115.1;"Yellow";"Yellow"
"ENCREC_004";"32";"3242";"Hurdal";"2020";51099.41;51098.92;"Yellow";"Yellow"
"ENCREC_004";"32";"3242";"Hurdal";"2021";51106.18;51089.51;"Yellow";"Yellow"
"ENCREC_004";"32";"3242";"Hurdal";"2022";51112.4;51086.32;"Yellow";"Yellow"
"ENCREC_004";"32";"3242";"Hurdal";"2023";51114.95;51085.68;"Yellow";"Yellow"
"ENCREC_004";"32";"3242";"Hurdal";"2024";51114.17;51084.26;"Orange";"Yellow"
"ENCREC_004";"32";"3242";"Hurdal";"Endring 2018-2024";NA;-31.3300000000017;"NA";"Yellow"
"ENCREC_004";"33";"3301";"Drammen";"2018";227476.32;227476.32;"Yellow";"Yellow"
"ENCREC_004";"33";"3301";"Drammen";"2019";227471.99;227462.89;"Yellow";"Yellow"
"ENCREC_004";"33";"3301";"Drammen";"2020";227468.5;227445.97;"Yellow";"Yellow"
"ENCREC_004";"33";"3301";"Drammen";"2021";227449.35;227409.9;"Yellow";"Yellow"
"ENCREC_004";"33";"3301";"Drammen";"2022";227425.84;227350.32;"Yellow";"Yellow"
"ENCREC_004";"33";"3301";"Drammen";"2023";227421.14;227286.04;"Green";"Yellow"
"ENCREC_004";"33";"3301";"Drammen";"2024";227476.32;227276.94;"Yellow";"Yellow"
"ENCREC_004";"33";"3301";"Drammen";"Endring 2018-2024";NA;-199.380000000005;"NA";"Yellow"
"ENCREC_004";"33";"3303";"Kongsberg";"2018";422888.81;422888.81;"Yellow";"Yellow"
"ENCREC_004";"33";"3303";"Kongsberg";"2019";422853.51;422750.47;"Yellow";"Yellow"
"ENCREC_004";"33";"3303";"Kongsberg";"2020";422754.87;422513.49;"Yellow";"Yellow"
"ENCREC_004";"33";"3303";"Kongsberg";"2021";422773.71;422295.35;"Yellow";"Yellow"
"ENCREC_004";"33";"3303";"Kongsberg";"2022";422725.28;422028.78;"Yellow";"Yellow"
"ENCREC_004";"33";"3303";"Kongsberg";"2023";422855.31;421892.24;"Green";"Yellow"
"ENCREC_004";"33";"3303";"Kongsberg";"2024";422862.8;421763.19;"Yellow";"Yellow"
"ENCREC_004";"33";"3303";"Kongsberg";"Endring 2018-2024";NA;-1125.62;"NA";"Yellow"
"ENCREC_004";"33";"3305";"Ringerike";"2018";793534.32;793534.32;"Yellow";"Yellow"
"ENCREC_004";"33";"3305";"Ringerike";"2019";793481.85;793404.41;"Yellow";"Yellow"
"ENCREC_004";"33";"3305";"Ringerike";"2020";793449.85;793242.5;"Yellow";"Yellow"
"ENCREC_004";"33";"3305";"Ringerike";"2021";793376.19;793006.93;"Yellow";"Yellow"
"ENCREC_004";"33";"3305";"Ringerike";"2022";793462.35;792857.52;"Yellow";"Yellow"
"ENCREC_004";"33";"3305";"Ringerike";"2023";793549.79;792795.55;"Yellow";"Yellow"
"ENCREC_004";"33";"3305";"Ringerike";"2024";793548.04;792731.83;"Yellow";"Yellow"
"ENCREC_004";"33";"3305";"Ringerike";"Endring 2018-2024";NA;-802.490000000107;"NA";"Yellow"
"ENCREC_004";"33";"3310";"Hole";"2018";133981.75;133981.75;"Yellow";"Yellow"
"ENCREC_004";"33";"3310";"Hole";"2019";133980.24;133975.77;"Yellow";"Yellow"
"ENCREC_004";"33";"3310";"Hole";"2020";133958.06;133947.61;"Yellow";"Yellow"
"ENCREC_004";"33";"3310";"Hole";"2021";133948.17;133909.56;"Yellow";"Yellow"
"ENCREC_004";"33";"3310";"Hole";"2022";133964.36;133887.7;"Yellow";"Yellow"
"ENCREC_004";"33";"3310";"Hole";"2023";133947.04;133848.52;"Yellow";"Yellow"
"ENCREC_004";"33";"3310";"Hole";"2024";133981.15;133843.45;"Orange";"Yellow"
"ENCREC_004";"33";"3310";"Hole";"Endring 2018-2024";NA;-138.299999999988;"NA";"Yellow"
"ENCREC_004";"33";"3312";"Lier";"2018";192237.75;192237.75;"Yellow";"Yellow"
"ENCREC_004";"33";"3312";"Lier";"2019";192218.35;192177.55;"Yellow";"Yellow"
"ENCREC_004";"33";"3312";"Lier";"2020";192252.56;192151.56;"Yellow";"Yellow"
"ENCREC_004";"33";"3312";"Lier";"2021";192245.01;192118.02;"Yellow";"Yellow"
"ENCREC_004";"33";"3312";"Lier";"2022";192255.79;192095.26;"Yellow";"Yellow"
"ENCREC_004";"33";"3312";"Lier";"2023";192240.41;192057.12;"Green";"Yellow"
"ENCREC_004";"33";"3312";"Lier";"2024";192272.58;192051.15;"Yellow";"Yellow"
"ENCREC_004";"33";"3312";"Lier";"Endring 2018-2024";NA;-186.600000000006;"NA";"Yellow"
"ENCREC_004";"33";"3314";"Øvre Eiker";"2018";285863.64;285863.64;"Yellow";"Yellow"
"ENCREC_004";"33";"3314";"Øvre Eiker";"2019";285861.08;285769.87;"Yellow";"Yellow"
"ENCREC_004";"33";"3314";"Øvre Eiker";"2020";285863.22;285678.24;"Yellow";"Yellow"
"ENCREC_004";"33";"3314";"Øvre Eiker";"2021";285852.61;285576;"Yellow";"Yellow"
"ENCREC_004";"33";"3314";"Øvre Eiker";"2022";285812.18;285433.33;"Yellow";"Yellow"
"ENCREC_004";"33";"3314";"Øvre Eiker";"2023";285742.04;285220.52;"Green";"Yellow"
"ENCREC_004";"33";"3314";"Øvre Eiker";"2024";285858.18;285123.85;"Yellow";"Yellow"
"ENCREC_004";"33";"3314";"Øvre Eiker";"Endring 2018-2024";NA;-739.789999999979;"NA";"Yellow"
"ENCREC_004";"33";"3316";"Modum";"2018";366696.03;366696.03;"Yellow";"Yellow"
"ENCREC_004";"33";"3316";"Modum";"2019";366710.62;366688.03;"Yellow";"Yellow"
"ENCREC_004";"33";"3316";"Modum";"2020";366693.27;366662.68;"Yellow";"Yellow"
"ENCREC_004";"33";"3316";"Modum";"2021";366694.14;366638.2;"Yellow";"Yellow"
"ENCREC_004";"33";"3316";"Modum";"2022";366656.95;366576.53;"Yellow";"Yellow"
"ENCREC_004";"33";"3316";"Modum";"2023";366692.81;366550.72;"Yellow";"Yellow"
"ENCREC_004";"33";"3316";"Modum";"2024";366702.64;366534.74;"Yellow";"Yellow"
"ENCREC_004";"33";"3316";"Modum";"Endring 2018-2024";NA;-161.289999999979;"NA";"Yellow"
"ENCREC_004";"33";"3318";"Krødsherad";"2018";272560.24;272560.24;"Yellow";"Yellow"
"ENCREC_004";"33";"3318";"Krødsherad";"2019";272519.29;272454.36;"Yellow";"Yellow"
"ENCREC_004";"33";"3318";"Krødsherad";"2020";272390.86;272220.05;"Yellow";"Yellow"
"ENCREC_004";"33";"3318";"Krødsherad";"2021";272256.32;271851.2;"Yellow";"Yellow"
"ENCREC_004";"33";"3318";"Krødsherad";"2022";272434.77;271660.8;"Yellow";"Yellow"
"ENCREC_004";"33";"3318";"Krødsherad";"2023";272502.49;271538.12;"Yellow";"Yellow"
"ENCREC_004";"33";"3318";"Krødsherad";"2024";272542.71;271455.66;"Orange";"Yellow"
"ENCREC_004";"33";"3318";"Krødsherad";"Endring 2018-2024";NA;-1104.58000000002;"NA";"Yellow"
"ENCREC_004";"33";"3320";"Flå";"2018";234276.95;234276.95;"Yellow";"Yellow"
"ENCREC_004";"33";"3320";"Flå";"2019";234314.5;234188.78;"Yellow";"Yellow"
"ENCREC_004";"33";"3320";"Flå";"2020";234223.79;234009.9;"Yellow";"Yellow"
"ENCREC_004";"33";"3320";"Flå";"2021";234004.55;233611.78;"Yellow";"Yellow"
"ENCREC_004";"33";"3320";"Flå";"2022";234041.11;233250.22;"Yellow";"Yellow"
"ENCREC_004";"33";"3320";"Flå";"2023";234324.9;233172.45;"Yellow";"Yellow"
"ENCREC_004";"33";"3320";"Flå";"2024";234161.51;232931.29;"Yellow";"Yellow"
"ENCREC_004";"33";"3320";"Flå";"Endring 2018-2024";NA;-1345.66;"NA";"Yellow"
"ENCREC_004";"33";"3322";"Nesbyen";"2018";709394.86;709394.86;"Yellow";"Yellow"
"ENCREC_004";"33";"3322";"Nesbyen";"2019";709364.18;709252.44;"Yellow";"Yellow"
"ENCREC_004";"33";"3322";"Nesbyen";"2020";709165.68;708911.52;"Yellow";"Yellow"
"ENCREC_004";"33";"3322";"Nesbyen";"2021";708906.78;708311.7;"Yellow";"Yellow"
"ENCREC_004";"33";"3322";"Nesbyen";"2022";709119.32;707924.42;"Yellow";"Yellow"
"ENCREC_004";"33";"3322";"Nesbyen";"2023";709308.18;707726;"Yellow";"Yellow"
"ENCREC_004";"33";"3322";"Nesbyen";"2024";709166.52;707385.92;"Orange";"Yellow"
"ENCREC_004";"33";"3322";"Nesbyen";"Endring 2018-2024";NA;-2008.94000000006;"NA";"Yellow"
"ENCREC_004";"33";"3324";"Gol";"2018";349966.51;349966.51;"Yellow";"Yellow"
"ENCREC_004";"33";"3324";"Gol";"2019";349952.28;349896.44;"Yellow";"Yellow"
"ENCREC_004";"33";"3324";"Gol";"2020";349775.86;349649.95;"Yellow";"Yellow"
"ENCREC_004";"33";"3324";"Gol";"2021";349740.37;349367.97;"Yellow";"Yellow"
"ENCREC_004";"33";"3324";"Gol";"2022";349842.89;349188.51;"Yellow";"Yellow"
"ENCREC_004";"33";"3324";"Gol";"2023";349930.45;349096.61;"Yellow";"Yellow"
"ENCREC_004";"33";"3324";"Gol";"2024";349916.38;348990.64;"Orange";"Yellow"
"ENCREC_004";"33";"3324";"Gol";"Endring 2018-2024";NA;-975.869999999995;"NA";"Yellow"
"ENCREC_004";"33";"3326";"Hemsedal";"2018";408623.27;408623.27;"Yellow";"Yellow"
"ENCREC_004";"33";"3326";"Hemsedal";"2019";408596.43;408555.78;"Yellow";"Yellow"
"ENCREC_004";"33";"3326";"Hemsedal";"2020";408549.74;408441.6;"Yellow";"Yellow"
"ENCREC_004";"33";"3326";"Hemsedal";"2021";408532.81;408310.49;"Yellow";"Yellow"
"ENCREC_004";"33";"3326";"Hemsedal";"2022";408551.84;408198.41;"Yellow";"Yellow"
"ENCREC_004";"33";"3326";"Hemsedal";"2023";408572.72;408107.21;"Green";"Yellow"
"ENCREC_004";"33";"3326";"Hemsedal";"2024";408579.64;408022.93;"Yellow";"Yellow"
"ENCREC_004";"33";"3326";"Hemsedal";"Endring 2018-2024";NA;-600.339999999967;"NA";"Yellow"
"ENCREC_004";"33";"3328";"Ål";"2018";551577.61;551577.61;"Yellow";"Yellow"
"ENCREC_004";"33";"3328";"Ål";"2019";551474.18;551435.54;"Yellow";"Yellow"
"ENCREC_004";"33";"3328";"Ål";"2020";551457.33;551276.62;"Yellow";"Yellow"
"ENCREC_004";"33";"3328";"Ål";"2021";551236.65;550897.02;"Yellow";"Yellow"
"ENCREC_004";"33";"3328";"Ål";"2022";551454.89;550735.66;"Yellow";"Yellow"
"ENCREC_004";"33";"3328";"Ål";"2023";551496.6;550616.01;"Green";"Yellow"
"ENCREC_004";"33";"3328";"Ål";"2024";551506.27;550506.03;"Yellow";"Yellow"
"ENCREC_004";"33";"3328";"Ål";"Endring 2018-2024";NA;-1071.57999999996;"NA";"Yellow"
"ENCREC_004";"33";"3332";"Sigdal";"2018";538990.72;538990.72;"Yellow";"Yellow"
"ENCREC_004";"33";"3332";"Sigdal";"2019";538980.37;538872.19;"Yellow";"Yellow"
"ENCREC_004";"33";"3332";"Sigdal";"2020";538853.74;538627.03;"Yellow";"Yellow"
"ENCREC_004";"33";"3332";"Sigdal";"2021";538591.69;538119.82;"Yellow";"Yellow"
"ENCREC_004";"33";"3332";"Sigdal";"2022";538767.11;537788.03;"Yellow";"Yellow"
"ENCREC_004";"33";"3332";"Sigdal";"2023";538942.63;537631.76;"Yellow";"Yellow"
"ENCREC_004";"33";"3332";"Sigdal";"2024";538940.3;537473.16;"Yellow";"Yellow"
"ENCREC_004";"33";"3332";"Sigdal";"Endring 2018-2024";NA;-1517.55999999994;"NA";"Yellow"
"ENCREC_004";"33";"3334";"Flesberg";"2018";209609.57;209609.57;"Yellow";"Yellow"
"ENCREC_004";"33";"3334";"Flesberg";"2019";209516.54;209359.59;"Yellow";"Yellow"
"ENCREC_004";"33";"3334";"Flesberg";"2020";209482.68;209075.75;"Yellow";"Yellow"
"ENCREC_004";"33";"3334";"Flesberg";"2021";209058.36;208367.59;"Yellow";"Yellow"
"ENCREC_004";"33";"3334";"Flesberg";"2022";209341.72;207942.79;"Yellow";"Yellow"
"ENCREC_004";"33";"3334";"Flesberg";"2023";209587.9;207764.17;"Yellow";"Yellow"
"ENCREC_004";"33";"3334";"Flesberg";"2024";209724.3;207721.95;"Orange";"Yellow"
"ENCREC_004";"33";"3334";"Flesberg";"Endring 2018-2024";NA;-1887.62;"NA";"Yellow"
"ENCREC_004";"33";"3336";"Rollag";"2018";190753.22;190753.22;"Yellow";"Yellow"
"ENCREC_004";"33";"3336";"Rollag";"2019";190747.32;190722.67;"Yellow";"Yellow"
"ENCREC_004";"33";"3336";"Rollag";"2020";190674.36;190619.16;"Yellow";"Yellow"
"ENCREC_004";"33";"3336";"Rollag";"2021";190590.66;190431.95;"Yellow";"Yellow"
"ENCREC_004";"33";"3336";"Rollag";"2022";190671.91;190325.99;"Yellow";"Yellow"
"ENCREC_004";"33";"3336";"Rollag";"2023";190751.98;190300.1;"Yellow";"Yellow"
"ENCREC_004";"33";"3336";"Rollag";"2024";190751.01;190273.24;"Orange";"Yellow"
"ENCREC_004";"33";"3336";"Rollag";"Endring 2018-2024";NA;-479.98000000001;"NA";"Yellow"
"ENCREC_004";"33";"3338";"Nore og Uvdal";"2018";2012107.89;2012107.89;"Yellow";"Yellow"
"ENCREC_004";"33";"3338";"Nore og Uvdal";"2019";2012108.21;2012046.12;"Yellow";"Yellow"
"ENCREC_004";"33";"3338";"Nore og Uvdal";"2020";2012092.78;2011968.92;"Yellow";"Yellow"
"ENCREC_004";"33";"3338";"Nore og Uvdal";"2021";2011928.73;2011727.67;"Yellow";"Yellow"
"ENCREC_004";"33";"3338";"Nore og Uvdal";"2022";2012055.66;2011613.35;"Yellow";"Yellow"
"ENCREC_004";"33";"3338";"Nore og Uvdal";"2023";2012136.02;2011579.39;"Yellow";"Yellow"
"ENCREC_004";"33";"3338";"Nore og Uvdal";"2024";2012072.08;2011481.49;"Orange";"Yellow"
"ENCREC_004";"33";"3338";"Nore og Uvdal";"Endring 2018-2024";NA;-626.399999999907;"NA";"Yellow"
"ENCREC_004";"34";"3401";"Kongsvinger";"2018";114259.11;114259.11;"Yellow";"Yellow"
"ENCREC_004";"34";"3401";"Kongsvinger";"2019";114278.77;114254.48;"Yellow";"Yellow"
"ENCREC_004";"34";"3401";"Kongsvinger";"2020";114275.72;114246.8;"Yellow";"Yellow"
"ENCREC_004";"34";"3401";"Kongsvinger";"2021";114269.05;114232.45;"Yellow";"Yellow"
"ENCREC_004";"34";"3401";"Kongsvinger";"2022";114251.51;114200.56;"Yellow";"Yellow"
"ENCREC_004";"34";"3401";"Kongsvinger";"2023";114251.66;114168.82;"Yellow";"Yellow"
"ENCREC_004";"34";"3401";"Kongsvinger";"2024";114271.13;114156.55;"Yellow";"Yellow"
"ENCREC_004";"34";"3401";"Kongsvinger";"Endring 2018-2024";NA;-102.560000000012;"NA";"Yellow"
"ENCREC_004";"34";"3403";"Hamar";"2018";62270.3;62270.3;"Yellow";"Yellow"
"ENCREC_004";"34";"3403";"Hamar";"2019";62233.45;62220.25;"Yellow";"Yellow"
"ENCREC_004";"34";"3403";"Hamar";"2020";62222.67;62159.42;"Yellow";"Yellow"
"ENCREC_004";"34";"3403";"Hamar";"2021";62221.37;62097.29;"Yellow";"Yellow"
"ENCREC_004";"34";"3403";"Hamar";"2022";62231.04;62044.83;"Yellow";"Yellow"
"ENCREC_004";"34";"3403";"Hamar";"2023";62267.19;62028.52;"Yellow";"Yellow"
"ENCREC_004";"34";"3403";"Hamar";"2024";62209.01;61954.03;"Yellow";"Yellow"
"ENCREC_004";"34";"3403";"Hamar";"Endring 2018-2024";NA;-316.270000000004;"NA";"Yellow"
"ENCREC_004";"34";"3405";"Lillehammer";"2018";345535.74;345535.74;"Yellow";"Yellow"
"ENCREC_004";"34";"3405";"Lillehammer";"2019";345507.17;345437.09;"Yellow";"Yellow"
"ENCREC_004";"34";"3405";"Lillehammer";"2020";345542.64;345373.91;"Yellow";"Yellow"
"ENCREC_004";"34";"3405";"Lillehammer";"2021";345518.91;345287;"Yellow";"Yellow"
"ENCREC_004";"34";"3405";"Lillehammer";"2022";345504.67;345185.85;"Yellow";"Yellow"
"ENCREC_004";"34";"3405";"Lillehammer";"2023";345569.07;345149.1;"Yellow";"Yellow"
"ENCREC_004";"34";"3405";"Lillehammer";"2024";345586.25;345129.53;"Orange";"Yellow"
"ENCREC_004";"34";"3405";"Lillehammer";"Endring 2018-2024";NA;-406.209999999963;"NA";"Yellow"
"ENCREC_004";"34";"3411";"Ringsaker";"2018";551340.43;551340.43;"Yellow";"Yellow"
"ENCREC_004";"34";"3411";"Ringsaker";"2019";551290.52;551168.8;"Yellow";"Yellow"
"ENCREC_004";"34";"3411";"Ringsaker";"2020";551287.31;550993.96;"Yellow";"Yellow"
"ENCREC_004";"34";"3411";"Ringsaker";"2021";551331.46;550863.27;"Yellow";"Yellow"
"ENCREC_004";"34";"3411";"Ringsaker";"2022";551321.16;550722.28;"Yellow";"Yellow"
"ENCREC_004";"34";"3411";"Ringsaker";"2023";551322.34;550582.47;"Yellow";"Yellow"
"ENCREC_004";"34";"3411";"Ringsaker";"2024";551313.44;550433.76;"Orange";"Yellow"
"ENCREC_004";"34";"3411";"Ringsaker";"Endring 2018-2024";NA;-906.670000000042;"NA";"Yellow"
"ENCREC_004";"34";"3412";"Løten";"2018";75207.45;75207.45;"Yellow";"Yellow"
"ENCREC_004";"34";"3412";"Løten";"2019";75183.46;75180.58;"Yellow";"Yellow"
"ENCREC_004";"34";"3412";"Løten";"2020";75190.86;75161.11;"Yellow";"Yellow"
"ENCREC_004";"34";"3412";"Løten";"2021";75195.25;75146.03;"Yellow";"Yellow"
"ENCREC_004";"34";"3412";"Løten";"2022";75105.45;75041.15;"Yellow";"Yellow"
"ENCREC_004";"34";"3412";"Løten";"2023";75204.46;75035.28;"Yellow";"Yellow"
"ENCREC_004";"34";"3412";"Løten";"2024";75198.28;75023.23;"Yellow";"Yellow"
"ENCREC_004";"34";"3412";"Løten";"Endring 2018-2024";NA;-184.220000000001;"NA";"Yellow"
"ENCREC_004";"34";"3413";"Stange";"2018";204297.89;204297.89;"Yellow";"Yellow"
"ENCREC_004";"34";"3413";"Stange";"2019";204284.92;204246.53;"Yellow";"Yellow"
"ENCREC_004";"34";"3413";"Stange";"2020";204271.87;204182.12;"Yellow";"Yellow"
"ENCREC_004";"34";"3413";"Stange";"2021";204211.28;204057.12;"Yellow";"Yellow"
"ENCREC_004";"34";"3413";"Stange";"2022";204306.77;204027.61;"Yellow";"Yellow"
"ENCREC_004";"34";"3413";"Stange";"2023";204128.59;203819.92;"Yellow";"Yellow"
"ENCREC_004";"34";"3413";"Stange";"2024";204306.02;203789.66;"Yellow";"Yellow"
"ENCREC_004";"34";"3413";"Stange";"Endring 2018-2024";NA;-508.229999999981;"NA";"Yellow"
"ENCREC_004";"34";"3414";"Nord-Odal";"2018";150477.33;150477.33;"Yellow";"Yellow"
"ENCREC_004";"34";"3414";"Nord-Odal";"2019";150484.92;150477.2;"Yellow";"Yellow"
"ENCREC_004";"34";"3414";"Nord-Odal";"2020";150480.77;150472.92;"Yellow";"Yellow"
"ENCREC_004";"34";"3414";"Nord-Odal";"2021";150308.94;150296.81;"Yellow";"Yellow"
"ENCREC_004";"34";"3414";"Nord-Odal";"2022";150483.9;150295.66;"Yellow";"Yellow"
"ENCREC_004";"34";"3414";"Nord-Odal";"2023";150478.14;150288.75;"Yellow";"Yellow"
"ENCREC_004";"34";"3414";"Nord-Odal";"2024";150484.02;150287.72;"Yellow";"Yellow"
"ENCREC_004";"34";"3414";"Nord-Odal";"Endring 2018-2024";NA;-189.609999999986;"NA";"Yellow"
"ENCREC_004";"34";"3415";"Sør-Odal";"2018";101547.03;101547.03;"Yellow";"Yellow"
"ENCREC_004";"34";"3415";"Sør-Odal";"2019";101562.31;101546.17;"Yellow";"Yellow"
"ENCREC_004";"34";"3415";"Sør-Odal";"2020";101543.92;101526.92;"Yellow";"Yellow"
"ENCREC_004";"34";"3415";"Sør-Odal";"2021";101528.92;101492.67;"Yellow";"Yellow"
"ENCREC_004";"34";"3415";"Sør-Odal";"2022";101507.22;101436.72;"Yellow";"Yellow"
"ENCREC_004";"34";"3415";"Sør-Odal";"2023";101560.41;101433.96;"Yellow";"Yellow"
"ENCREC_004";"34";"3415";"Sør-Odal";"2024";101563.17;101433.96;"Yellow";"Yellow"
"ENCREC_004";"34";"3415";"Sør-Odal";"Endring 2018-2024";NA;-113.070000000007;"NA";"Yellow"
"ENCREC_004";"34";"3416";"Eidskog";"2018";72738.75;72738.75;"Yellow";"Yellow"
"ENCREC_004";"34";"3416";"Eidskog";"2019";72743.87;72738.04;"Yellow";"Yellow"
"ENCREC_004";"34";"3416";"Eidskog";"2020";72739.82;72733.28;"Yellow";"Yellow"
"ENCREC_004";"34";"3416";"Eidskog";"2021";72732.56;72721.26;"Yellow";"Yellow"
"ENCREC_004";"34";"3416";"Eidskog";"2022";72729.35;72706.03;"Yellow";"Yellow"
"ENCREC_004";"34";"3416";"Eidskog";"2023";72742.63;72704.08;"Yellow";"Yellow"
"ENCREC_004";"34";"3416";"Eidskog";"2024";72744.53;72704.03;"Yellow";"Yellow"
"ENCREC_004";"34";"3416";"Eidskog";"Endring 2018-2024";NA;-34.7200000000012;"NA";"Yellow"
"ENCREC_004";"34";"3419";"Våler (Innlandet)";"2018";151753.18;151753.18;"Yellow";"Yellow"
"ENCREC_004";"34";"3419";"Våler (Innlandet)";"2019";151753.39;151750.57;"Yellow";"Yellow"
"ENCREC_004";"34";"3419";"Våler (Innlandet)";"2020";151753.95;151748.52;"Yellow";"Yellow"
"ENCREC_004";"34";"3419";"Våler (Innlandet)";"2021";151755.48;151748;"Yellow";"Yellow"
"ENCREC_004";"34";"3419";"Våler (Innlandet)";"2022";151750.09;151742.09;"Yellow";"Yellow"
"ENCREC_004";"34";"3419";"Våler (Innlandet)";"2023";151752.8;151738.89;"Yellow";"Yellow"
"ENCREC_004";"34";"3419";"Våler (Innlandet)";"2024";151750.31;151733.2;"Orange";"Yellow"
"ENCREC_004";"34";"3419";"Våler (Innlandet)";"Endring 2018-2024";NA;-19.9799999999814;"NA";"Yellow"
"ENCREC_004";"34";"3420";"Elverum";"2018";191177.67;191177.67;"Yellow";"Yellow"
"ENCREC_004";"34";"3420";"Elverum";"2019";191085.18;191066.82;"Yellow";"Yellow"
"ENCREC_004";"34";"3420";"Elverum";"2020";191112.38;190983.17;"Yellow";"Yellow"
"ENCREC_004";"34";"3420";"Elverum";"2021";191140.7;190927.84;"Yellow";"Yellow"
"ENCREC_004";"34";"3420";"Elverum";"2022";191106.35;190838.16;"Yellow";"Yellow"
"ENCREC_004";"34";"3420";"Elverum";"2023";191162.03;190804.16;"Yellow";"Yellow"
"ENCREC_004";"34";"3420";"Elverum";"2024";191192.96;190801.09;"Yellow";"Yellow"
"ENCREC_004";"34";"3420";"Elverum";"Endring 2018-2024";NA;-376.580000000016;"NA";"Yellow"
"ENCREC_004";"34";"3421";"Trysil";"2018";393961.96;393961.96;"Yellow";"Yellow"
"ENCREC_004";"34";"3421";"Trysil";"2019";393849.68;393690.35;"Yellow";"Yellow"
"ENCREC_004";"34";"3421";"Trysil";"2020";394036.02;393605.08;"Yellow";"Yellow"
"ENCREC_004";"34";"3421";"Trysil";"2021";393829.09;393312.88;"Yellow";"Yellow"
"ENCREC_004";"34";"3421";"Trysil";"2022";393930.12;393121.71;"Yellow";"Yellow"
"ENCREC_004";"34";"3421";"Trysil";"2023";394059.8;393060.22;"Yellow";"Yellow"
"ENCREC_004";"34";"3421";"Trysil";"2024";394036.65;392975.58;"Orange";"Yellow"
"ENCREC_004";"34";"3421";"Trysil";"Endring 2018-2024";NA;-986.380000000005;"NA";"Yellow"
"ENCREC_004";"34";"3422";"Åmot";"2018";509488.37;509488.37;"Yellow";"Yellow"
"ENCREC_004";"34";"3422";"Åmot";"2019";509408.42;509371.36;"Yellow";"Yellow"
"ENCREC_004";"34";"3422";"Åmot";"2020";509320.3;509166.23;"Yellow";"Yellow"
"ENCREC_004";"34";"3422";"Åmot";"2021";509291.72;508932.52;"Yellow";"Yellow"
"ENCREC_004";"34";"3422";"Åmot";"2022";509431.94;508839.03;"Yellow";"Yellow"
"ENCREC_004";"34";"3422";"Åmot";"2023";509464.61;508778.21;"Yellow";"Yellow"
"ENCREC_004";"34";"3422";"Åmot";"2024";509444.32;508697.1;"Orange";"Yellow"
"ENCREC_004";"34";"3422";"Åmot";"Endring 2018-2024";NA;-791.270000000019;"NA";"Yellow"
"ENCREC_004";"34";"3423";"Stor-Elvdal";"2018";359632.28;359632.28;"Yellow";"Yellow"
"ENCREC_004";"34";"3423";"Stor-Elvdal";"2019";359632.54;359620.5;"Yellow";"Yellow"
"ENCREC_004";"34";"3423";"Stor-Elvdal";"2020";359634.09;359610.27;"Yellow";"Yellow"
"ENCREC_004";"34";"3423";"Stor-Elvdal";"2021";359593.36;359559.31;"Yellow";"Yellow"
"ENCREC_004";"34";"3423";"Stor-Elvdal";"2022";359630.99;359545.98;"Yellow";"Yellow"
"ENCREC_004";"34";"3423";"Stor-Elvdal";"2023";359641.95;359543.61;"Yellow";"Yellow"
"ENCREC_004";"34";"3423";"Stor-Elvdal";"2024";359640.96;359540.25;"Yellow";"Yellow"
"ENCREC_004";"34";"3423";"Stor-Elvdal";"Endring 2018-2024";NA;-92.0300000000279;"NA";"Yellow"
"ENCREC_004";"34";"3424";"Rendalen";"2018";1791546.34;1791546.34;"Yellow";"Yellow"
"ENCREC_004";"34";"3424";"Rendalen";"2019";1791531.38;1791527.11;"Yellow";"Yellow"
"ENCREC_004";"34";"3424";"Rendalen";"2020";1791506.44;1791482.94;"Yellow";"Yellow"
"ENCREC_004";"34";"3424";"Rendalen";"2021";1791443.3;1791375.63;"Yellow";"Yellow"
"ENCREC_004";"34";"3424";"Rendalen";"2022";1791535.97;1791360.99;"Yellow";"Yellow"
"ENCREC_004";"34";"3424";"Rendalen";"2023";1791522.08;1791332.46;"Yellow";"Yellow"
"ENCREC_004";"34";"3424";"Rendalen";"2024";1791541.03;1791322.88;"Orange";"Yellow"
"ENCREC_004";"34";"3424";"Rendalen";"Endring 2018-2024";NA;-223.459999999963;"NA";"Yellow"
"ENCREC_004";"34";"3425";"Engerdal";"2018";1597807.38;1597807.38;"Yellow";"Yellow"
"ENCREC_004";"34";"3425";"Engerdal";"2019";1597808.83;1597794.55;"Yellow";"Yellow"
"ENCREC_004";"34";"3425";"Engerdal";"2020";1597755.04;1597727.93;"Yellow";"Yellow"
"ENCREC_004";"34";"3425";"Engerdal";"2021";1597736.28;1597642.55;"Yellow";"Yellow"
"ENCREC_004";"34";"3425";"Engerdal";"2022";1597772.17;1597593.06;"Yellow";"Yellow"
"ENCREC_004";"34";"3425";"Engerdal";"2023";1597816.77;1597588.17;"Yellow";"Yellow"
"ENCREC_004";"34";"3425";"Engerdal";"2024";1597744.18;1597510.69;"Yellow";"Yellow"
"ENCREC_004";"34";"3425";"Engerdal";"Endring 2018-2024";NA;-296.689999999944;"NA";"Yellow"
"ENCREC_004";"34";"3426";"Tolga";"2018";814303.12;814303.12;"Yellow";"Yellow"
"ENCREC_004";"34";"3426";"Tolga";"2019";814258.59;814242.92;"Yellow";"Yellow"
"ENCREC_004";"34";"3426";"Tolga";"2020";814288.44;814212.57;"Yellow";"Yellow"
"ENCREC_004";"34";"3426";"Tolga";"2021";814243.52;814137.3;"Yellow";"Yellow"
"ENCREC_004";"34";"3426";"Tolga";"2022";814272.97;814091.48;"Yellow";"Yellow"
"ENCREC_004";"34";"3426";"Tolga";"2023";814268.24;814040.93;"Green";"Yellow"
"ENCREC_004";"34";"3426";"Tolga";"2024";814309.45;814031.59;"Yellow";"Yellow"
"ENCREC_004";"34";"3426";"Tolga";"Endring 2018-2024";NA;-271.529999999912;"NA";"Yellow"
"ENCREC_004";"34";"3427";"Tynset";"2018";1410191.24;1410191.24;"Yellow";"Yellow"
"ENCREC_004";"34";"3427";"Tynset";"2019";1410179.02;1410145.63;"Yellow";"Yellow"
"ENCREC_004";"34";"3427";"Tynset";"2020";1410152.19;1410073.19;"Yellow";"Yellow"
"ENCREC_004";"34";"3427";"Tynset";"2021";1410070.21;1409918.77;"Yellow";"Yellow"
"ENCREC_004";"34";"3427";"Tynset";"2022";1410049.04;1409743.18;"Yellow";"Yellow"
"ENCREC_004";"34";"3427";"Tynset";"2023";1409839.46;1409358.01;"Green";"Yellow"
"ENCREC_004";"34";"3427";"Tynset";"2024";1410128.26;1409261.64;"Yellow";"Yellow"
"ENCREC_004";"34";"3427";"Tynset";"Endring 2018-2024";NA;-929.600000000093;"NA";"Yellow"
"ENCREC_004";"34";"3428";"Alvdal";"2018";941326.11;941326.11;"Yellow";"Yellow"
"ENCREC_004";"34";"3428";"Alvdal";"2019";941254.31;941193.64;"Yellow";"Yellow"
"ENCREC_004";"34";"3428";"Alvdal";"2020";941201.58;941008.44;"Yellow";"Yellow"
"ENCREC_004";"34";"3428";"Alvdal";"2021";941018.45;940640.11;"Yellow";"Yellow"
"ENCREC_004";"34";"3428";"Alvdal";"2022";941083.14;940336.47;"Yellow";"Yellow"
"ENCREC_004";"34";"3428";"Alvdal";"2023";941262.87;940212.56;"Green";"Yellow"
"ENCREC_004";"34";"3428";"Alvdal";"2024";941350.02;940175.8;"Yellow";"Yellow"
"ENCREC_004";"34";"3428";"Alvdal";"Endring 2018-2024";NA;-1150.30999999994;"NA";"Yellow"
"ENCREC_004";"34";"3429";"Folldal";"2018";1123813.49;1123813.49;"Yellow";"Yellow"
"ENCREC_004";"34";"3429";"Folldal";"2019";1123813.08;1123806.33;"Yellow";"Yellow"
"ENCREC_004";"34";"3429";"Folldal";"2020";1123795.62;1123781.71;"Yellow";"Yellow"
"ENCREC_004";"34";"3429";"Folldal";"2021";1123766.34;1123727.81;"Yellow";"Yellow"
"ENCREC_004";"34";"3429";"Folldal";"2022";1123791.73;1123699.3;"Yellow";"Yellow"
"ENCREC_004";"34";"3429";"Folldal";"2023";1123802.94;1123682;"Yellow";"Yellow"
"ENCREC_004";"34";"3429";"Folldal";"2024";1123801.82;1123663.58;"Orange";"Yellow"
"ENCREC_004";"34";"3429";"Folldal";"Endring 2018-2024";NA;-149.909999999916;"NA";"Yellow"
"ENCREC_004";"34";"3433";"Skjåk";"2018";26499.2;26499.2;"Yellow";"Yellow"
"ENCREC_004";"34";"3433";"Skjåk";"2019";26498.77;26498.68;"Yellow";"Yellow"
"ENCREC_004";"34";"3433";"Skjåk";"2020";26496.32;26495.71;"Yellow";"Yellow"
"ENCREC_004";"34";"3433";"Skjåk";"2021";26494.01;26490.43;"Yellow";"Yellow"
"ENCREC_004";"34";"3433";"Skjåk";"2022";26498.54;26489.68;"Orange";"Yellow"
"ENCREC_004";"34";"3433";"Skjåk";"2023";26494.76;26485.15;"Yellow";"Yellow"
"ENCREC_004";"34";"3433";"Skjåk";"2024";26499.18;26485.04;"Orange";"Yellow"
"ENCREC_004";"34";"3433";"Skjåk";"Endring 2018-2024";NA;-14.1599999999999;"NA";"Yellow"
"ENCREC_004";"34";"3435";"Vågå";"2018";837135.64;837135.64;"Yellow";"Yellow"
"ENCREC_004";"34";"3435";"Vågå";"2019";837092.02;837086.58;"Yellow";"Yellow"
"ENCREC_004";"34";"3435";"Vågå";"2020";837107.18;837052.68;"Yellow";"Yellow"
"ENCREC_004";"34";"3435";"Vågå";"2021";837075.79;836987.39;"Yellow";"Yellow"
"ENCREC_004";"34";"3435";"Vågå";"2022";837046.88;836893.19;"Yellow";"Yellow"
"ENCREC_004";"34";"3435";"Vågå";"2023";837077.61;836829.72;"Green";"Yellow"
"ENCREC_004";"34";"3435";"Vågå";"2024";837107.4;836796.04;"Yellow";"Yellow"
"ENCREC_004";"34";"3435";"Vågå";"Endring 2018-2024";NA;-339.600000000093;"NA";"Yellow"
"ENCREC_004";"34";"3437";"Sel";"2018";903625.34;903625.34;"Yellow";"Yellow"
"ENCREC_004";"34";"3437";"Sel";"2019";903631.6;903588.04;"Yellow";"Yellow"
"ENCREC_004";"34";"3437";"Sel";"2020";903522.58;903441.72;"Yellow";"Yellow"
"ENCREC_004";"34";"3437";"Sel";"2021";903575.1;903347.92;"Yellow";"Yellow"
"ENCREC_004";"34";"3437";"Sel";"2022";903589.11;903268.13;"Yellow";"Yellow"
"ENCREC_004";"34";"3437";"Sel";"2023";903612.8;903212.03;"Green";"Yellow"
"ENCREC_004";"34";"3437";"Sel";"2024";903605.29;903148.42;"Yellow";"Yellow"
"ENCREC_004";"34";"3437";"Sel";"Endring 2018-2024";NA;-476.919999999925;"NA";"Yellow"
"ENCREC_004";"34";"3440";"Øyer";"2018";543646.92;543646.92;"Yellow";"Yellow"
"ENCREC_004";"34";"3440";"Øyer";"2019";543697.29;543623.05;"Yellow";"Yellow"
"ENCREC_004";"34";"3440";"Øyer";"2020";543700.48;543602.37;"Yellow";"Yellow"
"ENCREC_004";"34";"3440";"Øyer";"2021";543650.43;543531.64;"Yellow";"Yellow"
"ENCREC_004";"34";"3440";"Øyer";"2022";543670.07;543480.55;"Yellow";"Yellow"
"ENCREC_004";"34";"3440";"Øyer";"2023";543480.55;543239.94;"Yellow";"Yellow"
"ENCREC_004";"34";"3440";"Øyer";"2024";543681.63;543200.41;"Orange";"Yellow"
"ENCREC_004";"34";"3440";"Øyer";"Endring 2018-2024";NA;-446.510000000009;"NA";"Yellow"
"ENCREC_004";"34";"3441";"Gausdal";"2018";943652.27;943652.27;"Yellow";"Yellow"
"ENCREC_004";"34";"3441";"Gausdal";"2019";943735.04;943541.7;"Yellow";"Yellow"
"ENCREC_004";"34";"3441";"Gausdal";"2020";943617.63;943313.72;"Yellow";"Yellow"
"ENCREC_004";"34";"3441";"Gausdal";"2021";943443.43;942911.54;"Yellow";"Yellow"
"ENCREC_004";"34";"3441";"Gausdal";"2022";943653.75;942719.68;"Yellow";"Yellow"
"ENCREC_004";"34";"3441";"Gausdal";"2023";943554.42;942428.49;"Yellow";"Yellow"
"ENCREC_004";"34";"3441";"Gausdal";"2024";943607.84;942190.72;"Orange";"Yellow"
"ENCREC_004";"34";"3441";"Gausdal";"Endring 2018-2024";NA;-1461.55000000005;"NA";"Yellow"
"ENCREC_004";"34";"3442";"Østre Toten";"2018";246921.67;246921.67;"Yellow";"Yellow"
"ENCREC_004";"34";"3442";"Østre Toten";"2019";246898.08;246875.76;"Yellow";"Yellow"
"ENCREC_004";"34";"3442";"Østre Toten";"2020";246907.58;246839.35;"Yellow";"Yellow"
"ENCREC_004";"34";"3442";"Østre Toten";"2021";246880.54;246775.9;"Yellow";"Yellow"
"ENCREC_004";"34";"3442";"Østre Toten";"2022";246876.66;246708.57;"Yellow";"Yellow"
"ENCREC_004";"34";"3442";"Østre Toten";"2023";246931.69;246696.27;"Yellow";"Yellow"
"ENCREC_004";"34";"3442";"Østre Toten";"2024";246915.14;246667.42;"Orange";"Yellow"
"ENCREC_004";"34";"3442";"Østre Toten";"Endring 2018-2024";NA;-254.25;"NA";"Yellow"
"ENCREC_004";"34";"3450";"Etnedal";"2018";344018.02;344018.02;"Yellow";"Yellow"
"ENCREC_004";"34";"3450";"Etnedal";"2019";343997.08;343972.13;"Yellow";"Yellow"
"ENCREC_004";"34";"3450";"Etnedal";"2020";343998.6;343927.76;"Yellow";"Yellow"
"ENCREC_004";"34";"3450";"Etnedal";"2021";343965.29;343850.08;"Yellow";"Yellow"
"ENCREC_004";"34";"3450";"Etnedal";"2022";343888.72;343695.83;"Yellow";"Yellow"
"ENCREC_004";"34";"3450";"Etnedal";"2023";343981.33;343634.19;"Green";"Yellow"
"ENCREC_004";"34";"3450";"Etnedal";"2024";343991.77;343582.99;"Yellow";"Yellow"
"ENCREC_004";"34";"3450";"Etnedal";"Endring 2018-2024";NA;-435.02999999997;"NA";"Yellow"
"ENCREC_004";"34";"3451";"Nord-Aurdal";"2018";469020.09;469020.09;"Yellow";"Yellow"
"ENCREC_004";"34";"3451";"Nord-Aurdal";"2019";469046.81;469013.54;"Yellow";"Yellow"
"ENCREC_004";"34";"3451";"Nord-Aurdal";"2020";468928.72;468888.9;"Yellow";"Yellow"
"ENCREC_004";"34";"3451";"Nord-Aurdal";"2021";468907.06;468742.6;"Yellow";"Yellow"
"ENCREC_004";"34";"3451";"Nord-Aurdal";"2022";468945.92;468635.16;"Yellow";"Yellow"
"ENCREC_004";"34";"3451";"Nord-Aurdal";"2023";468973.86;468555.66;"Yellow";"Yellow"
"ENCREC_004";"34";"3451";"Nord-Aurdal";"2024";468973.83;468476.13;"Yellow";"Yellow"
"ENCREC_004";"34";"3451";"Nord-Aurdal";"Endring 2018-2024";NA;-543.959999999963;"NA";"Yellow"
"ENCREC_004";"34";"3454";"Vang";"2018";842578.57;842578.57;"Yellow";"Yellow"
"ENCREC_004";"34";"3454";"Vang";"2019";842576.43;842571.93;"Yellow";"Yellow"
"ENCREC_004";"34";"3454";"Vang";"2020";842565.64;842554.5;"Yellow";"Yellow"
"ENCREC_004";"34";"3454";"Vang";"2021";842513.83;842485.26;"Yellow";"Yellow"
"ENCREC_004";"34";"3454";"Vang";"2022";842561.85;842464.04;"Yellow";"Yellow"
"ENCREC_004";"34";"3454";"Vang";"2023";842575.89;842456.86;"Yellow";"Yellow"
"ENCREC_004";"34";"3454";"Vang";"2024";842566.82;842440.61;"Orange";"Yellow"
"ENCREC_004";"34";"3454";"Vang";"Endring 2018-2024";NA;-137.959999999963;"NA";"Yellow"
"ENCREC_004";"39";"3901";"Horten";"2018";11988.73;11988.73;"Yellow";"Yellow"
"ENCREC_004";"39";"3901";"Horten";"2019";11987.5;11980.4;"Yellow";"Yellow"
"ENCREC_004";"39";"3901";"Horten";"2020";11991.03;11975.6;"Yellow";"Yellow"
"ENCREC_004";"39";"3901";"Horten";"2021";11939.72;11919.49;"Yellow";"Yellow"
"ENCREC_004";"39";"3901";"Horten";"2022";11965.76;11889.42;"Yellow";"Yellow"
"ENCREC_004";"39";"3901";"Horten";"2023";11954.81;11848.4;"Yellow";"Yellow"
"ENCREC_004";"39";"3901";"Horten";"2024";11994.3;11846.87;"Orange";"Yellow"
"ENCREC_004";"39";"3901";"Horten";"Endring 2018-2024";NA;-141.859999999999;"NA";"Yellow"
"ENCREC_004";"39";"3903";"Holmestrand";"2018";114834.39;114834.39;"Yellow";"Yellow"
"ENCREC_004";"39";"3903";"Holmestrand";"2019";114839.26;114828.91;"Yellow";"Yellow"
"ENCREC_004";"39";"3903";"Holmestrand";"2020";114819.51;114803.68;"Yellow";"Yellow"
"ENCREC_004";"39";"3903";"Holmestrand";"2021";114766;114724.94;"Yellow";"Yellow"
"ENCREC_004";"39";"3903";"Holmestrand";"2022";114789.54;114669.74;"Yellow";"Yellow"
"ENCREC_004";"39";"3903";"Holmestrand";"2023";114802.94;114627.94;"Green";"Yellow"
"ENCREC_004";"39";"3903";"Holmestrand";"2024";114826.32;114609.52;"Yellow";"Yellow"
"ENCREC_004";"39";"3903";"Holmestrand";"Endring 2018-2024";NA;-224.869999999995;"NA";"Yellow"
"ENCREC_004";"39";"3905";"Tønsberg";"2018";144608.63;144608.63;"Yellow";"Yellow"
"ENCREC_004";"39";"3905";"Tønsberg";"2019";144537.51;144451.26;"Yellow";"Yellow"
"ENCREC_004";"39";"3905";"Tønsberg";"2020";144477.88;144234.26;"Yellow";"Yellow"
"ENCREC_004";"39";"3905";"Tønsberg";"2021";144419.52;143958.9;"Yellow";"Yellow"
"ENCREC_004";"39";"3905";"Tønsberg";"2022";144472.68;143736.7;"Yellow";"Yellow"
"ENCREC_004";"39";"3905";"Tønsberg";"2023";144475.67;143517.49;"Yellow";"Yellow"
"ENCREC_004";"39";"3905";"Tønsberg";"2024";144637.89;143460.5;"Yellow";"Yellow"
"ENCREC_004";"39";"3905";"Tønsberg";"Endring 2018-2024";NA;-1148.13;"NA";"Yellow"
"ENCREC_004";"39";"3907";"Sandefjord";"2018";131615.93;131615.93;"Yellow";"Yellow"
"ENCREC_004";"39";"3907";"Sandefjord";"2019";131607.63;131566.75;"Yellow";"Yellow"
"ENCREC_004";"39";"3907";"Sandefjord";"2020";131589.19;131499.13;"Yellow";"Yellow"
"ENCREC_004";"39";"3907";"Sandefjord";"2021";131562.16;131404.48;"Yellow";"Yellow"
"ENCREC_004";"39";"3907";"Sandefjord";"2022";131529.4;131277.07;"Yellow";"Yellow"
"ENCREC_004";"39";"3907";"Sandefjord";"2023";131589.12;131209.38;"Yellow";"Yellow"
"ENCREC_004";"39";"3907";"Sandefjord";"2024";131631.71;131184.28;"Yellow";"Yellow"
"ENCREC_004";"39";"3907";"Sandefjord";"Endring 2018-2024";NA;-431.649999999994;"NA";"Yellow"
"ENCREC_004";"39";"3909";"Larvik";"2018";474449.77;474449.77;"Yellow";"Yellow"
"ENCREC_004";"39";"3909";"Larvik";"2019";474449.77;474338.69;"Yellow";"Yellow"
"ENCREC_004";"39";"3909";"Larvik";"2020";474334.26;474112.1;"Yellow";"Yellow"
"ENCREC_004";"39";"3909";"Larvik";"2021";474286.7;473837.95;"Yellow";"Yellow"
"ENCREC_004";"39";"3909";"Larvik";"2022";474407.84;473684.94;"Yellow";"Yellow"
"ENCREC_004";"39";"3909";"Larvik";"2023";474440.99;473565.08;"Yellow";"Yellow"
"ENCREC_004";"39";"3909";"Larvik";"2024";474484.7;473488.93;"Yellow";"Yellow"
"ENCREC_004";"39";"3909";"Larvik";"Endring 2018-2024";NA;-960.839999999967;"NA";"Yellow"
"ENCREC_004";"39";"3911";"Færder";"2018";45458.58;45458.58;"Yellow";"Yellow"
"ENCREC_004";"39";"3911";"Færder";"2019";45462.93;45448.09;"Yellow";"Yellow"
"ENCREC_004";"39";"3911";"Færder";"2020";45393.84;45368.51;"Yellow";"Yellow"
"ENCREC_004";"39";"3911";"Færder";"2021";45450.51;45345.6;"Yellow";"Yellow"
"ENCREC_004";"39";"3911";"Færder";"2022";45423.99;45296.17;"Yellow";"Yellow"
"ENCREC_004";"39";"3911";"Færder";"2023";45443.42;45266.17;"Green";"Yellow"
"ENCREC_004";"39";"3911";"Færder";"2024";45468.18;45260.93;"Yellow";"Yellow"
"ENCREC_004";"39";"3911";"Færder";"Endring 2018-2024";NA;-197.650000000001;"NA";"Yellow"
"ENCREC_004";"40";"4003";"Skien";"2018";458756.32;458756.32;"Yellow";"Yellow"
"ENCREC_004";"40";"4003";"Skien";"2019";458769.54;458706.49;"Yellow";"Yellow"
"ENCREC_004";"40";"4003";"Skien";"2020";458661.8;458548.92;"Yellow";"Yellow"
"ENCREC_004";"40";"4003";"Skien";"2021";458701.47;458431.02;"Yellow";"Yellow"
"ENCREC_004";"40";"4003";"Skien";"2022";458679.44;458291.09;"Yellow";"Yellow"
"ENCREC_004";"40";"4003";"Skien";"2023";458669.01;458140.73;"Green";"Yellow"
"ENCREC_004";"40";"4003";"Skien";"2024";458200.22;457521.58;"Yellow";"Yellow"
"ENCREC_004";"40";"4003";"Skien";"Endring 2018-2024";NA;-1234.73999999999;"NA";"Yellow"
"ENCREC_004";"40";"4010";"Siljan";"2018";121757.85;121757.85;"Yellow";"Yellow"
"ENCREC_004";"40";"4010";"Siljan";"2019";121755.09;121754.98;"Yellow";"Yellow"
"ENCREC_004";"40";"4010";"Siljan";"2020";121701.96;121698.98;"Yellow";"Yellow"
"ENCREC_004";"40";"4010";"Siljan";"2021";121749.78;121690.8;"Yellow";"Yellow"
"ENCREC_004";"40";"4010";"Siljan";"2022";121735.56;121668.4;"Yellow";"Yellow"
"ENCREC_004";"40";"4010";"Siljan";"2023";121757.14;121667.58;"Yellow";"Yellow"
"ENCREC_004";"40";"4010";"Siljan";"2024";121757.09;121666.71;"Yellow";"Yellow"
"ENCREC_004";"40";"4010";"Siljan";"Endring 2018-2024";NA;-91.1399999999994;"NA";"Yellow"
"ENCREC_004";"40";"4012";"Bamble";"2018";201407.1;201407.1;"Yellow";"Yellow"
"ENCREC_004";"40";"4012";"Bamble";"2019";201429.21;201365.05;"Yellow";"Yellow"
"ENCREC_004";"40";"4012";"Bamble";"2020";201402.56;201296.35;"Yellow";"Yellow"
"ENCREC_004";"40";"4012";"Bamble";"2021";201407.25;201232.34;"Yellow";"Yellow"
"ENCREC_004";"40";"4012";"Bamble";"2022";201405.83;201166.91;"Yellow";"Yellow"
"ENCREC_004";"40";"4012";"Bamble";"2023";201450.07;201145.72;"Green";"Yellow"
"ENCREC_004";"40";"4012";"Bamble";"2024";201413.66;201088.12;"Yellow";"Yellow"
"ENCREC_004";"40";"4012";"Bamble";"Endring 2018-2024";NA;-318.98000000001;"NA";"Yellow"
"ENCREC_004";"40";"4014";"Kragerø";"2018";52168.06;52168.06;"Yellow";"Yellow"
"ENCREC_004";"40";"4014";"Kragerø";"2019";52171.43;52166.85;"Yellow";"Yellow"
"ENCREC_004";"40";"4014";"Kragerø";"2020";52155.47;52149.68;"Yellow";"Yellow"
"ENCREC_004";"40";"4014";"Kragerø";"2021";52159.24;52136.28;"Yellow";"Yellow"
"ENCREC_004";"40";"4014";"Kragerø";"2022";52159.86;52123.5;"Yellow";"Yellow"
"ENCREC_004";"40";"4014";"Kragerø";"2023";52116.63;52067.49;"Green";"Yellow"
"ENCREC_004";"40";"4014";"Kragerø";"2024";52157.7;52052.55;"Yellow";"Yellow"
"ENCREC_004";"40";"4014";"Kragerø";"Endring 2018-2024";NA;-115.509999999995;"NA";"Yellow"
"ENCREC_004";"40";"4016";"Drangedal";"2018";72176.82;72176.82;"Yellow";"Yellow"
"ENCREC_004";"40";"4016";"Drangedal";"2019";72176.82;72176.3;"Yellow";"Yellow"
"ENCREC_004";"40";"4016";"Drangedal";"2020";72156.08;72155.04;"Yellow";"Yellow"
"ENCREC_004";"40";"4016";"Drangedal";"2021";72165.97;72143.67;"Yellow";"Yellow"
"ENCREC_004";"40";"4016";"Drangedal";"2022";72158.91;72125.24;"Yellow";"Yellow"
"ENCREC_004";"40";"4016";"Drangedal";"2023";72171.33;72119.23;"Yellow";"Yellow"
"ENCREC_004";"40";"4016";"Drangedal";"2024";72173.72;72115.61;"Yellow";"Yellow"
"ENCREC_004";"40";"4016";"Drangedal";"Endring 2018-2024";NA;-61.2099999999919;"NA";"Yellow"
"ENCREC_004";"40";"4020";"Midt-Telemark";"2018";236454.39;236454.39;"Yellow";"Yellow"
"ENCREC_004";"40";"4020";"Midt-Telemark";"2019";236437.32;236434.36;"Yellow";"Yellow"
"ENCREC_004";"40";"4020";"Midt-Telemark";"2020";236438.02;236415.03;"Yellow";"Yellow"
"ENCREC_004";"40";"4020";"Midt-Telemark";"2021";236438.12;236395.8;"Yellow";"Yellow"
"ENCREC_004";"40";"4020";"Midt-Telemark";"2022";236424.57;236363.02;"Yellow";"Yellow"
"ENCREC_004";"40";"4020";"Midt-Telemark";"2023";236433.02;236338.69;"Green";"Yellow"
"ENCREC_004";"40";"4020";"Midt-Telemark";"2024";236451.05;236332.39;"Yellow";"Yellow"
"ENCREC_004";"40";"4020";"Midt-Telemark";"Endring 2018-2024";NA;-122;"NA";"Yellow"
"ENCREC_004";"40";"4036";"Vinje";"2018";300959.64;300959.64;"Yellow";"Yellow"
"ENCREC_004";"40";"4036";"Vinje";"2019";300911.74;300869.12;"Yellow";"Yellow"
"ENCREC_004";"40";"4036";"Vinje";"2020";300944.96;300811.82;"Yellow";"Yellow"
"ENCREC_004";"40";"4036";"Vinje";"2021";300930.06;300739.62;"Yellow";"Yellow"
"ENCREC_004";"40";"4036";"Vinje";"2022";300970.9;300708.26;"Orange";"Yellow"
"ENCREC_004";"40";"4036";"Vinje";"2023";300968.07;300674.07;"Yellow";"Yellow"
"ENCREC_004";"40";"4036";"Vinje";"2024";300837.2;300509.01;"Orange";"Yellow"
"ENCREC_004";"40";"4036";"Vinje";"Endring 2018-2024";NA;-450.630000000005;"NA";"Yellow"
"ENCREC_004";"42";"4201";"Risør";"2018";44206.97;44206.97;"Yellow";"Yellow"
"ENCREC_004";"42";"4201";"Risør";"2019";44172.72;44166.63;"Yellow";"Yellow"
"ENCREC_004";"42";"4201";"Risør";"2020";44186.5;44140.07;"Yellow";"Yellow"
"ENCREC_004";"42";"4201";"Risør";"2021";44201.31;44128.32;"Yellow";"Yellow"
"ENCREC_004";"42";"4201";"Risør";"2022";44208.53;44123.79;"Yellow";"Yellow"
"ENCREC_004";"42";"4201";"Risør";"2023";44200.91;44111.64;"Yellow";"Yellow"
"ENCREC_004";"42";"4201";"Risør";"2024";44213.06;44111.64;"Yellow";"Yellow"
"ENCREC_004";"42";"4201";"Risør";"Endring 2018-2024";NA;-95.3300000000017;"NA";"Yellow"
"ENCREC_004";"42";"4202";"Grimstad";"2018";65683.89;65683.89;"Yellow";"Yellow"
"ENCREC_004";"42";"4202";"Grimstad";"2019";65680.47;65674.48;"Yellow";"Yellow"
"ENCREC_004";"42";"4202";"Grimstad";"2020";65685.89;65670.49;"Yellow";"Yellow"
"ENCREC_004";"42";"4202";"Grimstad";"2021";65661.92;65642.53;"Yellow";"Yellow"
"ENCREC_004";"42";"4202";"Grimstad";"2022";65655;65607.65;"Yellow";"Yellow"
"ENCREC_004";"42";"4202";"Grimstad";"2023";65653.77;65571.54;"Green";"Yellow"
"ENCREC_004";"42";"4202";"Grimstad";"2024";65663.69;65545.35;"Yellow";"Yellow"
"ENCREC_004";"42";"4202";"Grimstad";"Endring 2018-2024";NA;-138.539999999994;"NA";"Yellow"
"ENCREC_004";"42";"4203";"Arendal";"2018";143422.96;143422.96;"Yellow";"Yellow"
"ENCREC_004";"42";"4203";"Arendal";"2019";143451.75;143316.91;"Yellow";"Yellow"
"ENCREC_004";"42";"4203";"Arendal";"2020";143422.1;143181.21;"Yellow";"Yellow"
"ENCREC_004";"42";"4203";"Arendal";"2021";143388.21;143011.62;"Yellow";"Yellow"
"ENCREC_004";"42";"4203";"Arendal";"2022";143248.06;142701.88;"Yellow";"Yellow"
"ENCREC_004";"42";"4203";"Arendal";"2023";143498.05;142642.13;"Yellow";"Yellow"
"ENCREC_004";"42";"4203";"Arendal";"2024";143513.89;142598.22;"Orange";"Yellow"
"ENCREC_004";"42";"4203";"Arendal";"Endring 2018-2024";NA;-824.739999999991;"NA";"Yellow"
"ENCREC_004";"42";"4204";"Kristiansand";"2018";19444.92;19444.92;"Yellow";"Yellow"
"ENCREC_004";"42";"4204";"Kristiansand";"2019";19325.59;19324.18;"Yellow";"Yellow"
"ENCREC_004";"42";"4204";"Kristiansand";"2020";19312.64;19190.49;"Yellow";"Yellow"
"ENCREC_004";"42";"4204";"Kristiansand";"2021";19374.05;19118.21;"Yellow";"Yellow"
"ENCREC_004";"42";"4204";"Kristiansand";"2022";19426.47;19098.35;"Yellow";"Yellow"
"ENCREC_004";"42";"4204";"Kristiansand";"2023";19437.2;19089.22;"Yellow";"Yellow"
"ENCREC_004";"42";"4204";"Kristiansand";"2024";19437.61;19080.5;"Orange";"Yellow"
"ENCREC_004";"42";"4204";"Kristiansand";"Endring 2018-2024";NA;-364.420000000002;"NA";"Yellow"
"ENCREC_004";"42";"4205";"Lindesnes";"2018";159454.02;159454.02;"Yellow";"Yellow"
"ENCREC_004";"42";"4205";"Lindesnes";"2019";159429.93;159408.58;"Yellow";"Yellow"
"ENCREC_004";"42";"4205";"Lindesnes";"2020";159346.15;159279.36;"Yellow";"Yellow"
"ENCREC_004";"42";"4205";"Lindesnes";"2021";159436.94;159240.93;"Yellow";"Yellow"
"ENCREC_004";"42";"4205";"Lindesnes";"2022";159440.63;159206.19;"Yellow";"Yellow"
"ENCREC_004";"42";"4205";"Lindesnes";"2023";159446.31;159177.13;"Yellow";"Yellow"
"ENCREC_004";"42";"4205";"Lindesnes";"2024";159466.85;159168.61;"Yellow";"Yellow"
"ENCREC_004";"42";"4205";"Lindesnes";"Endring 2018-2024";NA;-285.410000000003;"NA";"Yellow"
"ENCREC_004";"42";"4206";"Farsund";"2018";29026.43;29026.43;"Yellow";"Yellow"
"ENCREC_004";"42";"4206";"Farsund";"2019";29026.43;29026.43;"Yellow";"Yellow"
"ENCREC_004";"42";"4206";"Farsund";"2020";29025.74;29025.74;"Yellow";"Yellow"
"ENCREC_004";"42";"4206";"Farsund";"2021";29015.38;29014.69;"Yellow";"Yellow"
"ENCREC_004";"42";"4206";"Farsund";"2022";29008.09;28996.35;"Yellow";"Yellow"
"ENCREC_004";"42";"4206";"Farsund";"2023";29020.74;28990.66;"Yellow";"Yellow"
"ENCREC_004";"42";"4206";"Farsund";"2024";29023.18;28987.41;"Yellow";"Yellow"
"ENCREC_004";"42";"4206";"Farsund";"Endring 2018-2024";NA;-39.0200000000004;"NA";"Yellow"
"ENCREC_004";"42";"4207";"Flekkefjord";"2018";91807.44;91807.44;"Yellow";"Yellow"
"ENCREC_004";"42";"4207";"Flekkefjord";"2019";91809.39;91807.18;"Yellow";"Yellow"
"ENCREC_004";"42";"4207";"Flekkefjord";"2020";91807.84;91805.37;"Yellow";"Yellow"
"ENCREC_004";"42";"4207";"Flekkefjord";"2021";91807.63;91803.35;"Yellow";"Yellow"
"ENCREC_004";"42";"4207";"Flekkefjord";"2022";91807.87;91801.57;"Yellow";"Yellow"
"ENCREC_004";"42";"4207";"Flekkefjord";"2023";91805.47;91797.39;"Yellow";"Yellow"
"ENCREC_004";"42";"4207";"Flekkefjord";"2024";91809.65;91797.39;"Yellow";"Yellow"
"ENCREC_004";"42";"4207";"Flekkefjord";"Endring 2018-2024";NA;-10.0499999999884;"NA";"Yellow"
"ENCREC_004";"42";"4211";"Gjerstad";"2018";146489.45;146489.45;"Yellow";"Yellow"
"ENCREC_004";"42";"4211";"Gjerstad";"2019";146495.87;146489.31;"Yellow";"Yellow"
"ENCREC_004";"42";"4211";"Gjerstad";"2020";146489.61;146482.91;"Yellow";"Yellow"
"ENCREC_004";"42";"4211";"Gjerstad";"2021";146493.72;146480.62;"Yellow";"Yellow"
"ENCREC_004";"42";"4211";"Gjerstad";"2022";146467.71;146452.32;"Yellow";"Yellow"
"ENCREC_004";"42";"4211";"Gjerstad";"2023";146491.82;146448.13;"Yellow";"Yellow"
"ENCREC_004";"42";"4211";"Gjerstad";"2024";146479.55;146431.67;"Yellow";"Yellow"
"ENCREC_004";"42";"4211";"Gjerstad";"Endring 2018-2024";NA;-57.7799999999988;"NA";"Yellow"
"ENCREC_004";"42";"4212";"Vegårshei";"2018";33162.8;33162.8;"Yellow";"Yellow"
"ENCREC_004";"42";"4212";"Vegårshei";"2019";33172.4;33159.33;"Yellow";"Yellow"
"ENCREC_004";"42";"4212";"Vegårshei";"2020";33161.54;33145;"Yellow";"Yellow"
"ENCREC_004";"42";"4212";"Vegårshei";"2021";33148.67;33117.8;"Yellow";"Yellow"
"ENCREC_004";"42";"4212";"Vegårshei";"2022";33154.75;33096.68;"Yellow";"Yellow"
"ENCREC_004";"42";"4212";"Vegårshei";"2023";33156.13;33076.94;"Yellow";"Yellow"
"ENCREC_004";"42";"4212";"Vegårshei";"2024";33175.87;33076.94;"Yellow";"Yellow"
"ENCREC_004";"42";"4212";"Vegårshei";"Endring 2018-2024";NA;-85.8600000000006;"NA";"Yellow"
"ENCREC_004";"42";"4213";"Tvedestrand";"2018";58997.5;58997.5;"Yellow";"Yellow"
"ENCREC_004";"42";"4213";"Tvedestrand";"2019";59029.2;58955.49;"Yellow";"Yellow"
"ENCREC_004";"42";"4213";"Tvedestrand";"2020";59051.25;58935.53;"Yellow";"Yellow"
"ENCREC_004";"42";"4213";"Tvedestrand";"2021";59064.9;58929.22;"Yellow";"Yellow"
"ENCREC_004";"42";"4213";"Tvedestrand";"2022";59059.17;58917.18;"Orange";"Yellow"
"ENCREC_004";"42";"4213";"Tvedestrand";"2023";59053.39;58899.36;"Yellow";"Yellow"
"ENCREC_004";"42";"4213";"Tvedestrand";"2024";59070.99;58899.14;"Orange";"Yellow"
"ENCREC_004";"42";"4213";"Tvedestrand";"Endring 2018-2024";NA;-98.3600000000006;"NA";"Yellow"
"ENCREC_004";"42";"4214";"Froland";"2018";47123.44;47123.44;"Yellow";"Yellow"
"ENCREC_004";"42";"4214";"Froland";"2019";47128.1;47116.88;"Yellow";"Yellow"
"ENCREC_004";"42";"4214";"Froland";"2020";47131.71;47113.93;"Yellow";"Yellow"
"ENCREC_004";"42";"4214";"Froland";"2021";47114.94;47094.21;"Yellow";"Yellow"
"ENCREC_004";"42";"4214";"Froland";"2022";47125.46;47085.01;"Yellow";"Yellow"
"ENCREC_004";"42";"4214";"Froland";"2023";47126.01;47076.36;"Yellow";"Yellow"
"ENCREC_004";"42";"4214";"Froland";"2024";47124.5;47066.2;"Orange";"Yellow"
"ENCREC_004";"42";"4214";"Froland";"Endring 2018-2024";NA;-57.239999999998;"NA";"Yellow"
"ENCREC_004";"42";"4215";"Lillesand";"2018";77844.33;77844.33;"Yellow";"Yellow"
"ENCREC_004";"42";"4215";"Lillesand";"2019";77800.48;77790.23;"Yellow";"Yellow"
"ENCREC_004";"42";"4215";"Lillesand";"2020";77764.19;77699.84;"Yellow";"Yellow"
"ENCREC_004";"42";"4215";"Lillesand";"2021";77803.19;77648.45;"Yellow";"Yellow"
"ENCREC_004";"42";"4215";"Lillesand";"2022";77790.11;77583.98;"Yellow";"Yellow"
"ENCREC_004";"42";"4215";"Lillesand";"2023";77820.87;77550.27;"Yellow";"Yellow"
"ENCREC_004";"42";"4215";"Lillesand";"2024";77811.28;77506.97;"Yellow";"Yellow"
"ENCREC_004";"42";"4215";"Lillesand";"Endring 2018-2024";NA;-337.360000000001;"NA";"Yellow"
"ENCREC_004";"42";"4216";"Birkenes";"2018";206479.5;206479.5;"Yellow";"Yellow"
"ENCREC_004";"42";"4216";"Birkenes";"2019";206474.12;206457.05;"Yellow";"Yellow"
"ENCREC_004";"42";"4216";"Birkenes";"2020";206427.88;206388.36;"Yellow";"Yellow"
"ENCREC_004";"42";"4216";"Birkenes";"2021";206455.2;206346.99;"Yellow";"Yellow"
"ENCREC_004";"42";"4216";"Birkenes";"2022";206426.44;206276.86;"Orange";"Yellow"
"ENCREC_004";"42";"4216";"Birkenes";"2023";206426.65;206206.94;"Yellow";"Yellow"
"ENCREC_004";"42";"4216";"Birkenes";"2024";206445.49;206155.86;"Orange";"Yellow"
"ENCREC_004";"42";"4216";"Birkenes";"Endring 2018-2024";NA;-323.639999999985;"NA";"Yellow"
"ENCREC_004";"42";"4225";"Lyngdal";"2018";71023.24;71023.24;"Yellow";"Yellow"
"ENCREC_004";"42";"4225";"Lyngdal";"2019";71000.39;70992.17;"Yellow";"Yellow"
"ENCREC_004";"42";"4225";"Lyngdal";"2020";70991.06;70951.77;"Yellow";"Yellow"
"ENCREC_004";"42";"4225";"Lyngdal";"2021";70978.9;70899.21;"Yellow";"Yellow"
"ENCREC_004";"42";"4225";"Lyngdal";"2022";70965.31;70833.06;"Yellow";"Yellow"
"ENCREC_004";"42";"4225";"Lyngdal";"2023";70984.89;70786.49;"Green";"Yellow"
"ENCREC_004";"42";"4225";"Lyngdal";"2024";71006.69;70761.72;"Yellow";"Yellow"
"ENCREC_004";"42";"4225";"Lyngdal";"Endring 2018-2024";NA;-261.520000000004;"NA";"Yellow"
"ENCREC_004";"42";"4227";"Kvinesdal";"2018";52714.64;52714.64;"Yellow";"Yellow"
"ENCREC_004";"42";"4227";"Kvinesdal";"2019";52706.22;52705.25;"Yellow";"Yellow"
"ENCREC_004";"42";"4227";"Kvinesdal";"2020";52670.32;52659.96;"Yellow";"Yellow"
"ENCREC_004";"42";"4227";"Kvinesdal";"2021";52693.25;52637.6;"Yellow";"Yellow"
"ENCREC_004";"42";"4227";"Kvinesdal";"2022";52687.54;52609.53;"Yellow";"Yellow"
"ENCREC_004";"42";"4227";"Kvinesdal";"2023";52709.26;52603.18;"Yellow";"Yellow"
"ENCREC_004";"42";"4227";"Kvinesdal";"2024";52712.68;52600.25;"Orange";"Yellow"
"ENCREC_004";"42";"4227";"Kvinesdal";"Endring 2018-2024";NA;-114.389999999999;"NA";"Yellow"
"ENCREC_004";"46";"4601";"Bergen";"2018";303329.57;303329.57;"Yellow";"Yellow"
"ENCREC_004";"46";"4601";"Bergen";"2019";303334.19;303240.42;"Yellow";"Yellow"
"ENCREC_004";"46";"4601";"Bergen";"2020";303336.2;303153.28;"Yellow";"Yellow"
"ENCREC_004";"46";"4601";"Bergen";"2021";303329.91;303059.85;"Yellow";"Yellow"
"ENCREC_004";"46";"4601";"Bergen";"2022";303308.39;302944.9;"Yellow";"Yellow"
"ENCREC_004";"46";"4601";"Bergen";"2023";303347.95;302869.51;"Yellow";"Yellow"
"ENCREC_004";"46";"4601";"Bergen";"2024";303372.48;302818.65;"Orange";"Yellow"
"ENCREC_004";"46";"4601";"Bergen";"Endring 2018-2024";NA;-510.919999999984;"NA";"Yellow"
"ENCREC_004";"46";"4602";"Kinn";"2018";517430.24;517430.24;"Yellow";"Yellow"
"ENCREC_004";"46";"4602";"Kinn";"2019";517413.05;517405.83;"Yellow";"Yellow"
"ENCREC_004";"46";"4602";"Kinn";"2020";517409.95;517378.32;"Yellow";"Yellow"
"ENCREC_004";"46";"4602";"Kinn";"2021";517408.35;517349.21;"Yellow";"Yellow"
"ENCREC_004";"46";"4602";"Kinn";"2022";517393.76;517305.51;"Yellow";"Yellow"
"ENCREC_004";"46";"4602";"Kinn";"2023";517422.62;517290.67;"Green";"Yellow"
"ENCREC_004";"46";"4602";"Kinn";"2024";517379.1;517232.31;"Yellow";"Yellow"
"ENCREC_004";"46";"4602";"Kinn";"Endring 2018-2024";NA;-197.930000000051;"NA";"Yellow"
"ENCREC_004";"46";"4611";"Etne";"2018";490071.33;490071.33;"Yellow";"Yellow"
"ENCREC_004";"46";"4611";"Etne";"2019";490061.1;490060.57;"Yellow";"Yellow"
"ENCREC_004";"46";"4611";"Etne";"2020";490071.7;490060.41;"Yellow";"Yellow"
"ENCREC_004";"46";"4611";"Etne";"2021";490065.64;490054.19;"Yellow";"Yellow"
"ENCREC_004";"46";"4611";"Etne";"2022";490071.4;490053.73;"Yellow";"Yellow"
"ENCREC_004";"46";"4611";"Etne";"2023";490067.87;490049.74;"Yellow";"Yellow"
"ENCREC_004";"46";"4611";"Etne";"2024";490067.19;490045.07;"Yellow";"Yellow"
"ENCREC_004";"46";"4611";"Etne";"Endring 2018-2024";NA;-26.2599999999511;"NA";"Yellow"
"ENCREC_004";"46";"4612";"Sveio";"2018";75630.04;75630.04;"Yellow";"Yellow"
"ENCREC_004";"46";"4612";"Sveio";"2019";75623.34;75623.01;"Yellow";"Yellow"
"ENCREC_004";"46";"4612";"Sveio";"2020";75602.55;75595.19;"Yellow";"Yellow"
"ENCREC_004";"46";"4612";"Sveio";"2021";75599.27;75564.09;"Yellow";"Yellow"
"ENCREC_004";"46";"4612";"Sveio";"2022";75617.12;75550.84;"Yellow";"Yellow"
"ENCREC_004";"46";"4612";"Sveio";"2023";75610.64;75531.11;"Yellow";"Yellow"
"ENCREC_004";"46";"4612";"Sveio";"2024";75621.28;75522.02;"Yellow";"Yellow"
"ENCREC_004";"46";"4612";"Sveio";"Endring 2018-2024";NA;-108.020000000004;"NA";"Yellow"
"ENCREC_004";"46";"4613";"Bømlo";"2018";63495.04;63495.04;"Yellow";"Yellow"
"ENCREC_004";"46";"4613";"Bømlo";"2019";63480.54;63479.03;"Yellow";"Yellow"
"ENCREC_004";"46";"4613";"Bømlo";"2020";63491.44;63473.92;"Yellow";"Yellow"
"ENCREC_004";"46";"4613";"Bømlo";"2021";63492.75;63470.12;"Yellow";"Yellow"
"ENCREC_004";"46";"4613";"Bømlo";"2022";63491.01;63464.58;"Yellow";"Yellow"
"ENCREC_004";"46";"4613";"Bømlo";"2023";63494.58;63462.61;"Green";"Yellow"
"ENCREC_004";"46";"4613";"Bømlo";"2024";63496.55;63462.61;"Yellow";"Yellow"
"ENCREC_004";"46";"4613";"Bømlo";"Endring 2018-2024";NA;-32.4300000000003;"NA";"Yellow"
"ENCREC_004";"46";"4614";"Stord";"2018";41396;41396;"Yellow";"Yellow"
"ENCREC_004";"46";"4614";"Stord";"2019";41401.23;41395.9;"Yellow";"Yellow"
"ENCREC_004";"46";"4614";"Stord";"2020";41399.21;41393.78;"Yellow";"Yellow"
"ENCREC_004";"46";"4614";"Stord";"2021";41397.72;41390.17;"Yellow";"Yellow"
"ENCREC_004";"46";"4614";"Stord";"2022";41399.44;41388.28;"Orange";"Yellow"
"ENCREC_004";"46";"4614";"Stord";"2023";41377.12;41364.07;"Yellow";"Yellow"
"ENCREC_004";"46";"4614";"Stord";"2024";41398.36;41361.1;"Orange";"Yellow"
"ENCREC_004";"46";"4614";"Stord";"Endring 2018-2024";NA;-34.9000000000015;"NA";"Yellow"
"ENCREC_004";"46";"4615";"Fitjar";"2018";71912.01;71912.01;"Yellow";"Yellow"
"ENCREC_004";"46";"4615";"Fitjar";"2019";71908.57;71907.74;"Yellow";"Yellow"
"ENCREC_004";"46";"4615";"Fitjar";"2020";71912.72;71907.62;"Yellow";"Yellow"
"ENCREC_004";"46";"4615";"Fitjar";"2021";71902.94;71897.72;"Yellow";"Yellow"
"ENCREC_004";"46";"4615";"Fitjar";"2022";71910.59;71895.47;"Yellow";"Yellow"
"ENCREC_004";"46";"4615";"Fitjar";"2023";71901.12;71883.75;"Yellow";"Yellow"
"ENCREC_004";"46";"4615";"Fitjar";"2024";71910.23;71881.14;"Orange";"Yellow"
"ENCREC_004";"46";"4615";"Fitjar";"Endring 2018-2024";NA;-30.8699999999953;"NA";"Yellow"
"ENCREC_004";"46";"4616";"Tysnes";"2018";167192.36;167192.36;"Yellow";"Yellow"
"ENCREC_004";"46";"4616";"Tysnes";"2019";167192.27;167190.88;"Yellow";"Yellow"
"ENCREC_004";"46";"4616";"Tysnes";"2020";167184.15;167181.28;"Yellow";"Yellow"
"ENCREC_004";"46";"4616";"Tysnes";"2021";167184.07;167171.6;"Yellow";"Yellow"
"ENCREC_004";"46";"4616";"Tysnes";"2022";167169.1;167146.95;"Yellow";"Yellow"
"ENCREC_004";"46";"4616";"Tysnes";"2023";167166.37;167119.57;"Yellow";"Yellow"
"ENCREC_004";"46";"4616";"Tysnes";"2024";167187.24;167113.06;"Orange";"Yellow"
"ENCREC_004";"46";"4616";"Tysnes";"Endring 2018-2024";NA;-79.2999999999884;"NA";"Yellow"
"ENCREC_004";"46";"4617";"Kvinnherad";"2018";526711.05;526711.05;"Yellow";"Yellow"
"ENCREC_004";"46";"4617";"Kvinnherad";"2019";526704.4;526695.79;"Yellow";"Yellow"
"ENCREC_004";"46";"4617";"Kvinnherad";"2020";526661.48;526637.61;"Yellow";"Yellow"
"ENCREC_004";"46";"4617";"Kvinnherad";"2021";526681.7;526599.65;"Yellow";"Yellow"
"ENCREC_004";"46";"4617";"Kvinnherad";"2022";526692.94;526572.93;"Yellow";"Yellow"
"ENCREC_004";"46";"4617";"Kvinnherad";"2023";526680.82;526534.09;"Yellow";"Yellow"
"ENCREC_004";"46";"4617";"Kvinnherad";"2024";526686.64;526501.07;"Orange";"Yellow"
"ENCREC_004";"46";"4617";"Kvinnherad";"Endring 2018-2024";NA;-209.979999999981;"NA";"Yellow"
"ENCREC_004";"46";"4618";"Ullensvang";"2018";2059899.05;2059899.05;"Yellow";"Yellow"
"ENCREC_004";"46";"4618";"Ullensvang";"2019";2059890.8;2059890.8;"Yellow";"Yellow"
"ENCREC_004";"46";"4618";"Ullensvang";"2020";2059895.78;2059887.53;"Yellow";"Yellow"
"ENCREC_004";"46";"4618";"Ullensvang";"2021";2059889.12;2059877.6;"Yellow";"Yellow"
"ENCREC_004";"46";"4618";"Ullensvang";"2022";2059895.37;2059873.92;"Yellow";"Yellow"
"ENCREC_004";"46";"4618";"Ullensvang";"2023";2059876.17;2059851.04;"Green";"Yellow"
"ENCREC_004";"46";"4618";"Ullensvang";"2024";2059854.2;2059806.19;"Yellow";"Yellow"
"ENCREC_004";"46";"4618";"Ullensvang";"Endring 2018-2024";NA;-92.8600000001024;"NA";"Yellow"
"ENCREC_004";"46";"4619";"Eidfjord";"2018";1269046.48;1269046.48;"Yellow";"Yellow"
"ENCREC_004";"46";"4619";"Eidfjord";"2019";1268955.85;1268910.38;"Yellow";"Yellow"
"ENCREC_004";"46";"4619";"Eidfjord";"2020";1268993.85;1268812.28;"Yellow";"Yellow"
"ENCREC_004";"46";"4619";"Eidfjord";"2021";1268908.94;1268629.27;"Yellow";"Yellow"
"ENCREC_004";"46";"4619";"Eidfjord";"2022";1269019.4;1268556.72;"Yellow";"Yellow"
"ENCREC_004";"46";"4619";"Eidfjord";"2023";1269027.54;1268492.31;"Green";"Yellow"
"ENCREC_004";"46";"4619";"Eidfjord";"2024";1268979.49;1268379.85;"Yellow";"Yellow"
"ENCREC_004";"46";"4619";"Eidfjord";"Endring 2018-2024";NA;-666.630000000121;"NA";"Yellow"
"ENCREC_004";"46";"4620";"Ulvik";"2018";627217.89;627217.89;"Yellow";"Yellow"
"ENCREC_004";"46";"4620";"Ulvik";"2019";627217.89;627217.89;"Yellow";"Yellow"
"ENCREC_004";"46";"4620";"Ulvik";"2020";627216.82;627216.82;"Yellow";"Yellow"
"ENCREC_004";"46";"4620";"Ulvik";"2021";627217.85;627216.78;"Yellow";"Yellow"
"ENCREC_004";"46";"4620";"Ulvik";"2022";627217.55;627216.44;"Yellow";"Yellow"
"ENCREC_004";"46";"4620";"Ulvik";"2023";627215.04;627213.59;"Yellow";"Yellow"
"ENCREC_004";"46";"4620";"Ulvik";"2024";627213.87;627209.57;"Yellow";"Yellow"
"ENCREC_004";"46";"4620";"Ulvik";"Endring 2018-2024";NA;-8.31999999994878;"NA";"Yellow"
"ENCREC_004";"46";"4621";"Voss";"2018";333818.66;333818.66;"Yellow";"Yellow"
"ENCREC_004";"46";"4621";"Voss";"2019";333823.04;333795.69;"Yellow";"Yellow"
"ENCREC_004";"46";"4621";"Voss";"2020";333766.45;333716.13;"Yellow";"Yellow"
"ENCREC_004";"46";"4621";"Voss";"2021";333729.13;333599.25;"Yellow";"Yellow"
"ENCREC_004";"46";"4621";"Voss";"2022";333824.49;333577.73;"Yellow";"Yellow"
"ENCREC_004";"46";"4621";"Voss";"2023";333812.27;333543.99;"Yellow";"Yellow"
"ENCREC_004";"46";"4621";"Voss";"2024";333832.67;333530.65;"Yellow";"Yellow"
"ENCREC_004";"46";"4621";"Voss";"Endring 2018-2024";NA;-288.010000000009;"NA";"Yellow"
"ENCREC_004";"46";"4622";"Kvam";"2018";314460.2;314460.2;"Yellow";"Yellow"
"ENCREC_004";"46";"4622";"Kvam";"2019";314468.1;314457.74;"Yellow";"Yellow"
"ENCREC_004";"46";"4622";"Kvam";"2020";314412.98;314400.16;"Yellow";"Yellow"
"ENCREC_004";"46";"4622";"Kvam";"2021";314422.37;314351.97;"Yellow";"Yellow"
"ENCREC_004";"46";"4622";"Kvam";"2022";314459.73;314341.14;"Yellow";"Yellow"
"ENCREC_004";"46";"4622";"Kvam";"2023";314404.57;314275.15;"Yellow";"Yellow"
"ENCREC_004";"46";"4622";"Kvam";"2024";314444.7;314249.29;"Orange";"Yellow"
"ENCREC_004";"46";"4622";"Kvam";"Endring 2018-2024";NA;-210.910000000033;"NA";"Yellow"
"ENCREC_004";"46";"4623";"Samnanger";"2018";128072.27;128072.27;"Yellow";"Yellow"
"ENCREC_004";"46";"4623";"Samnanger";"2019";128072.45;128071.11;"Yellow";"Yellow"
"ENCREC_004";"46";"4623";"Samnanger";"2020";128072.82;128070.32;"Yellow";"Yellow"
"ENCREC_004";"46";"4623";"Samnanger";"2021";128070.12;128066.83;"Yellow";"Yellow"
"ENCREC_004";"46";"4623";"Samnanger";"2022";128070.56;128063.78;"Yellow";"Yellow"
"ENCREC_004";"46";"4623";"Samnanger";"2023";128069.63;128059.8;"Yellow";"Yellow"
"ENCREC_004";"46";"4623";"Samnanger";"2024";128038.92;128025.11;"Yellow";"Yellow"
"ENCREC_004";"46";"4623";"Samnanger";"Endring 2018-2024";NA;-47.1600000000035;"NA";"Yellow"
"ENCREC_004";"46";"4624";"Bjørnafjorden";"2018";235162.77;235162.77;"Yellow";"Yellow"
"ENCREC_004";"46";"4624";"Bjørnafjorden";"2019";235193.51;235137.52;"Yellow";"Yellow"
"ENCREC_004";"46";"4624";"Bjørnafjorden";"2020";235175.14;235093.9;"Yellow";"Yellow"
"ENCREC_004";"46";"4624";"Bjørnafjorden";"2021";235178.6;235053.74;"Yellow";"Yellow"
"ENCREC_004";"46";"4624";"Bjørnafjorden";"2022";235205.34;235040.32;"Yellow";"Yellow"
"ENCREC_004";"46";"4624";"Bjørnafjorden";"2023";235179.26;235000.82;"Yellow";"Yellow"
"ENCREC_004";"46";"4624";"Bjørnafjorden";"2024";235208.97;234991.03;"Yellow";"Yellow"
"ENCREC_004";"46";"4624";"Bjørnafjorden";"Endring 2018-2024";NA;-171.74000000002;"NA";"Yellow"
"ENCREC_004";"46";"4625";"Austevoll";"2018";31788.6;31788.6;"Yellow";"Yellow"
"ENCREC_004";"46";"4625";"Austevoll";"2019";31788.45;31785.76;"Yellow";"Yellow"
"ENCREC_004";"46";"4625";"Austevoll";"2020";31785.36;31779.83;"Yellow";"Yellow"
"ENCREC_004";"46";"4625";"Austevoll";"2021";31785.13;31773.67;"Yellow";"Yellow"
"ENCREC_004";"46";"4625";"Austevoll";"2022";31788.18;31770.56;"Yellow";"Yellow"
"ENCREC_004";"46";"4625";"Austevoll";"2023";31788.93;31768.2;"Yellow";"Yellow"
"ENCREC_004";"46";"4625";"Austevoll";"2024";31791.29;31768.2;"Yellow";"Yellow"
"ENCREC_004";"46";"4625";"Austevoll";"Endring 2018-2024";NA;-20.4000000000015;"NA";"Yellow"
"ENCREC_004";"46";"4626";"Øygarden";"2018";148527.42;148527.42;"Yellow";"Yellow"
"ENCREC_004";"46";"4626";"Øygarden";"2019";148515.67;148505.44;"Yellow";"Yellow"
"ENCREC_004";"46";"4626";"Øygarden";"2020";148504.83;148472.62;"Yellow";"Yellow"
"ENCREC_004";"46";"4626";"Øygarden";"2021";148471.66;148406.63;"Yellow";"Yellow"
"ENCREC_004";"46";"4626";"Øygarden";"2022";148487.86;148356.84;"Yellow";"Yellow"
"ENCREC_004";"46";"4626";"Øygarden";"2023";148528.11;148347.3;"Yellow";"Yellow"
"ENCREC_004";"46";"4626";"Øygarden";"2024";148490.11;148299.76;"Orange";"Yellow"
"ENCREC_004";"46";"4626";"Øygarden";"Endring 2018-2024";NA;-227.660000000003;"NA";"Yellow"
"ENCREC_004";"46";"4627";"Askøy";"2018";51343.49;51343.49;"Yellow";"Yellow"
"ENCREC_004";"46";"4627";"Askøy";"2019";51344.39;51339.79;"Yellow";"Yellow"
"ENCREC_004";"46";"4627";"Askøy";"2020";51343.32;51335.02;"Yellow";"Yellow"
"ENCREC_004";"46";"4627";"Askøy";"2021";51335.76;51322.69;"Yellow";"Yellow"
"ENCREC_004";"46";"4627";"Askøy";"2022";51325.9;51300.5;"Yellow";"Yellow"
"ENCREC_004";"46";"4627";"Askøy";"2023";51303.36;51255.77;"Yellow";"Yellow"
"ENCREC_004";"46";"4627";"Askøy";"2024";51342.8;51250.48;"Yellow";"Yellow"
"ENCREC_004";"46";"4627";"Askøy";"Endring 2018-2024";NA;-93.010000000002;"NA";"Yellow"
"ENCREC_004";"46";"4628";"Vaksdal";"2018";192779;192779;"Yellow";"Yellow"
"ENCREC_004";"46";"4628";"Vaksdal";"2019";192776.38;192775.44;"Yellow";"Yellow"
"ENCREC_004";"46";"4628";"Vaksdal";"2020";192755.54;192751.04;"Yellow";"Yellow"
"ENCREC_004";"46";"4628";"Vaksdal";"2021";192759.33;192730.43;"Yellow";"Yellow"
"ENCREC_004";"46";"4628";"Vaksdal";"2022";192768.78;192719.27;"Yellow";"Yellow"
"ENCREC_004";"46";"4628";"Vaksdal";"2023";192768.09;192707.42;"Yellow";"Yellow"
"ENCREC_004";"46";"4628";"Vaksdal";"2024";192767.92;192695.4;"Orange";"Yellow"
"ENCREC_004";"46";"4628";"Vaksdal";"Endring 2018-2024";NA;-83.6000000000058;"NA";"Yellow"
"ENCREC_004";"46";"4629";"Modalen";"2018";165666.46;165666.46;"Yellow";"Yellow"
"ENCREC_004";"46";"4629";"Modalen";"2019";165665.39;165664.22;"Yellow";"Yellow"
"ENCREC_004";"46";"4629";"Modalen";"2020";165667.63;165664.22;"Yellow";"Yellow"
"ENCREC_004";"46";"4629";"Modalen";"2021";165641.67;165638.26;"Yellow";"Yellow"
"ENCREC_004";"46";"4629";"Modalen";"2022";165664.42;165635.05;"Yellow";"Yellow"
"ENCREC_004";"46";"4629";"Modalen";"2023";165667.63;165635.05;"Green";"Yellow"
"ENCREC_004";"46";"4629";"Modalen";"2024";165539.7;165507.12;"Yellow";"Yellow"
"ENCREC_004";"46";"4629";"Modalen";"Endring 2018-2024";NA;-159.339999999997;"NA";"Yellow"
"ENCREC_004";"46";"4630";"Osterøy";"2018";114252.2;114252.2;"Yellow";"Yellow"
"ENCREC_004";"46";"4630";"Osterøy";"2019";114242.37;114241.52;"Yellow";"Yellow"
"ENCREC_004";"46";"4630";"Osterøy";"2020";114247.65;114236.12;"Yellow";"Yellow"
"ENCREC_004";"46";"4630";"Osterøy";"2021";114242.02;114225.09;"Yellow";"Yellow"
"ENCREC_004";"46";"4630";"Osterøy";"2022";114241.92;114213.96;"Yellow";"Yellow"
"ENCREC_004";"46";"4630";"Osterøy";"2023";114237.88;114198.79;"Green";"Yellow"
"ENCREC_004";"46";"4630";"Osterøy";"2024";114248.63;114194.37;"Yellow";"Yellow"
"ENCREC_004";"46";"4630";"Osterøy";"Endring 2018-2024";NA;-57.8299999999872;"NA";"Yellow"
"ENCREC_004";"46";"4631";"Alver";"2018";222243.46;222243.46;"Yellow";"Yellow"
"ENCREC_004";"46";"4631";"Alver";"2019";222243.71;222239.56;"Yellow";"Yellow"
"ENCREC_004";"46";"4631";"Alver";"2020";222234.76;222226.71;"Yellow";"Yellow"
"ENCREC_004";"46";"4631";"Alver";"2021";222234.04;222213.14;"Yellow";"Yellow"
"ENCREC_004";"46";"4631";"Alver";"2022";222205.58;222171.11;"Yellow";"Yellow"
"ENCREC_004";"46";"4631";"Alver";"2023";222202.98;222126.48;"Green";"Yellow"
"ENCREC_004";"46";"4631";"Alver";"2024";222033.41;221912.28;"Yellow";"Yellow"
"ENCREC_004";"46";"4631";"Alver";"Endring 2018-2024";NA;-331.179999999993;"NA";"Yellow"
"ENCREC_004";"46";"4632";"Austrheim";"2018";12072.17;12072.17;"Yellow";"Yellow"
"ENCREC_004";"46";"4632";"Austrheim";"2019";12071.85;12071.74;"Yellow";"Yellow"
"ENCREC_004";"46";"4632";"Austrheim";"2020";12065.84;12065.3;"Yellow";"Yellow"
"ENCREC_004";"46";"4632";"Austrheim";"2021";12071.65;12064.67;"Yellow";"Yellow"
"ENCREC_004";"46";"4632";"Austrheim";"2022";12067.42;12059.81;"Yellow";"Yellow"
"ENCREC_004";"46";"4632";"Austrheim";"2023";12070.79;12058.32;"Yellow";"Yellow"
"ENCREC_004";"46";"4632";"Austrheim";"2024";12071.56;12057.6;"Orange";"Yellow"
"ENCREC_004";"46";"4632";"Austrheim";"Endring 2018-2024";NA;-14.5699999999997;"NA";"Yellow"
"ENCREC_004";"46";"4634";"Masfjorden";"2018";340885.13;340885.13;"Yellow";"Yellow"
"ENCREC_004";"46";"4634";"Masfjorden";"2019";340884.2;340884.2;"Yellow";"Yellow"
"ENCREC_004";"46";"4634";"Masfjorden";"2020";340882.95;340882.02;"Yellow";"Yellow"
"ENCREC_004";"46";"4634";"Masfjorden";"2021";340883.86;340880.75;"Yellow";"Yellow"
"ENCREC_004";"46";"4634";"Masfjorden";"2022";340865.7;340861.32;"Yellow";"Yellow"
"ENCREC_004";"46";"4634";"Masfjorden";"2023";340856.42;340832.61;"Yellow";"Yellow"
"ENCREC_004";"46";"4634";"Masfjorden";"2024";340667.12;340614.6;"Yellow";"Yellow"
"ENCREC_004";"46";"4634";"Masfjorden";"Endring 2018-2024";NA;-270.530000000028;"NA";"Yellow"
"ENCREC_004";"46";"4635";"Gulen";"2018";216976.1;216976.1;"Yellow";"Yellow"
"ENCREC_004";"46";"4635";"Gulen";"2019";216989.83;216968.36;"Yellow";"Yellow"
"ENCREC_004";"46";"4635";"Gulen";"2020";216983.15;216953.94;"Yellow";"Yellow"
"ENCREC_004";"46";"4635";"Gulen";"2021";216979.62;216935.99;"Yellow";"Yellow"
"ENCREC_004";"46";"4635";"Gulen";"2022";216985.42;216923.84;"Yellow";"Yellow"
"ENCREC_004";"46";"4635";"Gulen";"2023";216981.5;216907.77;"Yellow";"Yellow"
"ENCREC_004";"46";"4635";"Gulen";"2024";216991.65;216901.85;"Yellow";"Yellow"
"ENCREC_004";"46";"4635";"Gulen";"Endring 2018-2024";NA;-74.25;"NA";"Yellow"
"ENCREC_004";"46";"4636";"Solund";"2018";196057.83;196057.83;"Yellow";"Yellow"
"ENCREC_004";"46";"4636";"Solund";"2019";196053.98;196053.98;"Yellow";"Yellow"
"ENCREC_004";"46";"4636";"Solund";"2020";196057.48;196053.63;"Yellow";"Yellow"
"ENCREC_004";"46";"4636";"Solund";"2021";196056.01;196051.81;"Yellow";"Yellow"
"ENCREC_004";"46";"4636";"Solund";"2022";196047.39;196041.37;"Yellow";"Yellow"
"ENCREC_004";"46";"4636";"Solund";"2023";196044.63;196028.17;"Yellow";"Yellow"
"ENCREC_004";"46";"4636";"Solund";"2024";196052.21;196022.55;"Yellow";"Yellow"
"ENCREC_004";"46";"4636";"Solund";"Endring 2018-2024";NA;-35.2799999999988;"NA";"Yellow"
"ENCREC_004";"46";"4637";"Hyllestad";"2018";90328.16;90328.16;"Yellow";"Yellow"
"ENCREC_004";"46";"4637";"Hyllestad";"2019";90330.27;90328.16;"Yellow";"Yellow"
"ENCREC_004";"46";"4637";"Hyllestad";"2020";90328.62;90326.51;"Yellow";"Yellow"
"ENCREC_004";"46";"4637";"Hyllestad";"2021";90325.79;90322.03;"Yellow";"Yellow"
"ENCREC_004";"46";"4637";"Hyllestad";"2022";90313.87;90305.63;"Yellow";"Yellow"
"ENCREC_004";"46";"4637";"Hyllestad";"2023";90328.09;90303.45;"Green";"Yellow"
"ENCREC_004";"46";"4637";"Hyllestad";"2024";90329.28;90302.46;"Yellow";"Yellow"
"ENCREC_004";"46";"4637";"Hyllestad";"Endring 2018-2024";NA;-25.6999999999971;"NA";"Yellow"
"ENCREC_004";"46";"4638";"Høyanger";"2018";427231.97;427231.97;"Yellow";"Yellow"
"ENCREC_004";"46";"4638";"Høyanger";"2019";427221.04;427219.74;"Yellow";"Yellow"
"ENCREC_004";"46";"4638";"Høyanger";"2020";427192.38;427178.85;"Yellow";"Yellow"
"ENCREC_004";"46";"4638";"Høyanger";"2021";427176.17;427121.75;"Yellow";"Yellow"
"ENCREC_004";"46";"4638";"Høyanger";"2022";427177.68;427066.16;"Yellow";"Yellow"
"ENCREC_004";"46";"4638";"Høyanger";"2023";427229.79;427062.68;"Green";"Yellow"
"ENCREC_004";"46";"4638";"Høyanger";"2024";427214.75;427044.16;"Yellow";"Yellow"
"ENCREC_004";"46";"4638";"Høyanger";"Endring 2018-2024";NA;-187.809999999998;"NA";"Yellow"
"ENCREC_004";"46";"4639";"Vik";"2018";519987.07;519987.07;"Yellow";"Yellow"
"ENCREC_004";"46";"4639";"Vik";"2019";519974.3;519971.72;"Yellow";"Yellow"
"ENCREC_004";"46";"4639";"Vik";"2020";519963.48;519945.55;"Yellow";"Yellow"
"ENCREC_004";"46";"4639";"Vik";"2021";519984.91;519940.81;"Yellow";"Yellow"
"ENCREC_004";"46";"4639";"Vik";"2022";519978.61;519929.77;"Yellow";"Yellow"
"ENCREC_004";"46";"4639";"Vik";"2023";519987.98;519928.1;"Green";"Yellow"
"ENCREC_004";"46";"4639";"Vik";"2024";519974.08;519912.53;"Yellow";"Yellow"
"ENCREC_004";"46";"4639";"Vik";"Endring 2018-2024";NA;-74.539999999979;"NA";"Yellow"
"ENCREC_004";"46";"4640";"Sogndal";"2018";762767.72;762767.72;"Yellow";"Yellow"
"ENCREC_004";"46";"4640";"Sogndal";"2019";762700.84;762664.84;"Yellow";"Yellow"
"ENCREC_004";"46";"4640";"Sogndal";"2020";762715.57;762576.69;"Yellow";"Yellow"
"ENCREC_004";"46";"4640";"Sogndal";"2021";762698.57;762471.54;"Yellow";"Yellow"
"ENCREC_004";"46";"4640";"Sogndal";"2022";762741.54;762409.36;"Yellow";"Yellow"
"ENCREC_004";"46";"4640";"Sogndal";"2023";762779.57;762385.21;"Green";"Yellow"
"ENCREC_004";"46";"4640";"Sogndal";"2024";762780.5;762361.99;"Yellow";"Yellow"
"ENCREC_004";"46";"4640";"Sogndal";"Endring 2018-2024";NA;-405.729999999981;"NA";"Yellow"
"ENCREC_004";"46";"4641";"Aurland";"2018";1234264.67;1234264.67;"Yellow";"Yellow"
"ENCREC_004";"46";"4641";"Aurland";"2019";1234265.85;1234264.55;"Yellow";"Yellow"
"ENCREC_004";"46";"4641";"Aurland";"2020";1234261.47;1234260.05;"Yellow";"Yellow"
"ENCREC_004";"46";"4641";"Aurland";"2021";1234251.96;1234246.04;"Yellow";"Yellow"
"ENCREC_004";"46";"4641";"Aurland";"2022";1234254.79;1234234.86;"Yellow";"Yellow"
"ENCREC_004";"46";"4641";"Aurland";"2023";1234265.53;1234234.42;"Yellow";"Yellow"
"ENCREC_004";"46";"4641";"Aurland";"2024";1234265.13;1234233.58;"Yellow";"Yellow"
"ENCREC_004";"46";"4641";"Aurland";"Endring 2018-2024";NA;-31.089999999851;"NA";"Yellow"
"ENCREC_004";"46";"4643";"Årdal";"2018";434141.46;434141.46;"Yellow";"Yellow"
"ENCREC_004";"46";"4643";"Årdal";"2019";434140.9;434137.64;"Yellow";"Yellow"
"ENCREC_004";"46";"4643";"Årdal";"2020";434144.62;434137.54;"Yellow";"Yellow"
"ENCREC_004";"46";"4643";"Årdal";"2021";434134.32;434127.14;"Yellow";"Yellow"
"ENCREC_004";"46";"4643";"Årdal";"2022";434144.48;434126.9;"Yellow";"Yellow"
"ENCREC_004";"46";"4643";"Årdal";"2023";434139.71;434121.89;"Green";"Yellow"
"ENCREC_004";"46";"4643";"Årdal";"2024";434139.9;434117.07;"Yellow";"Yellow"
"ENCREC_004";"46";"4643";"Årdal";"Endring 2018-2024";NA;-24.390000000014;"NA";"Yellow"
"ENCREC_004";"46";"4644";"Luster";"2018";2015218.56;2015218.56;"Yellow";"Yellow"
"ENCREC_004";"46";"4644";"Luster";"2019";2015208.53;2015205.43;"Yellow";"Yellow"
"ENCREC_004";"46";"4644";"Luster";"2020";2015180.79;2015164.56;"Yellow";"Yellow"
"ENCREC_004";"46";"4644";"Luster";"2021";2015196.17;2015139.07;"Yellow";"Yellow"
"ENCREC_004";"46";"4644";"Luster";"2022";2015192.27;2015109.68;"Yellow";"Yellow"
"ENCREC_004";"46";"4644";"Luster";"2023";2015202.42;2015090.44;"Green";"Yellow"
"ENCREC_004";"46";"4644";"Luster";"2024";2015213.8;2015082.58;"Yellow";"Yellow"
"ENCREC_004";"46";"4644";"Luster";"Endring 2018-2024";NA;-135.979999999981;"NA";"Yellow"
"ENCREC_004";"46";"4646";"Fjaler";"2018";193499.63;193499.63;"Yellow";"Yellow"
"ENCREC_004";"46";"4646";"Fjaler";"2019";193499.8;193499.27;"Yellow";"Yellow"
"ENCREC_004";"46";"4646";"Fjaler";"2020";193495.4;193494.51;"Yellow";"Yellow"
"ENCREC_004";"46";"4646";"Fjaler";"2021";193497.29;193491.64;"Yellow";"Yellow"
"ENCREC_004";"46";"4646";"Fjaler";"2022";193077.68;193069.16;"Yellow";"Yellow"
"ENCREC_004";"46";"4646";"Fjaler";"2023";193483.36;193052.36;"Yellow";"Yellow"
"ENCREC_004";"46";"4646";"Fjaler";"2024";193384.68;192936.88;"Yellow";"Yellow"
"ENCREC_004";"46";"4646";"Fjaler";"Endring 2018-2024";NA;-562.75;"NA";"Yellow"
"ENCREC_004";"46";"4647";"Sunnfjord";"2018";1450538.23;1450538.23;"Yellow";"Yellow"
"ENCREC_004";"46";"4647";"Sunnfjord";"2019";1450512.26;1450484.11;"Yellow";"Yellow"
"ENCREC_004";"46";"4647";"Sunnfjord";"2020";1450359.93;1450277.66;"Yellow";"Yellow"
"ENCREC_004";"46";"4647";"Sunnfjord";"2021";1450374.45;1450085.73;"Yellow";"Yellow"
"ENCREC_004";"46";"4647";"Sunnfjord";"2022";1450458.92;1449978.27;"Yellow";"Yellow"
"ENCREC_004";"46";"4647";"Sunnfjord";"2023";1450430.95;1449842.84;"Green";"Yellow"
"ENCREC_004";"46";"4647";"Sunnfjord";"2024";1450034.76;1449311.22;"Yellow";"Yellow"
"ENCREC_004";"46";"4647";"Sunnfjord";"Endring 2018-2024";NA;-1227.01000000001;"NA";"Yellow"
"ENCREC_004";"46";"4648";"Bremanger";"2018";212444.48;212444.48;"Yellow";"Yellow"
"ENCREC_004";"46";"4648";"Bremanger";"2019";212424.34;212424.24;"Yellow";"Yellow"
"ENCREC_004";"46";"4648";"Bremanger";"2020";212436.24;212415.9;"Yellow";"Yellow"
"ENCREC_004";"46";"4648";"Bremanger";"2021";212444.58;212415.9;"Yellow";"Yellow"
"ENCREC_004";"46";"4648";"Bremanger";"2022";212444.05;212415.37;"Yellow";"Yellow"
"ENCREC_004";"46";"4648";"Bremanger";"2023";212444.58;212415.37;"Green";"Yellow"
"ENCREC_004";"46";"4648";"Bremanger";"2024";212440.13;212410.92;"Yellow";"Yellow"
"ENCREC_004";"46";"4648";"Bremanger";"Endring 2018-2024";NA;-33.5599999999977;"NA";"Yellow"
"ENCREC_004";"46";"4649";"Stad";"2018";584458.07;584458.07;"Yellow";"Yellow"
"ENCREC_004";"46";"4649";"Stad";"2019";584451.23;584428.84;"Yellow";"Yellow"
"ENCREC_004";"46";"4649";"Stad";"2020";584423.97;584372.35;"Yellow";"Yellow"
"ENCREC_004";"46";"4649";"Stad";"2021";584370.48;584262.37;"Yellow";"Yellow"
"ENCREC_004";"46";"4649";"Stad";"2022";584408.11;584190.02;"Yellow";"Yellow"
"ENCREC_004";"46";"4649";"Stad";"2023";584453.37;584162.93;"Green";"Yellow"
"ENCREC_004";"46";"4649";"Stad";"2024";584435.21;584117.68;"Yellow";"Yellow"
"ENCREC_004";"46";"4649";"Stad";"Endring 2018-2024";NA;-340.390000000014;"NA";"Yellow"
"ENCREC_004";"46";"4650";"Gloppen";"2018";530784.35;530784.35;"Yellow";"Yellow"
"ENCREC_004";"46";"4650";"Gloppen";"2019";530784.32;530781.97;"Yellow";"Yellow"
"ENCREC_004";"46";"4650";"Gloppen";"2020";530772.31;530767.58;"Yellow";"Yellow"
"ENCREC_004";"46";"4650";"Gloppen";"2021";530781.91;530762.79;"Yellow";"Yellow"
"ENCREC_004";"46";"4650";"Gloppen";"2022";530783.98;530760.07;"Yellow";"Yellow"
"ENCREC_004";"46";"4650";"Gloppen";"2023";530778.41;530751.78;"Green";"Yellow"
"ENCREC_004";"46";"4650";"Gloppen";"2024";530682.85;530647.93;"Yellow";"Yellow"
"ENCREC_004";"46";"4650";"Gloppen";"Endring 2018-2024";NA;-136.420000000042;"NA";"Yellow"
"ENCREC_004";"46";"4651";"Stryn";"2018";699889.51;699889.51;"Yellow";"Yellow"
"ENCREC_004";"46";"4651";"Stryn";"2019";699892.87;699883.84;"Yellow";"Yellow"
"ENCREC_004";"46";"4651";"Stryn";"2020";699824.49;699809.79;"Yellow";"Yellow"
"ENCREC_004";"46";"4651";"Stryn";"2021";699840.75;699752;"Yellow";"Yellow"
"ENCREC_004";"46";"4651";"Stryn";"2022";699862.51;699715.97;"Yellow";"Yellow"
"ENCREC_004";"46";"4651";"Stryn";"2023";699828.56;699645.99;"Yellow";"Yellow"
"ENCREC_004";"46";"4651";"Stryn";"2024";699851.85;699599.3;"Yellow";"Yellow"
"ENCREC_004";"46";"4651";"Stryn";"Endring 2018-2024";NA;-290.209999999963;"NA";"Yellow"
"ENCREC_004";"50";"5001";"Trondheim";"2018";348838.79;348838.79;"Yellow";"Yellow"
"ENCREC_004";"50";"5001";"Trondheim";"2019";348745.43;348711.09;"Yellow";"Yellow"
"ENCREC_004";"50";"5001";"Trondheim";"2020";348706.9;348544.86;"Yellow";"Yellow"
"ENCREC_004";"50";"5001";"Trondheim";"2021";348673.45;348345.18;"Yellow";"Yellow"
"ENCREC_004";"50";"5001";"Trondheim";"2022";348630.01;348102.06;"Yellow";"Yellow"
"ENCREC_004";"50";"5001";"Trondheim";"2023";348713.88;347942.81;"Yellow";"Yellow"
"ENCREC_004";"50";"5001";"Trondheim";"2024";348811.82;347881.5;"Yellow";"Yellow"
"ENCREC_004";"50";"5001";"Trondheim";"Endring 2018-2024";NA;-957.289999999979;"NA";"Yellow"
"ENCREC_004";"50";"5006";"Steinkjer";"2018";1761366.09;1761366.09;"Yellow";"Yellow"
"ENCREC_004";"50";"5006";"Steinkjer";"2019";1761355.71;1761316.14;"Yellow";"Yellow"
"ENCREC_004";"50";"5006";"Steinkjer";"2020";1761315.22;1761225.7;"Yellow";"Yellow"
"ENCREC_004";"50";"5006";"Steinkjer";"2021";1761331.51;1761151.55;"Yellow";"Yellow"
"ENCREC_004";"50";"5006";"Steinkjer";"2022";1761344.06;1761089.95;"Yellow";"Yellow"
"ENCREC_004";"50";"5006";"Steinkjer";"2023";1761326.26;1761010.55;"Yellow";"Yellow"
"ENCREC_004";"50";"5006";"Steinkjer";"2024";1761325.13;1760930.02;"Yellow";"Yellow"
"ENCREC_004";"50";"5006";"Steinkjer";"Endring 2018-2024";NA;-436.069999999832;"NA";"Yellow"
"ENCREC_004";"50";"5007";"Namsos/Nåavmesjenjaelmie";"2018";1380403.05;1380403.05;"Yellow";"Yellow"
"ENCREC_004";"50";"5007";"Namsos/Nåavmesjenjaelmie";"2019";1380398.21;1380394.65;"Yellow";"Yellow"
"ENCREC_004";"50";"5007";"Namsos/Nåavmesjenjaelmie";"2020";1380388.07;1380376.11;"Yellow";"Yellow"
"ENCREC_004";"50";"5007";"Namsos/Nåavmesjenjaelmie";"2021";1380354.34;1380323.84;"Yellow";"Yellow"
"ENCREC_004";"50";"5007";"Namsos/Nåavmesjenjaelmie";"2022";1380396.78;1380314.01;"Yellow";"Yellow"
"ENCREC_004";"50";"5007";"Namsos/Nåavmesjenjaelmie";"2023";1380376.44;1380283.84;"Green";"Yellow"
"ENCREC_004";"50";"5007";"Namsos/Nåavmesjenjaelmie";"2024";1380335.51;1380212.74;"Yellow";"Yellow"
"ENCREC_004";"50";"5007";"Namsos/Nåavmesjenjaelmie";"Endring 2018-2024";NA;-190.310000000056;"NA";"Yellow"
"ENCREC_004";"50";"5014";"Frøya";"2018";144366.02;144366.02;"Yellow";"Yellow"
"ENCREC_004";"50";"5014";"Frøya";"2019";144361.53;144334.5;"Yellow";"Yellow"
"ENCREC_004";"50";"5014";"Frøya";"2020";144328.7;144270.15;"Orange";"Orange"
"ENCREC_004";"50";"5014";"Frøya";"2021";144336.39;144213.49;"Orange";"Orange"
"ENCREC_004";"50";"5014";"Frøya";"2022";144337.61;144158.05;"Orange";"Orange"
"ENCREC_004";"50";"5014";"Frøya";"2023";144297.03;144062.03;"Orange";"Orange"
"ENCREC_004";"50";"5014";"Frøya";"2024";144372.08;144041.06;"Orange";"Orange"
"ENCREC_004";"50";"5014";"Frøya";"Endring 2018-2024";NA;-324.959999999992;"NA";"Yellow"
"ENCREC_004";"50";"5020";"Osen";"2018";41040.28;41040.28;"Yellow";"Yellow"
"ENCREC_004";"50";"5020";"Osen";"2019";41040.28;41040.28;"Yellow";"Yellow"
"ENCREC_004";"50";"5020";"Osen";"2020";41040.28;41040.28;"Yellow";"Yellow"
"ENCREC_004";"50";"5020";"Osen";"2021";41040.28;41040.28;"Yellow";"Yellow"
"ENCREC_004";"50";"5020";"Osen";"2022";41039.63;41039.63;"Yellow";"Yellow"
"ENCREC_004";"50";"5020";"Osen";"2023";41037.78;41037.13;"Yellow";"Yellow"
"ENCREC_004";"50";"5020";"Osen";"2024";41040.06;41036.91;"Orange";"Yellow"
"ENCREC_004";"50";"5020";"Osen";"Endring 2018-2024";NA;-3.37000000000262;"NA";"Yellow"
"ENCREC_004";"50";"5021";"Oppdal";"2018";1931743.69;1931743.69;"Yellow";"Yellow"
"ENCREC_004";"50";"5021";"Oppdal";"2019";1931626.51;1931598.4;"Yellow";"Yellow"
"ENCREC_004";"50";"5021";"Oppdal";"2020";1931633.8;1931460.4;"Yellow";"Yellow"
"ENCREC_004";"50";"5021";"Oppdal";"2021";1931691.07;1931379.67;"Orange";"Yellow"
"ENCREC_004";"50";"5021";"Oppdal";"2022";1931688.99;1931296.86;"Orange";"Orange"
"ENCREC_004";"50";"5021";"Oppdal";"2023";1931732.99;1931258.05;"Orange";"Orange"
"ENCREC_004";"50";"5021";"Oppdal";"2024";1931758.65;1931244.9;"Orange";"Orange"
"ENCREC_004";"50";"5021";"Oppdal";"Endring 2018-2024";NA;-498.789999999804;"NA";"Yellow"
"ENCREC_004";"50";"5022";"Rennebu";"2018";204132.2;204132.2;"Yellow";"Yellow"
"ENCREC_004";"50";"5022";"Rennebu";"2019";204131.97;204131.2;"Yellow";"Yellow"
"ENCREC_004";"50";"5022";"Rennebu";"2020";204128.25;204126.48;"Yellow";"Yellow"
"ENCREC_004";"50";"5022";"Rennebu";"2021";204117.34;204110.85;"Yellow";"Yellow"
"ENCREC_004";"50";"5022";"Rennebu";"2022";204124.88;204102.76;"Yellow";"Yellow"
"ENCREC_004";"50";"5022";"Rennebu";"2023";204129.82;204099.61;"Yellow";"Yellow"
"ENCREC_004";"50";"5022";"Rennebu";"2024";204131.52;204098.16;"Orange";"Yellow"
"ENCREC_004";"50";"5022";"Rennebu";"Endring 2018-2024";NA;-34.0400000000081;"NA";"Yellow"
"ENCREC_004";"50";"5025";"Røros";"2018";1721533.79;1721533.79;"Yellow";"Yellow"
"ENCREC_004";"50";"5025";"Røros";"2019";1721515.44;1721480.22;"Yellow";"Yellow"
"ENCREC_004";"50";"5025";"Røros";"2020";1721503.94;1721415.15;"Yellow";"Yellow"
"ENCREC_004";"50";"5025";"Røros";"2021";1721500.27;1721346.41;"Yellow";"Yellow"
"ENCREC_004";"50";"5025";"Røros";"2022";1721522.35;1721299.75;"Yellow";"Yellow"
"ENCREC_004";"50";"5025";"Røros";"2023";1721494.83;1721225.57;"Yellow";"Yellow"
"ENCREC_004";"50";"5025";"Røros";"2024";1721531.54;1721188.1;"Orange";"Yellow"
"ENCREC_004";"50";"5025";"Røros";"Endring 2018-2024";NA;-345.689999999944;"NA";"Yellow"
"ENCREC_004";"50";"5026";"Holtålen";"2018";854633.73;854633.73;"Yellow";"Yellow"
"ENCREC_004";"50";"5026";"Holtålen";"2019";854606.18;854593.74;"Yellow";"Yellow"
"ENCREC_004";"50";"5026";"Holtålen";"2020";854643.41;854590.98;"Yellow";"Yellow"
"ENCREC_004";"50";"5026";"Holtålen";"2021";854639.65;854584.46;"Yellow";"Yellow"
"ENCREC_004";"50";"5026";"Holtålen";"2022";854639.7;854577.99;"Yellow";"Yellow"
"ENCREC_004";"50";"5026";"Holtålen";"2023";854642.5;854574.32;"Green";"Yellow"
"ENCREC_004";"50";"5026";"Holtålen";"2024";854627.52;854555.67;"Yellow";"Yellow"
"ENCREC_004";"50";"5026";"Holtålen";"Endring 2018-2024";NA;-78.0600000000559;"NA";"Yellow"
"ENCREC_004";"50";"5027";"Midtre Gauldal";"2018";520427.32;520427.32;"Yellow";"Yellow"
"ENCREC_004";"50";"5027";"Midtre Gauldal";"2019";520427.28;520427.28;"Yellow";"Yellow"
"ENCREC_004";"50";"5027";"Midtre Gauldal";"2020";520426.36;520426.32;"Yellow";"Yellow"
"ENCREC_004";"50";"5027";"Midtre Gauldal";"2021";520427.05;520426.05;"Yellow";"Yellow"
"ENCREC_004";"50";"5027";"Midtre Gauldal";"2022";520425.72;520424.45;"Yellow";"Yellow"
"ENCREC_004";"50";"5027";"Midtre Gauldal";"2023";520427.32;520424.45;"Green";"Yellow"
"ENCREC_004";"50";"5027";"Midtre Gauldal";"2024";520421.63;520418.76;"Yellow";"Yellow"
"ENCREC_004";"50";"5027";"Midtre Gauldal";"Endring 2018-2024";NA;-8.55999999999767;"NA";"Yellow"
"ENCREC_004";"50";"5028";"Melhus";"2018";303353.71;303353.71;"Yellow";"Yellow"
"ENCREC_004";"50";"5028";"Melhus";"2019";303357.66;303336.38;"Yellow";"Yellow"
"ENCREC_004";"50";"5028";"Melhus";"2020";303312.63;303274.02;"Yellow";"Yellow"
"ENCREC_004";"50";"5028";"Melhus";"2021";303332.48;303231.51;"Orange";"Yellow"
"ENCREC_004";"50";"5028";"Melhus";"2022";303317.59;303174.11;"Orange";"Orange"
"ENCREC_004";"50";"5028";"Melhus";"2023";303331.89;303131.01;"Orange";"Orange"
"ENCREC_004";"50";"5028";"Melhus";"2024";303366.25;303122.27;"Orange";"Orange"
"ENCREC_004";"50";"5028";"Melhus";"Endring 2018-2024";NA;-231.439999999944;"NA";"Yellow"
"ENCREC_004";"50";"5029";"Skaun";"2018";86429.94;86429.94;"Yellow";"Yellow"
"ENCREC_004";"50";"5029";"Skaun";"2019";86431.38;86429.94;"Yellow";"Yellow"
"ENCREC_004";"50";"5029";"Skaun";"2020";86412.88;86411.44;"Yellow";"Yellow"
"ENCREC_004";"50";"5029";"Skaun";"2021";86419.61;86399.67;"Yellow";"Yellow"
"ENCREC_004";"50";"5029";"Skaun";"2022";86417.14;86385.43;"Yellow";"Yellow"
"ENCREC_004";"50";"5029";"Skaun";"2023";86319.76;86273.81;"Yellow";"Yellow"
"ENCREC_004";"50";"5029";"Skaun";"2024";86423.57;86266;"Orange";"Yellow"
"ENCREC_004";"50";"5029";"Skaun";"Endring 2018-2024";NA;-163.940000000002;"NA";"Yellow"
"ENCREC_004";"50";"5031";"Malvik";"2018";64991.67;64991.67;"Yellow";"Yellow"
"ENCREC_004";"50";"5031";"Malvik";"2019";64990.95;64990.86;"Yellow";"Yellow"
"ENCREC_004";"50";"5031";"Malvik";"2020";64988.83;64987.93;"Yellow";"Yellow"
"ENCREC_004";"50";"5031";"Malvik";"2021";64977.96;64974.13;"Yellow";"Yellow"
"ENCREC_004";"50";"5031";"Malvik";"2022";64971.07;64953.44;"Yellow";"Yellow"
"ENCREC_004";"50";"5031";"Malvik";"2023";64986.36;64948.04;"Green";"Yellow"
"ENCREC_004";"50";"5031";"Malvik";"2024";64990.23;64946.51;"Yellow";"Yellow"
"ENCREC_004";"50";"5031";"Malvik";"Endring 2018-2024";NA;-45.1600000000035;"NA";"Yellow"
"ENCREC_004";"50";"5033";"Tydal";"2018";710533.19;710533.19;"Yellow";"Yellow"
"ENCREC_004";"50";"5033";"Tydal";"2019";710494.76;710479.36;"Yellow";"Yellow"
"ENCREC_004";"50";"5033";"Tydal";"2020";710521.33;710452.1;"Yellow";"Yellow"
"ENCREC_004";"50";"5033";"Tydal";"2021";710365.68;710269.19;"Yellow";"Yellow"
"ENCREC_004";"50";"5033";"Tydal";"2022";710443.33;710163.93;"Yellow";"Yellow"
"ENCREC_004";"50";"5033";"Tydal";"2023";710492.84;710108.18;"Yellow";"Yellow"
"ENCREC_004";"50";"5033";"Tydal";"2024";710525.98;710085.57;"Orange";"Yellow"
"ENCREC_004";"50";"5033";"Tydal";"Endring 2018-2024";NA;-447.619999999995;"NA";"Yellow"
"ENCREC_004";"50";"5034";"Meråker";"2018";58318.14;58318.14;"Yellow";"Yellow"
"ENCREC_004";"50";"5034";"Meråker";"2019";58314.43;58308.98;"Yellow";"Yellow"
"ENCREC_004";"50";"5034";"Meråker";"2020";58322.64;58308.03;"Yellow";"Yellow"
"ENCREC_004";"50";"5034";"Meråker";"2021";58317.92;58302.36;"Yellow";"Yellow"
"ENCREC_004";"50";"5034";"Meråker";"2022";58313.81;58292.58;"Yellow";"Yellow"
"ENCREC_004";"50";"5034";"Meråker";"2023";58320.08;58289.07;"Yellow";"Yellow"
"ENCREC_004";"50";"5034";"Meråker";"2024";58321.38;58286.86;"Orange";"Yellow"
"ENCREC_004";"50";"5034";"Meråker";"Endring 2018-2024";NA;-31.2800000000061;"NA";"Yellow"
"ENCREC_004";"50";"5035";"Stjørdal";"2018";558061.54;558061.54;"Yellow";"Yellow"
"ENCREC_004";"50";"5035";"Stjørdal";"2019";558080.69;558058.56;"Yellow";"Yellow"
"ENCREC_004";"50";"5035";"Stjørdal";"2020";558058.93;558033.82;"Yellow";"Yellow"
"ENCREC_004";"50";"5035";"Stjørdal";"2021";558037.28;557987.43;"Yellow";"Yellow"
"ENCREC_004";"50";"5035";"Stjørdal";"2022";558023.07;557926.83;"Yellow";"Yellow"
"ENCREC_004";"50";"5035";"Stjørdal";"2023";558043.8;557886.96;"Green";"Yellow"
"ENCREC_004";"50";"5035";"Stjørdal";"2024";558075.35;557878.64;"Yellow";"Yellow"
"ENCREC_004";"50";"5035";"Stjørdal";"Endring 2018-2024";NA;-182.900000000023;"NA";"Yellow"
"ENCREC_004";"50";"5037";"Levanger";"2018";299436.4;299436.4;"Yellow";"Yellow"
"ENCREC_004";"50";"5037";"Levanger";"2019";299437.72;299432.41;"Yellow";"Yellow"
"ENCREC_004";"50";"5037";"Levanger";"2020";299420.2;299410.9;"Yellow";"Yellow"
"ENCREC_004";"50";"5037";"Levanger";"2021";299397.56;299366.75;"Yellow";"Yellow"
"ENCREC_004";"50";"5037";"Levanger";"2022";299428.8;299353.84;"Yellow";"Yellow"
"ENCREC_004";"50";"5037";"Levanger";"2023";299428.11;299340.24;"Yellow";"Yellow"
"ENCREC_004";"50";"5037";"Levanger";"2024";299440.09;299338.62;"Orange";"Yellow"
"ENCREC_004";"50";"5037";"Levanger";"Endring 2018-2024";NA;-97.7800000000279;"NA";"Yellow"
"ENCREC_004";"50";"5038";"Verdal";"2018";1059972.78;1059972.78;"Yellow";"Yellow"
"ENCREC_004";"50";"5038";"Verdal";"2019";1059970.15;1059968.41;"Yellow";"Yellow"
"ENCREC_004";"50";"5038";"Verdal";"2020";1059967.62;1059961.51;"Yellow";"Yellow"
"ENCREC_004";"50";"5038";"Verdal";"2021";1059951.03;1059938.02;"Yellow";"Yellow"
"ENCREC_004";"50";"5038";"Verdal";"2022";1059961.22;1059924.72;"Yellow";"Yellow"
"ENCREC_004";"50";"5038";"Verdal";"2023";1059966.85;1059917.05;"Yellow";"Yellow"
"ENCREC_004";"50";"5038";"Verdal";"2024";1059969.92;1059912.45;"Yellow";"Yellow"
"ENCREC_004";"50";"5038";"Verdal";"Endring 2018-2024";NA;-60.3300000000745;"NA";"Yellow"
"ENCREC_004";"50";"5041";"Snåase/Snåsa";"2018";2341879.55;2341879.55;"Yellow";"Yellow"
"ENCREC_004";"50";"5041";"Snåase/Snåsa";"2019";2341875.17;2341870.37;"Yellow";"Yellow"
"ENCREC_004";"50";"5041";"Snåase/Snåsa";"2020";2341813.84;2341799.86;"Yellow";"Yellow"
"ENCREC_004";"50";"5041";"Snåase/Snåsa";"2021";2341824.3;2341739.81;"Yellow";"Yellow"
"ENCREC_004";"50";"5041";"Snåase/Snåsa";"2022";2341851.16;2341706.62;"Yellow";"Yellow"
"ENCREC_004";"50";"5041";"Snåase/Snåsa";"2023";2341846.38;2341668.65;"Yellow";"Yellow"
"ENCREC_004";"50";"5041";"Snåase/Snåsa";"2024";2341878.06;2341662.36;"Orange";"Yellow"
"ENCREC_004";"50";"5041";"Snåase/Snåsa";"Endring 2018-2024";NA;-217.19000000041;"NA";"Yellow"
"ENCREC_004";"50";"5042";"Lierne";"2018";1544294.86;1544294.86;"Yellow";"Yellow"
"ENCREC_004";"50";"5042";"Lierne";"2019";1544308.32;1544293.2;"Yellow";"Yellow"
"ENCREC_004";"50";"5042";"Lierne";"2020";1544305.3;1544288.52;"Yellow";"Yellow"
"ENCREC_004";"50";"5042";"Lierne";"2021";1544301.31;1544279.85;"Yellow";"Yellow"
"ENCREC_004";"50";"5042";"Lierne";"2022";1544307.72;1544277.59;"Yellow";"Yellow"
"ENCREC_004";"50";"5042";"Lierne";"2023";1544305.59;1544273.2;"Yellow";"Yellow"
"ENCREC_004";"50";"5042";"Lierne";"2024";1544309.93;1544273.15;"Yellow";"Yellow"
"ENCREC_004";"50";"5042";"Lierne";"Endring 2018-2024";NA;-21.7099999999627;"NA";"Yellow"
"ENCREC_004";"50";"5043";"Raarvihke/Røyrvik";"2018";468867.85;468867.85;"Yellow";"Yellow"
"ENCREC_004";"50";"5043";"Raarvihke/Røyrvik";"2019";468867.59;468867.59;"Yellow";"Yellow"
"ENCREC_004";"50";"5043";"Raarvihke/Røyrvik";"2020";468867.85;468867.59;"Yellow";"Yellow"
"ENCREC_004";"50";"5043";"Raarvihke/Røyrvik";"2021";468853.44;468853.18;"Yellow";"Yellow"
"ENCREC_004";"50";"5043";"Raarvihke/Røyrvik";"2022";468860.47;468845.8;"Yellow";"Yellow"
"ENCREC_004";"50";"5043";"Raarvihke/Røyrvik";"2023";468867.13;468845.08;"Yellow";"Yellow"
"ENCREC_004";"50";"5043";"Raarvihke/Røyrvik";"2024";468863.07;468840.3;"Yellow";"Yellow"
"ENCREC_004";"50";"5043";"Raarvihke/Røyrvik";"Endring 2018-2024";NA;-27.5499999999884;"NA";"Yellow"
"ENCREC_004";"50";"5044";"Namsskogan";"2018";65604.35;65604.35;"Yellow";"Yellow"
"ENCREC_004";"50";"5044";"Namsskogan";"2019";65604.35;65604.35;"Yellow";"Yellow"
"ENCREC_004";"50";"5044";"Namsskogan";"2020";65604.35;65604.35;"Yellow";"Yellow"
"ENCREC_004";"50";"5044";"Namsskogan";"2021";65604.35;65604.35;"Yellow";"Yellow"
"ENCREC_004";"50";"5044";"Namsskogan";"2022";65604.35;65604.35;"Yellow";"Yellow"
"ENCREC_004";"50";"5044";"Namsskogan";"2023";65604.35;65604.35;"Green";"Yellow"
"ENCREC_004";"50";"5044";"Namsskogan";"2024";65602.45;65602.45;"Orange";"Yellow"
"ENCREC_004";"50";"5044";"Namsskogan";"Endring 2018-2024";NA;-1.89999999999418;"NA";"Yellow"
"ENCREC_004";"50";"5045";"Grong";"2018";1028714.52;1028714.52;"Yellow";"Yellow"
"ENCREC_004";"50";"5045";"Grong";"2019";1028662.38;1028649.55;"Yellow";"Yellow"
"ENCREC_004";"50";"5045";"Grong";"2020";1028644.23;1028566.43;"Yellow";"Yellow"
"ENCREC_004";"50";"5045";"Grong";"2021";1028620.96;1028460.04;"Yellow";"Yellow"
"ENCREC_004";"50";"5045";"Grong";"2022";1028595.7;1028328.39;"Orange";"Yellow"
"ENCREC_004";"50";"5045";"Grong";"2023";1028540.45;1028141.49;"Yellow";"Yellow"
"ENCREC_004";"50";"5045";"Grong";"2024";1028693.73;1028107.87;"Orange";"Yellow"
"ENCREC_004";"50";"5045";"Grong";"Endring 2018-2024";NA;-606.650000000023;"NA";"Yellow"
"ENCREC_004";"50";"5046";"Høylandet";"2018";128788.31;128788.31;"Yellow";"Yellow"
"ENCREC_004";"50";"5046";"Høylandet";"2019";128787.96;128787.96;"Yellow";"Yellow"
"ENCREC_004";"50";"5046";"Høylandet";"2020";128786.45;128786.1;"Yellow";"Yellow"
"ENCREC_004";"50";"5046";"Høylandet";"2021";128780.28;128778.07;"Yellow";"Yellow"
"ENCREC_004";"50";"5046";"Høylandet";"2022";128788.31;128778.07;"Yellow";"Yellow"
"ENCREC_004";"50";"5046";"Høylandet";"2023";128785.92;128775.68;"Yellow";"Yellow"
"ENCREC_004";"50";"5046";"Høylandet";"2024";128781.4;128768.77;"Yellow";"Yellow"
"ENCREC_004";"50";"5046";"Høylandet";"Endring 2018-2024";NA;-19.5399999999936;"NA";"Yellow"
"ENCREC_004";"50";"5047";"Overhalla";"2018";657516.04;657516.04;"Yellow";"Yellow"
"ENCREC_004";"50";"5047";"Overhalla";"2019";657492.15;657472.72;"Yellow";"Yellow"
"ENCREC_004";"50";"5047";"Overhalla";"2020";657479.29;657416.54;"Yellow";"Yellow"
"ENCREC_004";"50";"5047";"Overhalla";"2021";657483.72;657364.79;"Yellow";"Yellow"
"ENCREC_004";"50";"5047";"Overhalla";"2022";657511.69;657341.01;"Yellow";"Yellow"
"ENCREC_004";"50";"5047";"Overhalla";"2023";657521.45;657326.99;"Yellow";"Yellow"
"ENCREC_004";"50";"5047";"Overhalla";"2024";657525.43;657316.95;"Yellow";"Yellow"
"ENCREC_004";"50";"5047";"Overhalla";"Endring 2018-2024";NA;-199.089999999967;"NA";"Yellow"
"ENCREC_004";"50";"5049";"Flatanger";"2018";10806.43;10806.43;"Yellow";"Yellow"
"ENCREC_004";"50";"5049";"Flatanger";"2019";10803.33;10803.33;"Yellow";"Yellow"
"ENCREC_004";"50";"5049";"Flatanger";"2020";10806.43;10803.33;"Yellow";"Yellow"
"ENCREC_004";"50";"5049";"Flatanger";"2021";10806.43;10803.33;"Yellow";"Yellow"
"ENCREC_004";"50";"5049";"Flatanger";"2022";10806.43;10803.33;"Yellow";"Yellow"
"ENCREC_004";"50";"5049";"Flatanger";"2023";10806.43;10803.33;"Green";"Yellow"
"ENCREC_004";"50";"5049";"Flatanger";"2024";10806.43;10803.33;"Yellow";"Yellow"
"ENCREC_004";"50";"5049";"Flatanger";"Endring 2018-2024";NA;-3.10000000000036;"NA";"Yellow"
"ENCREC_004";"50";"5052";"Leka";"2018";57124.24;57124.24;"Yellow";"Yellow"
"ENCREC_004";"50";"5052";"Leka";"2019";57124.21;57124.21;"Yellow";"Yellow"
"ENCREC_004";"50";"5052";"Leka";"2020";57124.24;57124.21;"Yellow";"Yellow"
"ENCREC_004";"50";"5052";"Leka";"2021";57124.24;57124.21;"Yellow";"Yellow"
"ENCREC_004";"50";"5052";"Leka";"2022";57117.67;57117.64;"Yellow";"Yellow"
"ENCREC_004";"50";"5052";"Leka";"2023";57123.06;57116.46;"Yellow";"Yellow"
"ENCREC_004";"50";"5052";"Leka";"2024";57121.03;57113.25;"Orange";"Yellow"
"ENCREC_004";"50";"5052";"Leka";"Endring 2018-2024";NA;-10.989999999998;"NA";"Yellow"
"ENCREC_004";"50";"5053";"Inderøy";"2018";102627.45;102627.45;"Yellow";"Yellow"
"ENCREC_004";"50";"5053";"Inderøy";"2019";102626.75;102623.7;"Yellow";"Yellow"
"ENCREC_004";"50";"5053";"Inderøy";"2020";102625.57;102618.77;"Yellow";"Yellow"
"ENCREC_004";"50";"5053";"Inderøy";"2021";102601.59;102589.86;"Yellow";"Yellow"
"ENCREC_004";"50";"5053";"Inderøy";"2022";102619.82;102579.18;"Yellow";"Yellow"
"ENCREC_004";"50";"5053";"Inderøy";"2023";102612.08;102560.76;"Green";"Yellow"
"ENCREC_004";"50";"5053";"Inderøy";"2024";102629.53;102559.79;"Yellow";"Yellow"
"ENCREC_004";"50";"5053";"Inderøy";"Endring 2018-2024";NA;-67.6600000000035;"NA";"Yellow"
"ENCREC_004";"50";"5054";"Indre Fosen";"2018";302816.66;302816.66;"Yellow";"Yellow"
"ENCREC_004";"50";"5054";"Indre Fosen";"2019";302806.19;302804.79;"Yellow";"Yellow"
"ENCREC_004";"50";"5054";"Indre Fosen";"2020";302807.75;302794.48;"Yellow";"Yellow"
"ENCREC_004";"50";"5054";"Indre Fosen";"2021";302799.36;302775.78;"Yellow";"Yellow"
"ENCREC_004";"50";"5054";"Indre Fosen";"2022";302797.43;302755.15;"Yellow";"Yellow"
"ENCREC_004";"50";"5054";"Indre Fosen";"2023";302803.36;302740.45;"Green";"Yellow"
"ENCREC_004";"50";"5054";"Indre Fosen";"2024";302809.29;302731.68;"Yellow";"Yellow"
"ENCREC_004";"50";"5054";"Indre Fosen";"Endring 2018-2024";NA;-84.9799999999814;"NA";"Yellow"
"ENCREC_004";"50";"5055";"Heim";"2018";606075.46;606075.46;"Yellow";"Yellow"
"ENCREC_004";"50";"5055";"Heim";"2019";606073.94;606050.41;"Yellow";"Yellow"
"ENCREC_004";"50";"5055";"Heim";"2020";606062.68;606014.1;"Yellow";"Yellow"
"ENCREC_004";"50";"5055";"Heim";"2021";606034.6;605949.71;"Yellow";"Yellow"
"ENCREC_004";"50";"5055";"Heim";"2022";606029.48;605880.2;"Yellow";"Yellow"
"ENCREC_004";"50";"5055";"Heim";"2023";606065.14;605846.35;"Green";"Yellow"
"ENCREC_004";"50";"5055";"Heim";"2024";606082.52;605829.88;"Yellow";"Yellow"
"ENCREC_004";"50";"5055";"Heim";"Endring 2018-2024";NA;-245.579999999958;"NA";"Yellow"
"ENCREC_004";"50";"5056";"Hitra";"2018";237532.86;237532.86;"Yellow";"Yellow"
"ENCREC_004";"50";"5056";"Hitra";"2019";237518.6;237516.05;"Yellow";"Yellow"
"ENCREC_004";"50";"5056";"Hitra";"2020";237532.18;237512.82;"Yellow";"Yellow"
"ENCREC_004";"50";"5056";"Hitra";"2021";237517.87;237495.28;"Orange";"Yellow"
"ENCREC_004";"50";"5056";"Hitra";"2022";237535.01;237494.88;"Orange";"Yellow"
"ENCREC_004";"50";"5056";"Hitra";"2023";237532.9;237492.37;"Orange";"Yellow"
"ENCREC_004";"50";"5056";"Hitra";"2024";237534.83;237491.79;"Orange";"Orange"
"ENCREC_004";"50";"5056";"Hitra";"Endring 2018-2024";NA;-41.070000000007;"NA";"Yellow"
"ENCREC_004";"50";"5057";"Ørland";"2018";206943.04;206943.04;"Yellow";"Yellow"
"ENCREC_004";"50";"5057";"Ørland";"2019";207030.47;206902.94;"Yellow";"Yellow"
"ENCREC_004";"50";"5057";"Ørland";"2020";207010.04;206842.41;"Yellow";"Yellow"
"ENCREC_004";"50";"5057";"Ørland";"2021";207052.17;206824.01;"Yellow";"Yellow"
"ENCREC_004";"50";"5057";"Ørland";"2022";207038.27;206791.71;"Yellow";"Yellow"
"ENCREC_004";"50";"5057";"Ørland";"2023";207039.29;206760.43;"Yellow";"Yellow"
"ENCREC_004";"50";"5057";"Ørland";"2024";207061.81;206751.67;"Yellow";"Yellow"
"ENCREC_004";"50";"5057";"Ørland";"Endring 2018-2024";NA;-191.369999999995;"NA";"Yellow"
"ENCREC_004";"50";"5058";"Åfjord";"2018";519284.73;519284.73;"Yellow";"Yellow"
"ENCREC_004";"50";"5058";"Åfjord";"2019";519252.12;519134.86;"Yellow";"Yellow"
"ENCREC_004";"50";"5058";"Åfjord";"2020";519393.5;519126.37;"Yellow";"Yellow"
"ENCREC_004";"50";"5058";"Åfjord";"2021";519391.44;519115.82;"Orange";"Yellow"
"ENCREC_004";"50";"5058";"Åfjord";"2022";519401.68;519115.51;"Orange";"Yellow"
"ENCREC_004";"50";"5058";"Åfjord";"2023";519331.35;519044.87;"Orange";"Yellow"
"ENCREC_004";"50";"5058";"Åfjord";"2024";519388.55;519031.43;"Orange";"Yellow"
"ENCREC_004";"50";"5058";"Åfjord";"Endring 2018-2024";NA;-253.299999999988;"NA";"Yellow"
"ENCREC_004";"50";"5059";"Orkland";"2018";533023.13;533023.13;"Yellow";"Yellow"
"ENCREC_004";"50";"5059";"Orkland";"2019";532880;532834.51;"Yellow";"Yellow"
"ENCREC_004";"50";"5059";"Orkland";"2020";532970.5;532736.39;"Yellow";"Yellow"
"ENCREC_004";"50";"5059";"Orkland";"2021";533038.9;532706.67;"Yellow";"Yellow"
"ENCREC_004";"50";"5059";"Orkland";"2022";532976.95;532615;"Yellow";"Yellow"
"ENCREC_004";"50";"5059";"Orkland";"2023";532939.89;532486.27;"Green";"Yellow"
"ENCREC_004";"50";"5059";"Orkland";"2024";533050.45;532468.1;"Yellow";"Yellow"
"ENCREC_004";"50";"5059";"Orkland";"Endring 2018-2024";NA;-555.030000000028;"NA";"Yellow"
"ENCREC_004";"50";"5060";"Nærøysund";"2018";395909.03;395909.03;"Yellow";"Yellow"
"ENCREC_004";"50";"5060";"Nærøysund";"2019";395910.35;395899.27;"Yellow";"Yellow"
"ENCREC_004";"50";"5060";"Nærøysund";"2020";395882.48;395861.64;"Yellow";"Yellow"
"ENCREC_004";"50";"5060";"Nærøysund";"2021";395890.06;395831.59;"Yellow";"Yellow"
"ENCREC_004";"50";"5060";"Nærøysund";"2022";395887.67;395799.15;"Yellow";"Yellow"
"ENCREC_004";"50";"5060";"Nærøysund";"2023";395903.75;395782.79;"Yellow";"Yellow"
"ENCREC_004";"50";"5060";"Nærøysund";"2024";395897.28;395759.96;"Yellow";"Yellow"
"ENCREC_004";"50";"5060";"Nærøysund";"Endring 2018-2024";NA;-149.070000000007;"NA";"Yellow"
"ENCREC_004";"50";"5061";"Rindal";"2018";102558.26;102558.26;"Yellow";"Yellow"
"ENCREC_004";"50";"5061";"Rindal";"2019";102561.74;102556.12;"Yellow";"Yellow"
"ENCREC_004";"50";"5061";"Rindal";"2020";102558.15;102550.39;"Yellow";"Yellow"
"ENCREC_004";"50";"5061";"Rindal";"2021";102555.21;102541.72;"Yellow";"Yellow"
"ENCREC_004";"50";"5061";"Rindal";"2022";102554.23;102532.07;"Yellow";"Yellow"
"ENCREC_004";"50";"5061";"Rindal";"2023";102545.22;102513.41;"Yellow";"Yellow"
"ENCREC_004";"50";"5061";"Rindal";"2024";102563.15;102512.68;"Yellow";"Yellow"
"ENCREC_004";"50";"5061";"Rindal";"Endring 2018-2024";NA;-45.5800000000017;"NA";"Yellow"
"ENCREC_004";"55";"5501";"Tromsø";"2018";1232171.98;1232171.98;"Yellow";"Yellow"
"ENCREC_004";"55";"5501";"Tromsø";"2019";1232156.93;1232155.23;"Yellow";"Yellow"
"ENCREC_004";"55";"5501";"Tromsø";"2020";1232151.43;1232132.98;"Yellow";"Yellow"
"ENCREC_004";"55";"5501";"Tromsø";"2021";1232123.22;1232082.52;"Yellow";"Yellow"
"ENCREC_004";"55";"5501";"Tromsø";"2022";1232146.89;1232055.73;"Yellow";"Yellow"
"ENCREC_004";"55";"5501";"Tromsø";"2023";1232160.93;1232042.98;"Green";"Yellow"
"ENCREC_004";"55";"5501";"Tromsø";"2024";1232113.55;1231982.85;"Yellow";"Yellow"
"ENCREC_004";"55";"5501";"Tromsø";"Endring 2018-2024";NA;-189.130000000121;"NA";"Yellow"
"ENCREC_004";"55";"5503";"Harstad/Hárstták";"2018";129153.12;129153.12;"Yellow";"Yellow"
"ENCREC_004";"55";"5503";"Harstad/Hárstták";"2019";129130.33;129128.69;"Yellow";"Yellow"
"ENCREC_004";"55";"5503";"Harstad/Hárstták";"2020";129140.06;129113.99;"Yellow";"Yellow"
"ENCREC_004";"55";"5503";"Harstad/Hárstták";"2021";129140.74;129099.97;"Yellow";"Yellow"
"ENCREC_004";"55";"5503";"Harstad/Hárstták";"2022";129135.6;129080.81;"Yellow";"Yellow"
"ENCREC_004";"55";"5503";"Harstad/Hárstták";"2023";129138.24;129064.29;"Green";"Yellow"
"ENCREC_004";"55";"5503";"Harstad/Hárstták";"2024";129102.63;129012.16;"Yellow";"Yellow"
"ENCREC_004";"55";"5503";"Harstad/Hárstták";"Endring 2018-2024";NA;-140.960000000006;"NA";"Yellow"
"ENCREC_004";"55";"5510";"Kvæfjord";"2018";103894.57;103894.57;"Yellow";"Yellow"
"ENCREC_004";"55";"5510";"Kvæfjord";"2019";103894.57;103894.57;"Yellow";"Yellow"
"ENCREC_004";"55";"5510";"Kvæfjord";"2020";103894.57;103894.57;"Yellow";"Yellow"
"ENCREC_004";"55";"5510";"Kvæfjord";"2021";103894.52;103894.52;"Orange";"Yellow"
"ENCREC_004";"55";"5510";"Kvæfjord";"2022";103894.57;103894.52;"Yellow";"Yellow"
"ENCREC_004";"55";"5510";"Kvæfjord";"2023";103894.57;103894.52;"Green";"Yellow"
"ENCREC_004";"55";"5510";"Kvæfjord";"2024";103884.74;103884.69;"Orange";"Yellow"
"ENCREC_004";"55";"5510";"Kvæfjord";"Endring 2018-2024";NA;-9.88000000000466;"NA";"Yellow"
"ENCREC_004";"55";"5512";"Dielddanuorri/Tjeldsund";"2018";547869.73;547869.73;"Yellow";"Yellow"
"ENCREC_004";"55";"5512";"Dielddanuorri/Tjeldsund";"2019";547867.85;547867.63;"Yellow";"Yellow"
"ENCREC_004";"55";"5512";"Dielddanuorri/Tjeldsund";"2020";547863.34;547861.02;"Yellow";"Yellow"
"ENCREC_004";"55";"5512";"Dielddanuorri/Tjeldsund";"2021";547858.21;547849.28;"Yellow";"Yellow"
"ENCREC_004";"55";"5512";"Dielddanuorri/Tjeldsund";"2022";547835.52;547814.85;"Orange";"Yellow"
"ENCREC_004";"55";"5512";"Dielddanuorri/Tjeldsund";"2023";547809.67;547754.57;"Yellow";"Yellow"
"ENCREC_004";"55";"5512";"Dielddanuorri/Tjeldsund";"2024";547443.19;547327.81;"Orange";"Orange"
"ENCREC_004";"55";"5512";"Dielddanuorri/Tjeldsund";"Endring 2018-2024";NA;-541.920000000042;"NA";"Yellow"
"ENCREC_004";"55";"5516";"Gratangen";"2018";221574.68;221574.68;"Yellow";"Yellow"
"ENCREC_004";"55";"5516";"Gratangen";"2019";221574.57;221574.46;"Yellow";"Yellow"
"ENCREC_004";"55";"5516";"Gratangen";"2020";221574.11;221573.78;"Orange";"Yellow"
"ENCREC_004";"55";"5516";"Gratangen";"2021";221571.66;221570.65;"Orange";"Yellow"
"ENCREC_004";"55";"5516";"Gratangen";"2022";221572.88;221568.74;"Orange";"Yellow"
"ENCREC_004";"55";"5516";"Gratangen";"2023";221574.79;221568.74;"Green";"Yellow"
"ENCREC_004";"55";"5516";"Gratangen";"2024";221572.92;221566.87;"Orange";"Yellow"
"ENCREC_004";"55";"5516";"Gratangen";"Endring 2018-2024";NA;-7.81000000002678;"NA";"Yellow"
"ENCREC_004";"55";"5518";"Loabák/Lavangen";"2018";204563.25;204563.25;"Yellow";"Yellow"
"ENCREC_004";"55";"5518";"Loabák/Lavangen";"2019";204563.25;204563.25;"Yellow";"Yellow"
"ENCREC_004";"55";"5518";"Loabák/Lavangen";"2020";204563.25;204563.25;"Yellow";"Yellow"
"ENCREC_004";"55";"5518";"Loabák/Lavangen";"2021";204563.25;204563.25;"Yellow";"Yellow"
"ENCREC_004";"55";"5518";"Loabák/Lavangen";"2022";204563.25;204563.25;"Yellow";"Yellow"
"ENCREC_004";"55";"5518";"Loabák/Lavangen";"2023";204563.25;204563.25;"Green";"Yellow"
"ENCREC_004";"55";"5518";"Loabák/Lavangen";"2024";204562.66;204562.66;"Orange";"Yellow"
"ENCREC_004";"55";"5518";"Loabák/Lavangen";"Endring 2018-2024";NA;-0.589999999996508;"NA";"Yellow"
"ENCREC_004";"55";"5520";"Bardu";"2018";1315422.14;1315422.14;"Yellow";"Yellow"
"ENCREC_004";"55";"5520";"Bardu";"2019";1315416.82;1315416.38;"Yellow";"Yellow"
"ENCREC_004";"55";"5520";"Bardu";"2020";1315421.96;1315415.76;"Yellow";"Yellow"
"ENCREC_004";"55";"5520";"Bardu";"2021";1315422.14;1315415.32;"Yellow";"Yellow"
"ENCREC_004";"55";"5520";"Bardu";"2022";1315412.02;1315404.76;"Yellow";"Yellow"
"ENCREC_004";"55";"5520";"Bardu";"2023";1315420.62;1315402.8;"Green";"Yellow"
"ENCREC_004";"55";"5520";"Bardu";"2024";1315420.38;1315400.6;"Yellow";"Yellow"
"ENCREC_004";"55";"5520";"Bardu";"Endring 2018-2024";NA;-21.5400000000373;"NA";"Yellow"
"ENCREC_004";"55";"5522";"Salangen";"2018";160947.9;160947.9;"Yellow";"Yellow"
"ENCREC_004";"55";"5522";"Salangen";"2019";160947.9;160947.9;"Yellow";"Yellow"
"ENCREC_004";"55";"5522";"Salangen";"2020";160947.9;160947.9;"Yellow";"Yellow"
"ENCREC_004";"55";"5522";"Salangen";"2021";160947.9;160947.9;"Yellow";"Yellow"
"ENCREC_004";"55";"5522";"Salangen";"2022";160942.5;160942.5;"Orange";"Yellow"
"ENCREC_004";"55";"5522";"Salangen";"2023";160946.71;160941.31;"Orange";"Orange"
"ENCREC_004";"55";"5522";"Salangen";"2024";160946.38;160939.79;"Orange";"Orange"
"ENCREC_004";"55";"5522";"Salangen";"Endring 2018-2024";NA;-8.10999999998603;"NA";"Yellow"
"ENCREC_004";"55";"5524";"Målselv";"2018";1586196.79;1586196.79;"Yellow";"Yellow"
"ENCREC_004";"55";"5524";"Målselv";"2019";1586197.36;1586196.16;"Yellow";"Yellow"
"ENCREC_004";"55";"5524";"Målselv";"2020";1586197.59;1586195.76;"Yellow";"Yellow"
"ENCREC_004";"55";"5524";"Målselv";"2021";1586193.63;1586191.4;"Yellow";"Yellow"
"ENCREC_004";"55";"5524";"Målselv";"2022";1586195.22;1586188.63;"Yellow";"Yellow"
"ENCREC_004";"55";"5524";"Målselv";"2023";1586179.56;1586170.2;"Green";"Yellow"
"ENCREC_004";"55";"5524";"Målselv";"2024";1586194.69;1586166.9;"Yellow";"Yellow"
"ENCREC_004";"55";"5524";"Målselv";"Endring 2018-2024";NA;-29.8900000001304;"NA";"Yellow"
"ENCREC_004";"55";"5526";"Sørreisa";"2018";179209.43;179209.43;"Yellow";"Yellow"
"ENCREC_004";"55";"5526";"Sørreisa";"2019";179209.5;179209.43;"Yellow";"Yellow"
"ENCREC_004";"55";"5526";"Sørreisa";"2020";179204.08;179204.01;"Yellow";"Yellow"
"ENCREC_004";"55";"5526";"Sørreisa";"2021";179209.04;179203.55;"Yellow";"Yellow"
"ENCREC_004";"55";"5526";"Sørreisa";"2022";179209.5;179203.55;"Yellow";"Yellow"
"ENCREC_004";"55";"5526";"Sørreisa";"2023";179209.5;179203.55;"Green";"Yellow"
"ENCREC_004";"55";"5526";"Sørreisa";"2024";179209.5;179203.55;"Yellow";"Yellow"
"ENCREC_004";"55";"5526";"Sørreisa";"Endring 2018-2024";NA;-5.88000000000466;"NA";"Yellow"
"ENCREC_004";"55";"5530";"Senja";"2018";821437.4;821437.4;"Yellow";"Yellow"
"ENCREC_004";"55";"5530";"Senja";"2019";821408.21;821408.14;"Yellow";"Yellow"
"ENCREC_004";"55";"5530";"Senja";"2020";821416.67;821387.34;"Yellow";"Yellow"
"ENCREC_004";"55";"5530";"Senja";"2021";821377.7;821327.57;"Yellow";"Yellow"
"ENCREC_004";"55";"5530";"Senja";"2022";821407.74;821297.84;"Yellow";"Yellow"
"ENCREC_004";"55";"5530";"Senja";"2023";821434.07;821294.44;"Yellow";"Yellow"
"ENCREC_004";"55";"5530";"Senja";"2024";821436.93;821293.9;"Yellow";"Yellow"
"ENCREC_004";"55";"5530";"Senja";"Endring 2018-2024";NA;-143.5;"NA";"Yellow"
"ENCREC_004";"55";"5532";"Balsfjord";"2018";885232.94;885232.94;"Yellow";"Yellow"
"ENCREC_004";"55";"5532";"Balsfjord";"2019";885222.88;885222.46;"Yellow";"Yellow"
"ENCREC_004";"55";"5532";"Balsfjord";"2020";885222.52;885211.62;"Yellow";"Yellow"
"ENCREC_004";"55";"5532";"Balsfjord";"2021";885216.42;885194.68;"Yellow";"Yellow"
"ENCREC_004";"55";"5532";"Balsfjord";"2022";885226.53;885187.85;"Yellow";"Yellow"
"ENCREC_004";"55";"5532";"Balsfjord";"2023";885220.2;885174.69;"Green";"Yellow"
"ENCREC_004";"55";"5532";"Balsfjord";"2024";885232.96;885174.29;"Yellow";"Yellow"
"ENCREC_004";"55";"5532";"Balsfjord";"Endring 2018-2024";NA;-58.6499999999069;"NA";"Yellow"
"ENCREC_004";"55";"5534";"Karlsøy";"2018";531425.12;531425.12;"Yellow";"Yellow"
"ENCREC_004";"55";"5534";"Karlsøy";"2019";531427.11;531423.61;"Yellow";"Yellow"
"ENCREC_004";"55";"5534";"Karlsøy";"2020";531428.59;531423.58;"Yellow";"Yellow"
"ENCREC_004";"55";"5534";"Karlsøy";"2021";531428.47;531423.43;"Yellow";"Yellow"
"ENCREC_004";"55";"5534";"Karlsøy";"2022";531422.92;531417.73;"Yellow";"Yellow"
"ENCREC_004";"55";"5534";"Karlsøy";"2023";531428.26;531417.37;"Green";"Yellow"
"ENCREC_004";"55";"5534";"Karlsøy";"2024";531428.62;531417.37;"Yellow";"Yellow"
"ENCREC_004";"55";"5534";"Karlsøy";"Endring 2018-2024";NA;-7.75;"NA";"Yellow"
"ENCREC_004";"55";"5536";"Lyngen";"2018";434687.05;434687.05;"Yellow";"Yellow"
"ENCREC_004";"55";"5536";"Lyngen";"2019";434684.36;434684.04;"Yellow";"Yellow"
"ENCREC_004";"55";"5536";"Lyngen";"2020";434673.38;434670.05;"Yellow";"Yellow"
"ENCREC_004";"55";"5536";"Lyngen";"2021";434677.05;434659.73;"Yellow";"Yellow"
"ENCREC_004";"55";"5536";"Lyngen";"2022";434682.65;434655.01;"Yellow";"Yellow"
"ENCREC_004";"55";"5536";"Lyngen";"2023";434677.07;434644.71;"Green";"Yellow"
"ENCREC_004";"55";"5536";"Lyngen";"2024";434679.14;434636.48;"Yellow";"Yellow"
"ENCREC_004";"55";"5536";"Lyngen";"Endring 2018-2024";NA;-50.570000000007;"NA";"Yellow"
"ENCREC_004";"55";"5538";"Storfjord/Omasvuotna/Omasvuono";"2018";459687.77;459687.77;"Yellow";"Yellow"
"ENCREC_004";"55";"5538";"Storfjord/Omasvuotna/Omasvuono";"2019";459703.74;459663.88;"Yellow";"Yellow"
"ENCREC_004";"55";"5538";"Storfjord/Omasvuotna/Omasvuono";"2020";459624.68;459560.93;"Yellow";"Yellow"
"ENCREC_004";"55";"5538";"Storfjord/Omasvuotna/Omasvuono";"2021";459706.36;459539.66;"Yellow";"Yellow"
"ENCREC_004";"55";"5538";"Storfjord/Omasvuotna/Omasvuono";"2022";459709.66;459521.69;"Yellow";"Yellow"
"ENCREC_004";"55";"5538";"Storfjord/Omasvuotna/Omasvuono";"2023";459725.29;459519.35;"Yellow";"Yellow"
"ENCREC_004";"55";"5538";"Storfjord/Omasvuotna/Omasvuono";"2024";459727.09;459518.81;"Yellow";"Yellow"
"ENCREC_004";"55";"5538";"Storfjord/Omasvuotna/Omasvuono";"Endring 2018-2024";NA;-168.960000000021;"NA";"Yellow"
"ENCREC_004";"55";"5540";"Gáivuotna/Kåfjord/Kaivuono";"2018";272366.34;272366.34;"Yellow";"Yellow"
"ENCREC_004";"55";"5540";"Gáivuotna/Kåfjord/Kaivuono";"2019";272364.41;272355.75;"Yellow";"Yellow"
"ENCREC_004";"55";"5540";"Gáivuotna/Kåfjord/Kaivuono";"2020";272344.65;272325.4;"Yellow";"Yellow"
"ENCREC_004";"55";"5540";"Gáivuotna/Kåfjord/Kaivuono";"2021";272352.92;272303.32;"Yellow";"Yellow"
"ENCREC_004";"55";"5540";"Gáivuotna/Kåfjord/Kaivuono";"2022";272364.82;272293.14;"Yellow";"Yellow"
"ENCREC_004";"55";"5540";"Gáivuotna/Kåfjord/Kaivuono";"2023";272277.53;272195.67;"Yellow";"Yellow"
"ENCREC_004";"55";"5540";"Gáivuotna/Kåfjord/Kaivuono";"2024";272369.53;272190.2;"Orange";"Yellow"
"ENCREC_004";"55";"5540";"Gáivuotna/Kåfjord/Kaivuono";"Endring 2018-2024";NA;-176.140000000014;"NA";"Yellow"
"ENCREC_004";"55";"5542";"Skjervøy";"2018";202870.2;202870.2;"Yellow";"Yellow"
"ENCREC_004";"55";"5542";"Skjervøy";"2019";202877.69;202867.79;"Yellow";"Yellow"
"ENCREC_004";"55";"5542";"Skjervøy";"2020";202880.1;202867.79;"Yellow";"Yellow"
"ENCREC_004";"55";"5542";"Skjervøy";"2021";202875.45;202863.14;"Yellow";"Yellow"
"ENCREC_004";"55";"5542";"Skjervøy";"2022";202848.84;202831.88;"Yellow";"Yellow"
"ENCREC_004";"55";"5542";"Skjervøy";"2023";202857.84;202809.62;"Yellow";"Yellow"
"ENCREC_004";"55";"5542";"Skjervøy";"2024";202877.6;202807.12;"Orange";"Yellow"
"ENCREC_004";"55";"5542";"Skjervøy";"Endring 2018-2024";NA;-63.0800000000163;"NA";"Yellow"
"ENCREC_004";"55";"5544";"Nordreisa/Ráisa/Raisi";"2018";1728699.7;1728699.7;"Yellow";"Yellow"
"ENCREC_004";"55";"5544";"Nordreisa/Ráisa/Raisi";"2019";1728697.49;1728695.4;"Yellow";"Yellow"
"ENCREC_004";"55";"5544";"Nordreisa/Ráisa/Raisi";"2020";1728687.9;1728681.51;"Yellow";"Yellow"
"ENCREC_004";"55";"5544";"Nordreisa/Ráisa/Raisi";"2021";1728686.03;1728665.75;"Yellow";"Yellow"
"ENCREC_004";"55";"5544";"Nordreisa/Ráisa/Raisi";"2022";1728637.01;1728600.97;"Yellow";"Yellow"
"ENCREC_004";"55";"5544";"Nordreisa/Ráisa/Raisi";"2023";1728569.76;1728468.94;"Yellow";"Yellow"
"ENCREC_004";"55";"5544";"Nordreisa/Ráisa/Raisi";"2024";1728677.26;1728444.41;"Yellow";"Yellow"
"ENCREC_004";"55";"5544";"Nordreisa/Ráisa/Raisi";"Endring 2018-2024";NA;-255.289999999804;"NA";"Yellow"
"ENCREC_004";"55";"5546";"Kvænangen";"2018";457572.53;457572.53;"Yellow";"Yellow"
"ENCREC_004";"55";"5546";"Kvænangen";"2019";457572.32;457572.32;"Yellow";"Yellow"
"ENCREC_004";"55";"5546";"Kvænangen";"2020";457572.53;457572.32;"Yellow";"Yellow"
"ENCREC_004";"55";"5546";"Kvænangen";"2021";457563.89;457563.68;"Yellow";"Yellow"
"ENCREC_004";"55";"5546";"Kvænangen";"2022";457519.02;457510.17;"Yellow";"Yellow"
"ENCREC_004";"55";"5546";"Kvænangen";"2023";457545.64;457483.28;"Yellow";"Yellow"
"ENCREC_004";"55";"5546";"Kvænangen";"2024";457567.69;457478.44;"Yellow";"Yellow"
"ENCREC_004";"55";"5546";"Kvænangen";"Endring 2018-2024";NA;-94.0900000000256;"NA";"Yellow"
"ENCREC_004";"56";"5601";"Alta";"2018";489092.9;489092.9;"Yellow";"Yellow"
"ENCREC_004";"56";"5601";"Alta";"2019";489077.63;489070.5;"Yellow";"Yellow"
"ENCREC_004";"56";"5601";"Alta";"2020";489067.51;489037.98;"Yellow";"Yellow"
"ENCREC_004";"56";"5601";"Alta";"2021";489030.6;488968.55;"Yellow";"Yellow"
"ENCREC_004";"56";"5601";"Alta";"2022";489062.1;488930.62;"Yellow";"Yellow"
"ENCREC_004";"56";"5601";"Alta";"2023";489036.69;488867.28;"Yellow";"Yellow"
"ENCREC_004";"56";"5601";"Alta";"2024";489084.95;488852.2;"Yellow";"Yellow"
"ENCREC_004";"56";"5601";"Alta";"Endring 2018-2024";NA;-240.700000000012;"NA";"Yellow"
"ENCREC_004";"56";"5603";"Hammerfest/Hámmerfeasta";"2018";743882.74;743882.74;"Yellow";"Yellow"
"ENCREC_004";"56";"5603";"Hammerfest/Hámmerfeasta";"2019";743883.98;743879.89;"Yellow";"Yellow"
"ENCREC_004";"56";"5603";"Hammerfest/Hámmerfeasta";"2020";743882.39;743875.45;"Yellow";"Yellow"
"ENCREC_004";"56";"5603";"Hammerfest/Hámmerfeasta";"2021";743885.24;743873.86;"Yellow";"Yellow"
"ENCREC_004";"56";"5603";"Hammerfest/Hámmerfeasta";"2022";743885.54;743872.57;"Yellow";"Yellow"
"ENCREC_004";"56";"5603";"Hammerfest/Hámmerfeasta";"2023";743886.83;743872.57;"Green";"Yellow"
"ENCREC_004";"56";"5603";"Hammerfest/Hámmerfeasta";"2024";743882.34;743868.08;"Yellow";"Yellow"
"ENCREC_004";"56";"5603";"Hammerfest/Hámmerfeasta";"Endring 2018-2024";NA;-14.6600000000326;"NA";"Yellow"
"ENCREC_004";"56";"5605";"Sør-Varanger";"2018";615168.69;615168.69;"Yellow";"Yellow"
"ENCREC_004";"56";"5605";"Sør-Varanger";"2019";615168.33;615168.31;"Yellow";"Yellow"
"ENCREC_004";"56";"5605";"Sør-Varanger";"2020";615158.67;615158.27;"Yellow";"Yellow"
"ENCREC_004";"56";"5605";"Sør-Varanger";"2021";615153.09;615142.65;"Yellow";"Yellow"
"ENCREC_004";"56";"5605";"Sør-Varanger";"2022";615132.2;615106.14;"Yellow";"Yellow"
"ENCREC_004";"56";"5605";"Sør-Varanger";"2023";615126.39;615063.82;"Yellow";"Yellow"
"ENCREC_004";"56";"5605";"Sør-Varanger";"2024";615168.32;615063.43;"Yellow";"Yellow"
"ENCREC_004";"56";"5605";"Sør-Varanger";"Endring 2018-2024";NA;-105.260000000009;"NA";"Yellow"
"ENCREC_004";"56";"5607";"Vadsø";"2018";232450.19;232450.19;"Yellow";"Yellow"
"ENCREC_004";"56";"5607";"Vadsø";"2019";232449.43;232448.32;"Yellow";"Yellow"
"ENCREC_004";"56";"5607";"Vadsø";"2020";232450.81;232447.83;"Yellow";"Yellow"
"ENCREC_004";"56";"5607";"Vadsø";"2021";232445.66;232442.19;"Yellow";"Yellow"
"ENCREC_004";"56";"5607";"Vadsø";"2022";232442.26;232433.15;"Yellow";"Yellow"
"ENCREC_004";"56";"5607";"Vadsø";"2023";232447.26;232429.11;"Yellow";"Yellow"
"ENCREC_004";"56";"5607";"Vadsø";"2024";232448.65;232426.46;"Orange";"Yellow"
"ENCREC_004";"56";"5607";"Vadsø";"Endring 2018-2024";NA;-23.7300000000105;"NA";"Yellow"
"ENCREC_004";"56";"5612";"Guovdageaidnu/Kautokeino";"2018";1286041.01;1286041.01;"Yellow";"Yellow"
"ENCREC_004";"56";"5612";"Guovdageaidnu/Kautokeino";"2019";1286036.56;1286036.27;"Yellow";"Yellow"
"ENCREC_004";"56";"5612";"Guovdageaidnu/Kautokeino";"2020";1286041.3;1286036.27;"Yellow";"Yellow"
"ENCREC_004";"56";"5612";"Guovdageaidnu/Kautokeino";"2021";1286038.24;1286033.21;"Yellow";"Yellow"
"ENCREC_004";"56";"5612";"Guovdageaidnu/Kautokeino";"2022";1286034.38;1286026.29;"Yellow";"Yellow"
"ENCREC_004";"56";"5612";"Guovdageaidnu/Kautokeino";"2023";1286036.59;1286021.58;"Yellow";"Yellow"
"ENCREC_004";"56";"5612";"Guovdageaidnu/Kautokeino";"2024";1286033.57;1286013.85;"Yellow";"Yellow"
"ENCREC_004";"56";"5612";"Guovdageaidnu/Kautokeino";"Endring 2018-2024";NA;-27.1599999999162;"NA";"Yellow"
"ENCREC_004";"56";"5614";"Loppa";"2018";211504.74;211504.74;"Yellow";"Yellow"
"ENCREC_004";"56";"5614";"Loppa";"2019";211504.67;211504.67;"Yellow";"Yellow"
"ENCREC_004";"56";"5614";"Loppa";"2020";211504.74;211504.67;"Yellow";"Yellow"
"ENCREC_004";"56";"5614";"Loppa";"2021";211504.74;211504.67;"Yellow";"Yellow"
"ENCREC_004";"56";"5614";"Loppa";"2022";211504.74;211504.67;"Yellow";"Yellow"
"ENCREC_004";"56";"5614";"Loppa";"2023";211503.24;211503.17;"Green";"Yellow"
"ENCREC_004";"56";"5614";"Loppa";"2024";211503.61;211502.04;"Yellow";"Yellow"
"ENCREC_004";"56";"5614";"Loppa";"Endring 2018-2024";NA;-2.70000000001164;"NA";"Yellow"
"ENCREC_004";"56";"5616";"Hasvik";"2018";10847.62;10847.62;"Yellow";"Yellow"
"ENCREC_004";"56";"5616";"Hasvik";"2019";10847.32;10847.32;"Yellow";"Yellow"
"ENCREC_004";"56";"5616";"Hasvik";"2020";10847.62;10847.32;"Yellow";"Yellow"
"ENCREC_004";"56";"5616";"Hasvik";"2021";10847.62;10847.32;"Yellow";"Yellow"
"ENCREC_004";"56";"5616";"Hasvik";"2022";10847.62;10847.32;"Yellow";"Yellow"
"ENCREC_004";"56";"5616";"Hasvik";"2023";10847.62;10847.32;"Green";"Yellow"
"ENCREC_004";"56";"5616";"Hasvik";"2024";10847.62;10847.32;"Yellow";"Yellow"
"ENCREC_004";"56";"5616";"Hasvik";"Endring 2018-2024";NA;-0.299999999999272;"NA";"Yellow"
"ENCREC_004";"56";"5618";"Måsøy";"2018";182222.31;182222.31;"Yellow";"Yellow"
"ENCREC_004";"56";"5618";"Måsøy";"2019";182222.17;182222.17;"Yellow";"Yellow"
"ENCREC_004";"56";"5618";"Måsøy";"2020";182189.21;182189.07;"Yellow";"Yellow"
"ENCREC_004";"56";"5618";"Måsøy";"2021";182217.55;182184.31;"Yellow";"Yellow"
"ENCREC_004";"56";"5618";"Måsøy";"2022";182221.85;182183.85;"Yellow";"Yellow"
"ENCREC_004";"56";"5618";"Måsøy";"2023";182221.72;182183.26;"Green";"Yellow"
"ENCREC_004";"56";"5618";"Måsøy";"2024";182222.31;182183.26;"Yellow";"Yellow"
"ENCREC_004";"56";"5618";"Måsøy";"Endring 2018-2024";NA;-39.0499999999884;"NA";"Yellow"
"ENCREC_004";"56";"5620";"Nordkapp";"2018";100578.43;100578.43;"Yellow";"Yellow"
"ENCREC_004";"56";"5620";"Nordkapp";"2019";100578.36;100578.3;"Yellow";"Yellow"
"ENCREC_004";"56";"5620";"Nordkapp";"2020";100573.35;100573.16;"Yellow";"Yellow"
"ENCREC_004";"56";"5620";"Nordkapp";"2021";100575.41;100570.08;"Yellow";"Yellow"
"ENCREC_004";"56";"5620";"Nordkapp";"2022";100577.6;100569.19;"Yellow";"Yellow"
"ENCREC_004";"56";"5620";"Nordkapp";"2023";100578.49;100569.19;"Green";"Yellow"
"ENCREC_004";"56";"5620";"Nordkapp";"2024";100578.27;100568.97;"Yellow";"Yellow"
"ENCREC_004";"56";"5620";"Nordkapp";"Endring 2018-2024";NA;-9.4600000000064;"NA";"Yellow"
"ENCREC_004";"56";"5622";"Porsanger/Porsáŋgu/Porsanki";"2018";2302430.93;2302430.93;"Yellow";"Yellow"
"ENCREC_004";"56";"5622";"Porsanger/Porsáŋgu/Porsanki";"2019";2302387.59;2302379.65;"Yellow";"Yellow"
"ENCREC_004";"56";"5622";"Porsanger/Porsáŋgu/Porsanki";"2020";2302424.51;2302365.29;"Yellow";"Yellow"
"ENCREC_004";"56";"5622";"Porsanger/Porsáŋgu/Porsanki";"2021";2302428.7;2302355.12;"Yellow";"Yellow"
"ENCREC_004";"56";"5622";"Porsanger/Porsáŋgu/Porsanki";"2022";2302423.33;2302339.58;"Yellow";"Yellow"
"ENCREC_004";"56";"5622";"Porsanger/Porsáŋgu/Porsanki";"2023";2302435.66;2302336.37;"Yellow";"Yellow"
"ENCREC_004";"56";"5622";"Porsanger/Porsáŋgu/Porsanki";"2024";2302435.76;2302333.26;"Yellow";"Yellow"
"ENCREC_004";"56";"5622";"Porsanger/Porsáŋgu/Porsanki";"Endring 2018-2024";NA;-97.6699999999255;"NA";"Yellow"
"ENCREC_004";"56";"5624";"Lebesby";"2018";26623.08;26623.08;"Yellow";"Yellow"
"ENCREC_004";"56";"5624";"Lebesby";"2019";26623.08;26623.08;"Yellow";"Yellow"
"ENCREC_004";"56";"5624";"Lebesby";"2020";26623.08;26623.08;"Yellow";"Yellow"
"ENCREC_004";"56";"5624";"Lebesby";"2021";26622.36;26622.36;"Yellow";"Yellow"
"ENCREC_004";"56";"5624";"Lebesby";"2022";26622.91;26622.19;"Yellow";"Yellow"
"ENCREC_004";"56";"5624";"Lebesby";"2023";26623.08;26622.19;"Green";"Yellow"
"ENCREC_004";"56";"5624";"Lebesby";"2024";26623.08;26622.19;"Yellow";"Yellow"
"ENCREC_004";"56";"5624";"Lebesby";"Endring 2018-2024";NA;-0.889999999999418;"NA";"Yellow"
"ENCREC_004";"56";"5628";"Deatnu/Tana";"2018";719857.83;719857.83;"Yellow";"Yellow"
"ENCREC_004";"56";"5628";"Deatnu/Tana";"2019";719860.26;719850.11;"Yellow";"Yellow"
"ENCREC_004";"56";"5628";"Deatnu/Tana";"2020";719856.46;719838.59;"Yellow";"Yellow"
"ENCREC_004";"56";"5628";"Deatnu/Tana";"2021";719771.78;719742.39;"Yellow";"Yellow"
"ENCREC_004";"56";"5628";"Deatnu/Tana";"2022";719851.15;719725.56;"Yellow";"Yellow"
"ENCREC_004";"56";"5628";"Deatnu/Tana";"2023";719860.73;719718.31;"Yellow";"Yellow"
"ENCREC_004";"56";"5628";"Deatnu/Tana";"2024";719861.96;719712.29;"Yellow";"Yellow"
"ENCREC_004";"56";"5628";"Deatnu/Tana";"Endring 2018-2024";NA;-145.539999999921;"NA";"Yellow"
"ENCREC_004";"56";"5630";"Berlevåg";"2018";432779.72;432779.72;"Yellow";"Yellow"
"ENCREC_004";"56";"5630";"Berlevåg";"2019";432779.45;432779.45;"Yellow";"Yellow"
"ENCREC_004";"56";"5630";"Berlevåg";"2020";432778.12;432777.85;"Yellow";"Yellow"
"ENCREC_004";"56";"5630";"Berlevåg";"2021";432779.62;432777.75;"Yellow";"Yellow"
"ENCREC_004";"56";"5630";"Berlevåg";"2022";432779.72;432777.75;"Yellow";"Yellow"
"ENCREC_004";"56";"5630";"Berlevåg";"2023";432778.07;432776.1;"Green";"Yellow"
"ENCREC_004";"56";"5630";"Berlevåg";"2024";432779.72;432776.1;"Yellow";"Yellow"
"ENCREC_004";"56";"5630";"Berlevåg";"Endring 2018-2024";NA;-3.61999999999534;"NA";"Yellow"
"ENCREC_004";"56";"5632";"Båtsfjord";"2018";1353407.95;1353407.95;"Yellow";"Yellow"
"ENCREC_004";"56";"5632";"Båtsfjord";"2019";1353408.91;1353406.72;"Yellow";"Yellow"
"ENCREC_004";"56";"5632";"Båtsfjord";"2020";1353405.26;1353401.84;"Yellow";"Yellow"
"ENCREC_004";"56";"5632";"Båtsfjord";"2021";1353401.86;1353393.56;"Yellow";"Yellow"
"ENCREC_004";"56";"5632";"Båtsfjord";"2022";1353402.81;1353386.23;"Yellow";"Yellow"
"ENCREC_004";"56";"5632";"Båtsfjord";"2023";1353406.09;1353382.18;"Green";"Yellow"
"ENCREC_004";"56";"5632";"Båtsfjord";"2024";1353404.59;1353376.63;"Yellow";"Yellow"
"ENCREC_004";"56";"5632";"Båtsfjord";"Endring 2018-2024";NA;-31.3200000000652;"NA";"Yellow"
"ENCREC_004";"56";"5634";"Vardø";"2018";149481.09;149481.09;"Yellow";"Yellow"
"ENCREC_004";"56";"5634";"Vardø";"2019";149481.67;149481.09;"Yellow";"Yellow"
"ENCREC_004";"56";"5634";"Vardø";"2020";149475.19;149474.61;"Yellow";"Yellow"
"ENCREC_004";"56";"5634";"Vardø";"2021";149481.67;149474.61;"Yellow";"Yellow"
"ENCREC_004";"56";"5634";"Vardø";"2022";149481.47;149474.41;"Yellow";"Yellow"
"ENCREC_004";"56";"5634";"Vardø";"2023";149481.67;149474.41;"Green";"Yellow"
"ENCREC_004";"56";"5634";"Vardø";"2024";149481.49;149474.23;"Yellow";"Yellow"
"ENCREC_004";"56";"5634";"Vardø";"Endring 2018-2024";NA;-6.86000000001513;"NA";"Yellow"
"ENCREC_004";"56";"5636";"Unjárga/Nesseby";"2018";88277.7;88277.7;"Yellow";"Yellow"
"ENCREC_004";"56";"5636";"Unjárga/Nesseby";"2019";88277.7;88277.7;"Yellow";"Yellow"
"ENCREC_004";"56";"5636";"Unjárga/Nesseby";"2020";88276.87;88276.87;"Yellow";"Yellow"
"ENCREC_004";"56";"5636";"Unjárga/Nesseby";"2021";88274.81;88273.98;"Yellow";"Yellow"
"ENCREC_004";"56";"5636";"Unjárga/Nesseby";"2022";88274.75;88271.03;"Yellow";"Yellow"
"ENCREC_004";"56";"5636";"Unjárga/Nesseby";"2023";88276.45;88269.78;"Yellow";"Yellow"
"ENCREC_004";"56";"5636";"Unjárga/Nesseby";"2024";88277.33;88269.41;"Orange";"Yellow"
"ENCREC_004";"56";"5636";"Unjárga/Nesseby";"Endring 2018-2024";NA;-8.2899999999936;"NA";"Yellow"
"ENCREC_004";"Totalt";"Totalt";"Totalt";"2018";113639885.37;113639885.37;"Yellow";"Yellow"
"ENCREC_004";"Totalt";"Totalt";"Totalt";"2019";113637141.74;113631635.59;"Yellow";"Yellow"
"ENCREC_004";"Totalt";"Totalt";"Totalt";"2020";113632743.23;113618987.3;"Yellow";"Yellow"
"ENCREC_004";"Totalt";"Totalt";"Totalt";"2021";113628997.68;113602593.46;"Yellow";"Yellow"
"ENCREC_004";"Totalt";"Totalt";"Totalt";"2022";113632241.92;113589443.86;"Yellow";"Yellow"
"ENCREC_004";"Totalt";"Totalt";"Totalt";"2023";113635169.22;113579221.56;"Yellow";"Yellow"
"ENCREC_004";"Totalt";"Totalt";"Totalt";"2024";113636701.15;113570531.19;"Yellow";"Yellow"
"ENCREC_004";"Totalt";"Totalt";"Totalt";"Endring 2018-2024";NA;-69354.1800000072;"NA";"Yellow"
"ENCREC_003";"18";"1835";"Træna";"2018";0;0;"Data ikke tilgjengelig";"Data ikke tilgjengelig"
"ENCREC_003";"18";"1835";"Træna";"2019";0;0;"Data ikke tilgjengelig";"Data ikke tilgjengelig"
"ENCREC_003";"18";"1835";"Træna";"2020";0;0;"Data ikke tilgjengelig";"Data ikke tilgjengelig"
"ENCREC_003";"18";"1835";"Træna";"2021";0;0;"Data ikke tilgjengelig";"Data ikke tilgjengelig"
"ENCREC_003";"18";"1835";"Træna";"2022";0;0;"Data ikke tilgjengelig";"Data ikke tilgjengelig"
"ENCREC_003";"18";"1835";"Træna";"2023";0;0;"Data ikke tilgjengelig";"Data ikke tilgjengelig"
"ENCREC_003";"18";"1835";"Træna";"2024";0;0;"Data ikke tilgjengelig";"Data ikke tilgjengelig"
"ENCREC_003";"18";"1835";"Træna";"Endring 2018-2024";NA;0;"NA";"Data ikke tilgjengelig"
"ENCREC_003";"42";"4219";"Evje og Hornnes";"2018";0;0;"Data ikke tilgjengelig";"Data ikke tilgjengelig"
"ENCREC_003";"42";"4219";"Evje og Hornnes";"2019";0;0;"Data ikke tilgjengelig";"Data ikke tilgjengelig"
"ENCREC_003";"42";"4219";"Evje og Hornnes";"2020";0;0;"Data ikke tilgjengelig";"Data ikke tilgjengelig"
"ENCREC_003";"42";"4219";"Evje og Hornnes";"2021";0;0;"Data ikke tilgjengelig";"Data ikke tilgjengelig"
"ENCREC_003";"42";"4219";"Evje og Hornnes";"2022";0;0;"Data ikke tilgjengelig";"Data ikke tilgjengelig"
"ENCREC_003";"42";"4219";"Evje og Hornnes";"2023";0;0;"Data ikke tilgjengelig";"Data ikke tilgjengelig"
"ENCREC_003";"42";"4219";"Evje og Hornnes";"2024";0;0;"Data ikke tilgjengelig";"Data ikke tilgjengelig"
"ENCREC_003";"42";"4219";"Evje og Hornnes";"Endring 2018-2024";NA;0;"NA";"Data ikke tilgjengelig"
"ENCREC_003";"46";"4633";"Fedje";"2018";0;0;"Data ikke tilgjengelig";"Data ikke tilgjengelig"
"ENCREC_003";"46";"4633";"Fedje";"2019";0;0;"Data ikke tilgjengelig";"Data ikke tilgjengelig"
"ENCREC_003";"46";"4633";"Fedje";"2020";0;0;"Data ikke tilgjengelig";"Data ikke tilgjengelig"
"ENCREC_003";"46";"4633";"Fedje";"2021";0;0;"Data ikke tilgjengelig";"Data ikke tilgjengelig"
"ENCREC_003";"46";"4633";"Fedje";"2022";0;0;"Data ikke tilgjengelig";"Data ikke tilgjengelig"
"ENCREC_003";"46";"4633";"Fedje";"2023";0;0;"Data ikke tilgjengelig";"Data ikke tilgjengelig"
"ENCREC_003";"46";"4633";"Fedje";"2024";0;0;"Data ikke tilgjengelig";"Data ikke tilgjengelig"
"ENCREC_003";"46";"4633";"Fedje";"Endring 2018-2024";NA;0;"NA";"Data ikke tilgjengelig"
"ENCREC_003";"50";"5036";"Frosta";"2018";0;0;"Data ikke tilgjengelig";"Data ikke tilgjengelig"
"ENCREC_003";"50";"5036";"Frosta";"2019";0;0;"Data ikke tilgjengelig";"Data ikke tilgjengelig"
"ENCREC_003";"50";"5036";"Frosta";"2020";0;0;"Data ikke tilgjengelig";"Data ikke tilgjengelig"
"ENCREC_003";"50";"5036";"Frosta";"2021";0;0;"Data ikke tilgjengelig";"Data ikke tilgjengelig"
"ENCREC_003";"50";"5036";"Frosta";"2022";0;0;"Data ikke tilgjengelig";"Data ikke tilgjengelig"
"ENCREC_003";"50";"5036";"Frosta";"2023";0;0;"Data ikke tilgjengelig";"Data ikke tilgjengelig"
"ENCREC_003";"50";"5036";"Frosta";"2024";0;0;"Data ikke tilgjengelig";"Data ikke tilgjengelig"
"ENCREC_003";"50";"5036";"Frosta";"Endring 2018-2024";NA;0;"NA";"Data ikke tilgjengelig"
"ENCREC_003";"55";"5528";"Dyrøy";"2018";0;0;"Data ikke tilgjengelig";"Data ikke tilgjengelig"
"ENCREC_003";"55";"5528";"Dyrøy";"2019";0;0;"Data ikke tilgjengelig";"Data ikke tilgjengelig"
"ENCREC_003";"55";"5528";"Dyrøy";"2020";0;0;"Data ikke tilgjengelig";"Data ikke tilgjengelig"
"ENCREC_003";"55";"5528";"Dyrøy";"2021";0;0;"Data ikke tilgjengelig";"Data ikke tilgjengelig"
"ENCREC_003";"55";"5528";"Dyrøy";"2022";0;0;"Data ikke tilgjengelig";"Data ikke tilgjengelig"
"ENCREC_003";"55";"5528";"Dyrøy";"2023";0;0;"Data ikke tilgjengelig";"Data ikke tilgjengelig"
"ENCREC_003";"55";"5528";"Dyrøy";"2024";0;0;"Data ikke tilgjengelig";"Data ikke tilgjengelig"
"ENCREC_003";"55";"5528";"Dyrøy";"Endring 2018-2024";NA;0;"NA";"Data ikke tilgjengelig"
"ENCREC_003";"11";"1101";"Eigersund";"2018";NA;NA;"Data ikke tilgjengelig";"Data ikke tilgjengelig"
"ENCREC_003";"11";"1101";"Eigersund";"2019";NA;NA;"Data ikke tilgjengelig";"Data ikke tilgjengelig"
"ENCREC_003";"11";"1101";"Eigersund";"2020";NA;NA;"Data ikke tilgjengelig";"Data ikke tilgjengelig"
"ENCREC_003";"11";"1101";"Eigersund";"2021";NA;NA;"Data ikke tilgjengelig";"Data ikke tilgjengelig"
"ENCREC_003";"11";"1101";"Eigersund";"2022";NA;NA;"Data ikke tilgjengelig";"Data ikke tilgjengelig"
"ENCREC_003";"11";"1101";"Eigersund";"2023";NA;NA;"Data ikke tilgjengelig";"Data ikke tilgjengelig"
"ENCREC_003";"11";"1101";"Eigersund";"2024";NA;NA;"Data ikke tilgjengelig";"Data ikke tilgjengelig"
"ENCREC_003";"11";"1101";"Eigersund";"Endring 2018-2024";NA;NA;"NA";"Data ikke tilgjengelig"
"ENCREC_003";"11";"1111";"Sokndal";"2018";NA;NA;"Data ikke tilgjengelig";"Data ikke tilgjengelig"
"ENCREC_003";"11";"1111";"Sokndal";"2019";NA;NA;"Data ikke tilgjengelig";"Data ikke tilgjengelig"
"ENCREC_003";"11";"1111";"Sokndal";"2020";NA;NA;"Data ikke tilgjengelig";"Data ikke tilgjengelig"
"ENCREC_003";"11";"1111";"Sokndal";"2021";NA;NA;"Data ikke tilgjengelig";"Data ikke tilgjengelig"
"ENCREC_003";"11";"1111";"Sokndal";"2022";NA;NA;"Data ikke tilgjengelig";"Data ikke tilgjengelig"
"ENCREC_003";"11";"1111";"Sokndal";"2023";NA;NA;"Data ikke tilgjengelig";"Data ikke tilgjengelig"
"ENCREC_003";"11";"1111";"Sokndal";"2024";NA;NA;"Data ikke tilgjengelig";"Data ikke tilgjengelig"
"ENCREC_003";"11";"1111";"Sokndal";"Endring 2018-2024";NA;NA;"NA";"Data ikke tilgjengelig"
"ENCREC_003";"11";"1112";"Lund";"2018";NA;NA;"Data ikke tilgjengelig";"Data ikke tilgjengelig"
"ENCREC_003";"11";"1112";"Lund";"2019";NA;NA;"Data ikke tilgjengelig";"Data ikke tilgjengelig"
"ENCREC_003";"11";"1112";"Lund";"2020";NA;NA;"Data ikke tilgjengelig";"Data ikke tilgjengelig"
"ENCREC_003";"11";"1112";"Lund";"2021";NA;NA;"Data ikke tilgjengelig";"Data ikke tilgjengelig"
"ENCREC_003";"11";"1112";"Lund";"2022";NA;NA;"Data ikke tilgjengelig";"Data ikke tilgjengelig"
"ENCREC_003";"11";"1112";"Lund";"2023";NA;NA;"Data ikke tilgjengelig";"Data ikke tilgjengelig"
"ENCREC_003";"11";"1112";"Lund";"2024";NA;NA;"Data ikke tilgjengelig";"Data ikke tilgjengelig"
"ENCREC_003";"11";"1112";"Lund";"Endring 2018-2024";NA;NA;"NA";"Data ikke tilgjengelig"
"ENCREC_003";"11";"1114";"Bjerkreim";"2018";NA;NA;"Data ikke tilgjengelig";"Data ikke tilgjengelig"
"ENCREC_003";"11";"1114";"Bjerkreim";"2019";NA;NA;"Data ikke tilgjengelig";"Data ikke tilgjengelig"
"ENCREC_003";"11";"1114";"Bjerkreim";"2020";NA;NA;"Data ikke tilgjengelig";"Data ikke tilgjengelig"
"ENCREC_003";"11";"1114";"Bjerkreim";"2021";NA;NA;"Data ikke tilgjengelig";"Data ikke tilgjengelig"
"ENCREC_003";"11";"1114";"Bjerkreim";"2022";NA;NA;"Data ikke tilgjengelig";"Data ikke tilgjengelig"
"ENCREC_003";"11";"1114";"Bjerkreim";"2023";NA;NA;"Data ikke tilgjengelig";"Data ikke tilgjengelig"
"ENCREC_003";"11";"1114";"Bjerkreim";"2024";NA;NA;"Data ikke tilgjengelig";"Data ikke tilgjengelig"
"ENCREC_003";"11";"1114";"Bjerkreim";"Endring 2018-2024";NA;NA;"NA";"Data ikke tilgjengelig"
"ENCREC_003";"15";"1508";"Ålesund";"2018";NA;NA;"Data ikke tilgjengelig";"Data ikke tilgjengelig"
"ENCREC_003";"15";"1508";"Ålesund";"2019";NA;NA;"Data ikke tilgjengelig";"Data ikke tilgjengelig"
"ENCREC_003";"15";"1508";"Ålesund";"2020";NA;NA;"Data ikke tilgjengelig";"Data ikke tilgjengelig"
"ENCREC_003";"15";"1508";"Ålesund";"2021";NA;NA;"Data ikke tilgjengelig";"Data ikke tilgjengelig"
"ENCREC_003";"15";"1508";"Ålesund";"2022";NA;NA;"Data ikke tilgjengelig";"Data ikke tilgjengelig"
"ENCREC_003";"15";"1508";"Ålesund";"2023";NA;NA;"Data ikke tilgjengelig";"Data ikke tilgjengelig"
"ENCREC_003";"15";"1508";"Ålesund";"2024";NA;NA;"Data ikke tilgjengelig";"Data ikke tilgjengelig"
"ENCREC_003";"15";"1508";"Ålesund";"Endring 2018-2024";NA;NA;"NA";"Data ikke tilgjengelig"
"ENCREC_003";"15";"1511";"Vanylven";"2018";NA;NA;"Data ikke tilgjengelig";"Data ikke tilgjengelig"
"ENCREC_003";"15";"1511";"Vanylven";"2019";NA;NA;"Data ikke tilgjengelig";"Data ikke tilgjengelig"
"ENCREC_003";"15";"1511";"Vanylven";"2020";NA;NA;"Data ikke tilgjengelig";"Data ikke tilgjengelig"
"ENCREC_003";"15";"1511";"Vanylven";"2021";NA;NA;"Data ikke tilgjengelig";"Data ikke tilgjengelig"
"ENCREC_003";"15";"1511";"Vanylven";"2022";NA;NA;"Data ikke tilgjengelig";"Data ikke tilgjengelig"
"ENCREC_003";"15";"1511";"Vanylven";"2023";NA;NA;"Data ikke tilgjengelig";"Data ikke tilgjengelig"
"ENCREC_003";"15";"1511";"Vanylven";"2024";NA;NA;"Data ikke tilgjengelig";"Data ikke tilgjengelig"
"ENCREC_003";"15";"1511";"Vanylven";"Endring 2018-2024";NA;NA;"NA";"Data ikke tilgjengelig"
"ENCREC_003";"15";"1514";"Sande";"2018";NA;NA;"Data ikke tilgjengelig";"Data ikke tilgjengelig"
"ENCREC_003";"15";"1514";"Sande";"2019";NA;NA;"Data ikke tilgjengelig";"Data ikke tilgjengelig"
"ENCREC_003";"15";"1514";"Sande";"2020";NA;NA;"Data ikke tilgjengelig";"Data ikke tilgjengelig"
"ENCREC_003";"15";"1514";"Sande";"2021";NA;NA;"Data ikke tilgjengelig";"Data ikke tilgjengelig"
"ENCREC_003";"15";"1514";"Sande";"2022";NA;NA;"Data ikke tilgjengelig";"Data ikke tilgjengelig"
"ENCREC_003";"15";"1514";"Sande";"2023";NA;NA;"Data ikke tilgjengelig";"Data ikke tilgjengelig"
"ENCREC_003";"15";"1514";"Sande";"2024";NA;NA;"Data ikke tilgjengelig";"Data ikke tilgjengelig"
"ENCREC_003";"15";"1514";"Sande";"Endring 2018-2024";NA;NA;"NA";"Data ikke tilgjengelig"
"ENCREC_003";"15";"1515";"Herøy (Møre og Romsdal)";"2018";NA;NA;"Data ikke tilgjengelig";"Data ikke tilgjengelig"
"ENCREC_003";"15";"1515";"Herøy (Møre og Romsdal)";"2019";NA;NA;"Data ikke tilgjengelig";"Data ikke tilgjengelig"
"ENCREC_003";"15";"1515";"Herøy (Møre og Romsdal)";"2020";NA;NA;"Data ikke tilgjengelig";"Data ikke tilgjengelig"
"ENCREC_003";"15";"1515";"Herøy (Møre og Romsdal)";"2021";NA;NA;"Data ikke tilgjengelig";"Data ikke tilgjengelig"
"ENCREC_003";"15";"1515";"Herøy (Møre og Romsdal)";"2022";NA;NA;"Data ikke tilgjengelig";"Data ikke tilgjengelig"
"ENCREC_003";"15";"1515";"Herøy (Møre og Romsdal)";"2023";NA;NA;"Data ikke tilgjengelig";"Data ikke tilgjengelig"
"ENCREC_003";"15";"1515";"Herøy (Møre og Romsdal)";"2024";NA;NA;"Data ikke tilgjengelig";"Data ikke tilgjengelig"
"ENCREC_003";"15";"1515";"Herøy (Møre og Romsdal)";"Endring 2018-2024";NA;NA;"NA";"Data ikke tilgjengelig"
"ENCREC_003";"15";"1525";"Stranda";"2018";NA;NA;"Data ikke tilgjengelig";"Data ikke tilgjengelig"
"ENCREC_003";"15";"1525";"Stranda";"2019";NA;NA;"Data ikke tilgjengelig";"Data ikke tilgjengelig"
"ENCREC_003";"15";"1525";"Stranda";"2020";NA;NA;"Data ikke tilgjengelig";"Data ikke tilgjengelig"
"ENCREC_003";"15";"1525";"Stranda";"2021";NA;NA;"Data ikke tilgjengelig";"Data ikke tilgjengelig"
"ENCREC_003";"15";"1525";"Stranda";"2022";NA;NA;"Data ikke tilgjengelig";"Data ikke tilgjengelig"
"ENCREC_003";"15";"1525";"Stranda";"2023";NA;NA;"Data ikke tilgjengelig";"Data ikke tilgjengelig"
"ENCREC_003";"15";"1525";"Stranda";"2024";NA;NA;"Data ikke tilgjengelig";"Data ikke tilgjengelig"
"ENCREC_003";"15";"1525";"Stranda";"Endring 2018-2024";NA;NA;"NA";"Data ikke tilgjengelig"
"ENCREC_003";"15";"1528";"Sykkylven";"2018";NA;NA;"Data ikke tilgjengelig";"Data ikke tilgjengelig"
"ENCREC_003";"15";"1528";"Sykkylven";"2019";NA;NA;"Data ikke tilgjengelig";"Data ikke tilgjengelig"
"ENCREC_003";"15";"1528";"Sykkylven";"2020";NA;NA;"Data ikke tilgjengelig";"Data ikke tilgjengelig"
"ENCREC_003";"15";"1528";"Sykkylven";"2021";NA;NA;"Data ikke tilgjengelig";"Data ikke tilgjengelig"
"ENCREC_003";"15";"1528";"Sykkylven";"2022";NA;NA;"Data ikke tilgjengelig";"Data ikke tilgjengelig"
"ENCREC_003";"15";"1528";"Sykkylven";"2023";NA;NA;"Data ikke tilgjengelig";"Data ikke tilgjengelig"
"ENCREC_003";"15";"1528";"Sykkylven";"2024";NA;NA;"Data ikke tilgjengelig";"Data ikke tilgjengelig"
"ENCREC_003";"15";"1528";"Sykkylven";"Endring 2018-2024";NA;NA;"NA";"Data ikke tilgjengelig"
"ENCREC_003";"15";"1535";"Vestnes";"2018";NA;NA;"Data ikke tilgjengelig";"Data ikke tilgjengelig"
"ENCREC_003";"15";"1535";"Vestnes";"2019";NA;NA;"Data ikke tilgjengelig";"Data ikke tilgjengelig"
"ENCREC_003";"15";"1535";"Vestnes";"2020";NA;NA;"Data ikke tilgjengelig";"Data ikke tilgjengelig"
"ENCREC_003";"15";"1535";"Vestnes";"2021";NA;NA;"Data ikke tilgjengelig";"Data ikke tilgjengelig"
"ENCREC_003";"15";"1535";"Vestnes";"2022";NA;NA;"Data ikke tilgjengelig";"Data ikke tilgjengelig"
"ENCREC_003";"15";"1535";"Vestnes";"2023";NA;NA;"Data ikke tilgjengelig";"Data ikke tilgjengelig"
"ENCREC_003";"15";"1535";"Vestnes";"2024";NA;NA;"Data ikke tilgjengelig";"Data ikke tilgjengelig"
"ENCREC_003";"15";"1535";"Vestnes";"Endring 2018-2024";NA;NA;"NA";"Data ikke tilgjengelig"
"ENCREC_003";"15";"1539";"Rauma";"2018";NA;NA;"Data ikke tilgjengelig";"Data ikke tilgjengelig"
"ENCREC_003";"15";"1539";"Rauma";"2019";NA;NA;"Data ikke tilgjengelig";"Data ikke tilgjengelig"
"ENCREC_003";"15";"1539";"Rauma";"2020";NA;NA;"Data ikke tilgjengelig";"Data ikke tilgjengelig"
"ENCREC_003";"15";"1539";"Rauma";"2021";NA;NA;"Data ikke tilgjengelig";"Data ikke tilgjengelig"
"ENCREC_003";"15";"1539";"Rauma";"2022";NA;NA;"Data ikke tilgjengelig";"Data ikke tilgjengelig"
"ENCREC_003";"15";"1539";"Rauma";"2023";NA;NA;"Data ikke tilgjengelig";"Data ikke tilgjengelig"
"ENCREC_003";"15";"1539";"Rauma";"2024";NA;NA;"Data ikke tilgjengelig";"Data ikke tilgjengelig"
"ENCREC_003";"15";"1539";"Rauma";"Endring 2018-2024";NA;NA;"NA";"Data ikke tilgjengelig"
"ENCREC_003";"15";"1554";"Averøy";"2018";NA;NA;"Data ikke tilgjengelig";"Data ikke tilgjengelig"
"ENCREC_003";"15";"1554";"Averøy";"2019";NA;NA;"Data ikke tilgjengelig";"Data ikke tilgjengelig"
"ENCREC_003";"15";"1554";"Averøy";"2020";NA;NA;"Data ikke tilgjengelig";"Data ikke tilgjengelig"
"ENCREC_003";"15";"1554";"Averøy";"2021";NA;NA;"Data ikke tilgjengelig";"Data ikke tilgjengelig"
"ENCREC_003";"15";"1554";"Averøy";"2022";NA;NA;"Data ikke tilgjengelig";"Data ikke tilgjengelig"
"ENCREC_003";"15";"1554";"Averøy";"2023";NA;NA;"Data ikke tilgjengelig";"Data ikke tilgjengelig"
"ENCREC_003";"15";"1554";"Averøy";"2024";NA;NA;"Data ikke tilgjengelig";"Data ikke tilgjengelig"
"ENCREC_003";"15";"1554";"Averøy";"Endring 2018-2024";NA;NA;"NA";"Data ikke tilgjengelig"
"ENCREC_003";"15";"1557";"Gjemnes";"2018";NA;NA;"Data ikke tilgjengelig";"Data ikke tilgjengelig"
"ENCREC_003";"15";"1557";"Gjemnes";"2019";NA;NA;"Data ikke tilgjengelig";"Data ikke tilgjengelig"
"ENCREC_003";"15";"1557";"Gjemnes";"2020";NA;NA;"Data ikke tilgjengelig";"Data ikke tilgjengelig"
"ENCREC_003";"15";"1557";"Gjemnes";"2021";NA;NA;"Data ikke tilgjengelig";"Data ikke tilgjengelig"
"ENCREC_003";"15";"1557";"Gjemnes";"2022";NA;NA;"Data ikke tilgjengelig";"Data ikke tilgjengelig"
"ENCREC_003";"15";"1557";"Gjemnes";"2023";NA;NA;"Data ikke tilgjengelig";"Data ikke tilgjengelig"
"ENCREC_003";"15";"1557";"Gjemnes";"2024";NA;NA;"Data ikke tilgjengelig";"Data ikke tilgjengelig"
"ENCREC_003";"15";"1557";"Gjemnes";"Endring 2018-2024";NA;NA;"NA";"Data ikke tilgjengelig"
"ENCREC_003";"15";"1560";"Tingvoll";"2018";NA;NA;"Data ikke tilgjengelig";"Data ikke tilgjengelig"
"ENCREC_003";"15";"1560";"Tingvoll";"2019";NA;NA;"Data ikke tilgjengelig";"Data ikke tilgjengelig"
"ENCREC_003";"15";"1560";"Tingvoll";"2020";NA;NA;"Data ikke tilgjengelig";"Data ikke tilgjengelig"
"ENCREC_003";"15";"1560";"Tingvoll";"2021";NA;NA;"Data ikke tilgjengelig";"Data ikke tilgjengelig"
"ENCREC_003";"15";"1560";"Tingvoll";"2022";NA;NA;"Data ikke tilgjengelig";"Data ikke tilgjengelig"
"ENCREC_003";"15";"1560";"Tingvoll";"2023";NA;NA;"Data ikke tilgjengelig";"Data ikke tilgjengelig"
"ENCREC_003";"15";"1560";"Tingvoll";"2024";NA;NA;"Data ikke tilgjengelig";"Data ikke tilgjengelig"
"ENCREC_003";"15";"1560";"Tingvoll";"Endring 2018-2024";NA;NA;"NA";"Data ikke tilgjengelig"
"ENCREC_003";"15";"1573";"Smøla";"2018";NA;NA;"Data ikke tilgjengelig";"Data ikke tilgjengelig"
"ENCREC_003";"15";"1573";"Smøla";"2019";NA;NA;"Data ikke tilgjengelig";"Data ikke tilgjengelig"
"ENCREC_003";"15";"1573";"Smøla";"2020";NA;NA;"Data ikke tilgjengelig";"Data ikke tilgjengelig"
"ENCREC_003";"15";"1573";"Smøla";"2021";NA;NA;"Data ikke tilgjengelig";"Data ikke tilgjengelig"
"ENCREC_003";"15";"1573";"Smøla";"2022";NA;NA;"Data ikke tilgjengelig";"Data ikke tilgjengelig"
"ENCREC_003";"15";"1573";"Smøla";"2023";NA;NA;"Data ikke tilgjengelig";"Data ikke tilgjengelig"
"ENCREC_003";"15";"1573";"Smøla";"2024";NA;NA;"Data ikke tilgjengelig";"Data ikke tilgjengelig"
"ENCREC_003";"15";"1573";"Smøla";"Endring 2018-2024";NA;NA;"NA";"Data ikke tilgjengelig"
"ENCREC_003";"15";"1576";"Aure";"2018";NA;NA;"Data ikke tilgjengelig";"Data ikke tilgjengelig"
"ENCREC_003";"15";"1576";"Aure";"2019";NA;NA;"Data ikke tilgjengelig";"Data ikke tilgjengelig"
"ENCREC_003";"15";"1576";"Aure";"2020";NA;NA;"Data ikke tilgjengelig";"Data ikke tilgjengelig"
"ENCREC_003";"15";"1576";"Aure";"2021";NA;NA;"Data ikke tilgjengelig";"Data ikke tilgjengelig"
"ENCREC_003";"15";"1576";"Aure";"2022";NA;NA;"Data ikke tilgjengelig";"Data ikke tilgjengelig"
"ENCREC_003";"15";"1576";"Aure";"2023";NA;NA;"Data ikke tilgjengelig";"Data ikke tilgjengelig"
"ENCREC_003";"15";"1576";"Aure";"2024";NA;NA;"Data ikke tilgjengelig";"Data ikke tilgjengelig"
"ENCREC_003";"15";"1576";"Aure";"Endring 2018-2024";NA;NA;"NA";"Data ikke tilgjengelig"
"ENCREC_003";"18";"1848";"Steigen";"2018";NA;NA;"Data ikke tilgjengelig";"Data ikke tilgjengelig"
"ENCREC_003";"18";"1848";"Steigen";"2019";NA;NA;"Data ikke tilgjengelig";"Data ikke tilgjengelig"
"ENCREC_003";"18";"1848";"Steigen";"2020";NA;NA;"Data ikke tilgjengelig";"Data ikke tilgjengelig"
"ENCREC_003";"18";"1848";"Steigen";"2021";NA;NA;"Data ikke tilgjengelig";"Data ikke tilgjengelig"
"ENCREC_003";"18";"1848";"Steigen";"2022";NA;NA;"Data ikke tilgjengelig";"Data ikke tilgjengelig"
"ENCREC_003";"18";"1848";"Steigen";"2023";NA;NA;"Data ikke tilgjengelig";"Data ikke tilgjengelig"
"ENCREC_003";"18";"1848";"Steigen";"2024";NA;NA;"Data ikke tilgjengelig";"Data ikke tilgjengelig"
"ENCREC_003";"18";"1848";"Steigen";"Endring 2018-2024";NA;NA;"NA";"Data ikke tilgjengelig"
"ENCREC_003";"31";"3116";"Skiptvet";"2018";NA;NA;"Data ikke tilgjengelig";"Data ikke tilgjengelig"
"ENCREC_003";"31";"3116";"Skiptvet";"2019";NA;NA;"Data ikke tilgjengelig";"Data ikke tilgjengelig"
"ENCREC_003";"31";"3116";"Skiptvet";"2020";NA;NA;"Data ikke tilgjengelig";"Data ikke tilgjengelig"
"ENCREC_003";"31";"3116";"Skiptvet";"2021";NA;NA;"Data ikke tilgjengelig";"Data ikke tilgjengelig"
"ENCREC_003";"31";"3116";"Skiptvet";"2022";NA;NA;"Data ikke tilgjengelig";"Data ikke tilgjengelig"
"ENCREC_003";"31";"3116";"Skiptvet";"2023";NA;NA;"Data ikke tilgjengelig";"Data ikke tilgjengelig"
"ENCREC_003";"31";"3116";"Skiptvet";"2024";NA;NA;"Data ikke tilgjengelig";"Data ikke tilgjengelig"
"ENCREC_003";"31";"3116";"Skiptvet";"Endring 2018-2024";NA;NA;"NA";"Data ikke tilgjengelig"
"ENCREC_003";"31";"3124";"Aremark";"2018";NA;NA;"Data ikke tilgjengelig";"Data ikke tilgjengelig"
"ENCREC_003";"31";"3124";"Aremark";"2019";NA;NA;"Data ikke tilgjengelig";"Data ikke tilgjengelig"
"ENCREC_003";"31";"3124";"Aremark";"2020";NA;NA;"Data ikke tilgjengelig";"Data ikke tilgjengelig"
"ENCREC_003";"31";"3124";"Aremark";"2021";NA;NA;"Data ikke tilgjengelig";"Data ikke tilgjengelig"
"ENCREC_003";"31";"3124";"Aremark";"2022";NA;NA;"Data ikke tilgjengelig";"Data ikke tilgjengelig"
"ENCREC_003";"31";"3124";"Aremark";"2023";NA;NA;"Data ikke tilgjengelig";"Data ikke tilgjengelig"
"ENCREC_003";"31";"3124";"Aremark";"2024";NA;NA;"Data ikke tilgjengelig";"Data ikke tilgjengelig"
"ENCREC_003";"31";"3124";"Aremark";"Endring 2018-2024";NA;NA;"NA";"Data ikke tilgjengelig"
"ENCREC_003";"32";"3222";"Lørenskog";"2018";NA;NA;"Data ikke tilgjengelig";"Data ikke tilgjengelig"
"ENCREC_003";"32";"3222";"Lørenskog";"2019";NA;NA;"Data ikke tilgjengelig";"Data ikke tilgjengelig"
"ENCREC_003";"32";"3222";"Lørenskog";"2020";NA;NA;"Data ikke tilgjengelig";"Data ikke tilgjengelig"
"ENCREC_003";"32";"3222";"Lørenskog";"2021";NA;NA;"Data ikke tilgjengelig";"Data ikke tilgjengelig"
"ENCREC_003";"32";"3222";"Lørenskog";"2022";NA;NA;"Data ikke tilgjengelig";"Data ikke tilgjengelig"
"ENCREC_003";"32";"3222";"Lørenskog";"2023";NA;NA;"Data ikke tilgjengelig";"Data ikke tilgjengelig"
"ENCREC_003";"32";"3222";"Lørenskog";"2024";NA;NA;"Data ikke tilgjengelig";"Data ikke tilgjengelig"
"ENCREC_003";"32";"3222";"Lørenskog";"Endring 2018-2024";NA;NA;"NA";"Data ikke tilgjengelig"
"ENCREC_003";"32";"3236";"Jevnaker";"2018";NA;NA;"Data ikke tilgjengelig";"Data ikke tilgjengelig"
"ENCREC_003";"32";"3236";"Jevnaker";"2019";NA;NA;"Data ikke tilgjengelig";"Data ikke tilgjengelig"
"ENCREC_003";"32";"3236";"Jevnaker";"2020";NA;NA;"Data ikke tilgjengelig";"Data ikke tilgjengelig"
"ENCREC_003";"32";"3236";"Jevnaker";"2021";NA;NA;"Data ikke tilgjengelig";"Data ikke tilgjengelig"
"ENCREC_003";"32";"3236";"Jevnaker";"2022";NA;NA;"Data ikke tilgjengelig";"Data ikke tilgjengelig"
"ENCREC_003";"32";"3236";"Jevnaker";"2023";NA;NA;"Data ikke tilgjengelig";"Data ikke tilgjengelig"
"ENCREC_003";"32";"3236";"Jevnaker";"2024";NA;NA;"Data ikke tilgjengelig";"Data ikke tilgjengelig"
"ENCREC_003";"32";"3236";"Jevnaker";"Endring 2018-2024";NA;NA;"NA";"Data ikke tilgjengelig"
"ENCREC_003";"33";"3330";"Hol";"2018";NA;NA;"Data ikke tilgjengelig";"Data ikke tilgjengelig"
"ENCREC_003";"33";"3330";"Hol";"2019";NA;NA;"Data ikke tilgjengelig";"Data ikke tilgjengelig"
"ENCREC_003";"33";"3330";"Hol";"2020";NA;NA;"Data ikke tilgjengelig";"Data ikke tilgjengelig"
"ENCREC_003";"33";"3330";"Hol";"2021";NA;NA;"Data ikke tilgjengelig";"Data ikke tilgjengelig"
"ENCREC_003";"33";"3330";"Hol";"2022";NA;NA;"Data ikke tilgjengelig";"Data ikke tilgjengelig"
"ENCREC_003";"33";"3330";"Hol";"2023";NA;NA;"Data ikke tilgjengelig";"Data ikke tilgjengelig"
"ENCREC_003";"33";"3330";"Hol";"2024";NA;NA;"Data ikke tilgjengelig";"Data ikke tilgjengelig"
"ENCREC_003";"33";"3330";"Hol";"Endring 2018-2024";NA;NA;"NA";"Data ikke tilgjengelig"
"ENCREC_003";"34";"3407";"Gjøvik";"2018";NA;NA;"Data ikke tilgjengelig";"Data ikke tilgjengelig"
"ENCREC_003";"34";"3407";"Gjøvik";"2019";NA;NA;"Data ikke tilgjengelig";"Data ikke tilgjengelig"
"ENCREC_003";"34";"3407";"Gjøvik";"2020";NA;NA;"Data ikke tilgjengelig";"Data ikke tilgjengelig"
"ENCREC_003";"34";"3407";"Gjøvik";"2021";NA;NA;"Data ikke tilgjengelig";"Data ikke tilgjengelig"
"ENCREC_003";"34";"3407";"Gjøvik";"2022";NA;NA;"Data ikke tilgjengelig";"Data ikke tilgjengelig"
"ENCREC_003";"34";"3407";"Gjøvik";"2023";NA;NA;"Data ikke tilgjengelig";"Data ikke tilgjengelig"
"ENCREC_003";"34";"3407";"Gjøvik";"2024";NA;NA;"Data ikke tilgjengelig";"Data ikke tilgjengelig"
"ENCREC_003";"34";"3407";"Gjøvik";"Endring 2018-2024";NA;NA;"NA";"Data ikke tilgjengelig"
"ENCREC_003";"34";"3417";"Grue";"2018";NA;NA;"Data ikke tilgjengelig";"Data ikke tilgjengelig"
"ENCREC_003";"34";"3417";"Grue";"2019";NA;NA;"Data ikke tilgjengelig";"Data ikke tilgjengelig"
"ENCREC_003";"34";"3417";"Grue";"2020";NA;NA;"Data ikke tilgjengelig";"Data ikke tilgjengelig"
"ENCREC_003";"34";"3417";"Grue";"2021";NA;NA;"Data ikke tilgjengelig";"Data ikke tilgjengelig"
"ENCREC_003";"34";"3417";"Grue";"2022";NA;NA;"Data ikke tilgjengelig";"Data ikke tilgjengelig"
"ENCREC_003";"34";"3417";"Grue";"2023";NA;NA;"Data ikke tilgjengelig";"Data ikke tilgjengelig"
"ENCREC_003";"34";"3417";"Grue";"2024";NA;NA;"Data ikke tilgjengelig";"Data ikke tilgjengelig"
"ENCREC_003";"34";"3417";"Grue";"Endring 2018-2024";NA;NA;"NA";"Data ikke tilgjengelig"
"ENCREC_003";"34";"3418";"Åsnes";"2018";NA;NA;"Data ikke tilgjengelig";"Data ikke tilgjengelig"
"ENCREC_003";"34";"3418";"Åsnes";"2019";NA;NA;"Data ikke tilgjengelig";"Data ikke tilgjengelig"
"ENCREC_003";"34";"3418";"Åsnes";"2020";NA;NA;"Data ikke tilgjengelig";"Data ikke tilgjengelig"
"ENCREC_003";"34";"3418";"Åsnes";"2021";NA;NA;"Data ikke tilgjengelig";"Data ikke tilgjengelig"
"ENCREC_003";"34";"3418";"Åsnes";"2022";NA;NA;"Data ikke tilgjengelig";"Data ikke tilgjengelig"
"ENCREC_003";"34";"3418";"Åsnes";"2023";NA;NA;"Data ikke tilgjengelig";"Data ikke tilgjengelig"
"ENCREC_003";"34";"3418";"Åsnes";"2024";NA;NA;"Data ikke tilgjengelig";"Data ikke tilgjengelig"
"ENCREC_003";"34";"3418";"Åsnes";"Endring 2018-2024";NA;NA;"NA";"Data ikke tilgjengelig"
"ENCREC_003";"34";"3430";"Os";"2018";NA;NA;"Data ikke tilgjengelig";"Data ikke tilgjengelig"
"ENCREC_003";"34";"3430";"Os";"2019";NA;NA;"Data ikke tilgjengelig";"Data ikke tilgjengelig"
"ENCREC_003";"34";"3430";"Os";"2020";NA;NA;"Data ikke tilgjengelig";"Data ikke tilgjengelig"
"ENCREC_003";"34";"3430";"Os";"2021";NA;NA;"Data ikke tilgjengelig";"Data ikke tilgjengelig"
"ENCREC_003";"34";"3430";"Os";"2022";NA;NA;"Data ikke tilgjengelig";"Data ikke tilgjengelig"
"ENCREC_003";"34";"3430";"Os";"2023";NA;NA;"Data ikke tilgjengelig";"Data ikke tilgjengelig"
"ENCREC_003";"34";"3430";"Os";"2024";NA;NA;"Data ikke tilgjengelig";"Data ikke tilgjengelig"
"ENCREC_003";"34";"3430";"Os";"Endring 2018-2024";NA;NA;"NA";"Data ikke tilgjengelig"
"ENCREC_003";"34";"3431";"Dovre";"2018";NA;NA;"Data ikke tilgjengelig";"Data ikke tilgjengelig"
"ENCREC_003";"34";"3431";"Dovre";"2019";NA;NA;"Data ikke tilgjengelig";"Data ikke tilgjengelig"
"ENCREC_003";"34";"3431";"Dovre";"2020";NA;NA;"Data ikke tilgjengelig";"Data ikke tilgjengelig"
"ENCREC_003";"34";"3431";"Dovre";"2021";NA;NA;"Data ikke tilgjengelig";"Data ikke tilgjengelig"
"ENCREC_003";"34";"3431";"Dovre";"2022";NA;NA;"Data ikke tilgjengelig";"Data ikke tilgjengelig"
"ENCREC_003";"34";"3431";"Dovre";"2023";NA;NA;"Data ikke tilgjengelig";"Data ikke tilgjengelig"
"ENCREC_003";"34";"3431";"Dovre";"2024";NA;NA;"Data ikke tilgjengelig";"Data ikke tilgjengelig"
"ENCREC_003";"34";"3431";"Dovre";"Endring 2018-2024";NA;NA;"NA";"Data ikke tilgjengelig"
"ENCREC_003";"34";"3432";"Lesja";"2018";NA;NA;"Data ikke tilgjengelig";"Data ikke tilgjengelig"
"ENCREC_003";"34";"3432";"Lesja";"2019";NA;NA;"Data ikke tilgjengelig";"Data ikke tilgjengelig"
"ENCREC_003";"34";"3432";"Lesja";"2020";NA;NA;"Data ikke tilgjengelig";"Data ikke tilgjengelig"
"ENCREC_003";"34";"3432";"Lesja";"2021";NA;NA;"Data ikke tilgjengelig";"Data ikke tilgjengelig"
"ENCREC_003";"34";"3432";"Lesja";"2022";NA;NA;"Data ikke tilgjengelig";"Data ikke tilgjengelig"
"ENCREC_003";"34";"3432";"Lesja";"2023";NA;NA;"Data ikke tilgjengelig";"Data ikke tilgjengelig"
"ENCREC_003";"34";"3432";"Lesja";"2024";NA;NA;"Data ikke tilgjengelig";"Data ikke tilgjengelig"
"ENCREC_003";"34";"3432";"Lesja";"Endring 2018-2024";NA;NA;"NA";"Data ikke tilgjengelig"
"ENCREC_003";"34";"3434";"Lom";"2018";NA;NA;"Data ikke tilgjengelig";"Data ikke tilgjengelig"
"ENCREC_003";"34";"3434";"Lom";"2019";NA;NA;"Data ikke tilgjengelig";"Data ikke tilgjengelig"
"ENCREC_003";"34";"3434";"Lom";"2020";NA;NA;"Data ikke tilgjengelig";"Data ikke tilgjengelig"
"ENCREC_003";"34";"3434";"Lom";"2021";NA;NA;"Data ikke tilgjengelig";"Data ikke tilgjengelig"
"ENCREC_003";"34";"3434";"Lom";"2022";NA;NA;"Data ikke tilgjengelig";"Data ikke tilgjengelig"
"ENCREC_003";"34";"3434";"Lom";"2023";NA;NA;"Data ikke tilgjengelig";"Data ikke tilgjengelig"
"ENCREC_003";"34";"3434";"Lom";"2024";NA;NA;"Data ikke tilgjengelig";"Data ikke tilgjengelig"
"ENCREC_003";"34";"3434";"Lom";"Endring 2018-2024";NA;NA;"NA";"Data ikke tilgjengelig"
"ENCREC_003";"34";"3436";"Nord-Fron";"2018";NA;NA;"Data ikke tilgjengelig";"Data ikke tilgjengelig"
"ENCREC_003";"34";"3436";"Nord-Fron";"2019";NA;NA;"Data ikke tilgjengelig";"Data ikke tilgjengelig"
"ENCREC_003";"34";"3436";"Nord-Fron";"2020";NA;NA;"Data ikke tilgjengelig";"Data ikke tilgjengelig"
"ENCREC_003";"34";"3436";"Nord-Fron";"2021";NA;NA;"Data ikke tilgjengelig";"Data ikke tilgjengelig"
"ENCREC_003";"34";"3436";"Nord-Fron";"2022";NA;NA;"Data ikke tilgjengelig";"Data ikke tilgjengelig"
"ENCREC_003";"34";"3436";"Nord-Fron";"2023";NA;NA;"Data ikke tilgjengelig";"Data ikke tilgjengelig"
"ENCREC_003";"34";"3436";"Nord-Fron";"2024";NA;NA;"Data ikke tilgjengelig";"Data ikke tilgjengelig"
"ENCREC_003";"34";"3436";"Nord-Fron";"Endring 2018-2024";NA;NA;"NA";"Data ikke tilgjengelig"
"ENCREC_003";"34";"3438";"Sør-Fron";"2018";NA;NA;"Data ikke tilgjengelig";"Data ikke tilgjengelig"
"ENCREC_003";"34";"3438";"Sør-Fron";"2019";NA;NA;"Data ikke tilgjengelig";"Data ikke tilgjengelig"
"ENCREC_003";"34";"3438";"Sør-Fron";"2020";NA;NA;"Data ikke tilgjengelig";"Data ikke tilgjengelig"
"ENCREC_003";"34";"3438";"Sør-Fron";"2021";NA;NA;"Data ikke tilgjengelig";"Data ikke tilgjengelig"
"ENCREC_003";"34";"3438";"Sør-Fron";"2022";NA;NA;"Data ikke tilgjengelig";"Data ikke tilgjengelig"
"ENCREC_003";"34";"3438";"Sør-Fron";"2023";NA;NA;"Data ikke tilgjengelig";"Data ikke tilgjengelig"
"ENCREC_003";"34";"3438";"Sør-Fron";"2024";NA;NA;"Data ikke tilgjengelig";"Data ikke tilgjengelig"
"ENCREC_003";"34";"3438";"Sør-Fron";"Endring 2018-2024";NA;NA;"NA";"Data ikke tilgjengelig"
"ENCREC_003";"34";"3439";"Ringebu";"2018";NA;NA;"Data ikke tilgjengelig";"Data ikke tilgjengelig"
"ENCREC_003";"34";"3439";"Ringebu";"2019";NA;NA;"Data ikke tilgjengelig";"Data ikke tilgjengelig"
"ENCREC_003";"34";"3439";"Ringebu";"2020";NA;NA;"Data ikke tilgjengelig";"Data ikke tilgjengelig"
"ENCREC_003";"34";"3439";"Ringebu";"2021";NA;NA;"Data ikke tilgjengelig";"Data ikke tilgjengelig"
"ENCREC_003";"34";"3439";"Ringebu";"2022";NA;NA;"Data ikke tilgjengelig";"Data ikke tilgjengelig"
"ENCREC_003";"34";"3439";"Ringebu";"2023";NA;NA;"Data ikke tilgjengelig";"Data ikke tilgjengelig"
"ENCREC_003";"34";"3439";"Ringebu";"2024";NA;NA;"Data ikke tilgjengelig";"Data ikke tilgjengelig"
"ENCREC_003";"34";"3439";"Ringebu";"Endring 2018-2024";NA;NA;"NA";"Data ikke tilgjengelig"
"ENCREC_003";"34";"3443";"Vestre Toten";"2018";NA;NA;"Data ikke tilgjengelig";"Data ikke tilgjengelig"
"ENCREC_003";"34";"3443";"Vestre Toten";"2019";NA;NA;"Data ikke tilgjengelig";"Data ikke tilgjengelig"
"ENCREC_003";"34";"3443";"Vestre Toten";"2020";NA;NA;"Data ikke tilgjengelig";"Data ikke tilgjengelig"
"ENCREC_003";"34";"3443";"Vestre Toten";"2021";NA;NA;"Data ikke tilgjengelig";"Data ikke tilgjengelig"
"ENCREC_003";"34";"3443";"Vestre Toten";"2022";NA;NA;"Data ikke tilgjengelig";"Data ikke tilgjengelig"
"ENCREC_003";"34";"3443";"Vestre Toten";"2023";NA;NA;"Data ikke tilgjengelig";"Data ikke tilgjengelig"
"ENCREC_003";"34";"3443";"Vestre Toten";"2024";NA;NA;"Data ikke tilgjengelig";"Data ikke tilgjengelig"
"ENCREC_003";"34";"3443";"Vestre Toten";"Endring 2018-2024";NA;NA;"NA";"Data ikke tilgjengelig"
"ENCREC_003";"34";"3446";"Gran";"2018";NA;NA;"Data ikke tilgjengelig";"Data ikke tilgjengelig"
"ENCREC_003";"34";"3446";"Gran";"2019";NA;NA;"Data ikke tilgjengelig";"Data ikke tilgjengelig"
"ENCREC_003";"34";"3446";"Gran";"2020";NA;NA;"Data ikke tilgjengelig";"Data ikke tilgjengelig"
"ENCREC_003";"34";"3446";"Gran";"2021";NA;NA;"Data ikke tilgjengelig";"Data ikke tilgjengelig"
"ENCREC_003";"34";"3446";"Gran";"2022";NA;NA;"Data ikke tilgjengelig";"Data ikke tilgjengelig"
"ENCREC_003";"34";"3446";"Gran";"2023";NA;NA;"Data ikke tilgjengelig";"Data ikke tilgjengelig"
"ENCREC_003";"34";"3446";"Gran";"2024";NA;NA;"Data ikke tilgjengelig";"Data ikke tilgjengelig"
"ENCREC_003";"34";"3446";"Gran";"Endring 2018-2024";NA;NA;"NA";"Data ikke tilgjengelig"
"ENCREC_003";"34";"3447";"Søndre Land";"2018";NA;NA;"Data ikke tilgjengelig";"Data ikke tilgjengelig"
"ENCREC_003";"34";"3447";"Søndre Land";"2019";NA;NA;"Data ikke tilgjengelig";"Data ikke tilgjengelig"
"ENCREC_003";"34";"3447";"Søndre Land";"2020";NA;NA;"Data ikke tilgjengelig";"Data ikke tilgjengelig"
"ENCREC_003";"34";"3447";"Søndre Land";"2021";NA;NA;"Data ikke tilgjengelig";"Data ikke tilgjengelig"
"ENCREC_003";"34";"3447";"Søndre Land";"2022";NA;NA;"Data ikke tilgjengelig";"Data ikke tilgjengelig"
"ENCREC_003";"34";"3447";"Søndre Land";"2023";NA;NA;"Data ikke tilgjengelig";"Data ikke tilgjengelig"
"ENCREC_003";"34";"3447";"Søndre Land";"2024";NA;NA;"Data ikke tilgjengelig";"Data ikke tilgjengelig"
"ENCREC_003";"34";"3447";"Søndre Land";"Endring 2018-2024";NA;NA;"NA";"Data ikke tilgjengelig"
"ENCREC_003";"34";"3448";"Nordre Land";"2018";NA;NA;"Data ikke tilgjengelig";"Data ikke tilgjengelig"
"ENCREC_003";"34";"3448";"Nordre Land";"2019";NA;NA;"Data ikke tilgjengelig";"Data ikke tilgjengelig"
"ENCREC_003";"34";"3448";"Nordre Land";"2020";NA;NA;"Data ikke tilgjengelig";"Data ikke tilgjengelig"
"ENCREC_003";"34";"3448";"Nordre Land";"2021";NA;NA;"Data ikke tilgjengelig";"Data ikke tilgjengelig"
"ENCREC_003";"34";"3448";"Nordre Land";"2022";NA;NA;"Data ikke tilgjengelig";"Data ikke tilgjengelig"
"ENCREC_003";"34";"3448";"Nordre Land";"2023";NA;NA;"Data ikke tilgjengelig";"Data ikke tilgjengelig"
"ENCREC_003";"34";"3448";"Nordre Land";"2024";NA;NA;"Data ikke tilgjengelig";"Data ikke tilgjengelig"
"ENCREC_003";"34";"3448";"Nordre Land";"Endring 2018-2024";NA;NA;"NA";"Data ikke tilgjengelig"
"ENCREC_003";"34";"3449";"Sør-Aurdal";"2018";NA;NA;"Data ikke tilgjengelig";"Data ikke tilgjengelig"
"ENCREC_003";"34";"3449";"Sør-Aurdal";"2019";NA;NA;"Data ikke tilgjengelig";"Data ikke tilgjengelig"
"ENCREC_003";"34";"3449";"Sør-Aurdal";"2020";NA;NA;"Data ikke tilgjengelig";"Data ikke tilgjengelig"
"ENCREC_003";"34";"3449";"Sør-Aurdal";"2021";NA;NA;"Data ikke tilgjengelig";"Data ikke tilgjengelig"
"ENCREC_003";"34";"3449";"Sør-Aurdal";"2022";NA;NA;"Data ikke tilgjengelig";"Data ikke tilgjengelig"
"ENCREC_003";"34";"3449";"Sør-Aurdal";"2023";NA;NA;"Data ikke tilgjengelig";"Data ikke tilgjengelig"
"ENCREC_003";"34";"3449";"Sør-Aurdal";"2024";NA;NA;"Data ikke tilgjengelig";"Data ikke tilgjengelig"
"ENCREC_003";"34";"3449";"Sør-Aurdal";"Endring 2018-2024";NA;NA;"NA";"Data ikke tilgjengelig"
"ENCREC_003";"34";"3452";"Vestre Slidre";"2018";NA;NA;"Data ikke tilgjengelig";"Data ikke tilgjengelig"
"ENCREC_003";"34";"3452";"Vestre Slidre";"2019";NA;NA;"Data ikke tilgjengelig";"Data ikke tilgjengelig"
"ENCREC_003";"34";"3452";"Vestre Slidre";"2020";NA;NA;"Data ikke tilgjengelig";"Data ikke tilgjengelig"
"ENCREC_003";"34";"3452";"Vestre Slidre";"2021";NA;NA;"Data ikke tilgjengelig";"Data ikke tilgjengelig"
"ENCREC_003";"34";"3452";"Vestre Slidre";"2022";NA;NA;"Data ikke tilgjengelig";"Data ikke tilgjengelig"
"ENCREC_003";"34";"3452";"Vestre Slidre";"2023";NA;NA;"Data ikke tilgjengelig";"Data ikke tilgjengelig"
"ENCREC_003";"34";"3452";"Vestre Slidre";"2024";NA;NA;"Data ikke tilgjengelig";"Data ikke tilgjengelig"
"ENCREC_003";"34";"3452";"Vestre Slidre";"Endring 2018-2024";NA;NA;"NA";"Data ikke tilgjengelig"
"ENCREC_003";"34";"3453";"Øystre Slidre";"2018";NA;NA;"Data ikke tilgjengelig";"Data ikke tilgjengelig"
"ENCREC_003";"34";"3453";"Øystre Slidre";"2019";NA;NA;"Data ikke tilgjengelig";"Data ikke tilgjengelig"
"ENCREC_003";"34";"3453";"Øystre Slidre";"2020";NA;NA;"Data ikke tilgjengelig";"Data ikke tilgjengelig"
"ENCREC_003";"34";"3453";"Øystre Slidre";"2021";NA;NA;"Data ikke tilgjengelig";"Data ikke tilgjengelig"
"ENCREC_003";"34";"3453";"Øystre Slidre";"2022";NA;NA;"Data ikke tilgjengelig";"Data ikke tilgjengelig"
"ENCREC_003";"34";"3453";"Øystre Slidre";"2023";NA;NA;"Data ikke tilgjengelig";"Data ikke tilgjengelig"
"ENCREC_003";"34";"3453";"Øystre Slidre";"2024";NA;NA;"Data ikke tilgjengelig";"Data ikke tilgjengelig"
"ENCREC_003";"34";"3453";"Øystre Slidre";"Endring 2018-2024";NA;NA;"NA";"Data ikke tilgjengelig"
"ENCREC_003";"40";"4001";"Porsgrunn";"2018";NA;NA;"Data ikke tilgjengelig";"Data ikke tilgjengelig"
"ENCREC_003";"40";"4001";"Porsgrunn";"2019";NA;NA;"Data ikke tilgjengelig";"Data ikke tilgjengelig"
"ENCREC_003";"40";"4001";"Porsgrunn";"2020";NA;NA;"Data ikke tilgjengelig";"Data ikke tilgjengelig"
"ENCREC_003";"40";"4001";"Porsgrunn";"2021";NA;NA;"Data ikke tilgjengelig";"Data ikke tilgjengelig"
"ENCREC_003";"40";"4001";"Porsgrunn";"2022";NA;NA;"Data ikke tilgjengelig";"Data ikke tilgjengelig"
"ENCREC_003";"40";"4001";"Porsgrunn";"2023";NA;NA;"Data ikke tilgjengelig";"Data ikke tilgjengelig"
"ENCREC_003";"40";"4001";"Porsgrunn";"2024";NA;NA;"Data ikke tilgjengelig";"Data ikke tilgjengelig"
"ENCREC_003";"40";"4001";"Porsgrunn";"Endring 2018-2024";NA;NA;"NA";"Data ikke tilgjengelig"
"ENCREC_003";"40";"4005";"Notodden";"2018";NA;NA;"Data ikke tilgjengelig";"Data ikke tilgjengelig"
"ENCREC_003";"40";"4005";"Notodden";"2019";NA;NA;"Data ikke tilgjengelig";"Data ikke tilgjengelig"
"ENCREC_003";"40";"4005";"Notodden";"2020";NA;NA;"Data ikke tilgjengelig";"Data ikke tilgjengelig"
"ENCREC_003";"40";"4005";"Notodden";"2021";NA;NA;"Data ikke tilgjengelig";"Data ikke tilgjengelig"
"ENCREC_003";"40";"4005";"Notodden";"2022";NA;NA;"Data ikke tilgjengelig";"Data ikke tilgjengelig"
"ENCREC_003";"40";"4005";"Notodden";"2023";NA;NA;"Data ikke tilgjengelig";"Data ikke tilgjengelig"
"ENCREC_003";"40";"4005";"Notodden";"2024";NA;NA;"Data ikke tilgjengelig";"Data ikke tilgjengelig"
"ENCREC_003";"40";"4005";"Notodden";"Endring 2018-2024";NA;NA;"NA";"Data ikke tilgjengelig"
"ENCREC_003";"40";"4018";"Nome";"2018";NA;NA;"Data ikke tilgjengelig";"Data ikke tilgjengelig"
"ENCREC_003";"40";"4018";"Nome";"2019";NA;NA;"Data ikke tilgjengelig";"Data ikke tilgjengelig"
"ENCREC_003";"40";"4018";"Nome";"2020";NA;NA;"Data ikke tilgjengelig";"Data ikke tilgjengelig"
"ENCREC_003";"40";"4018";"Nome";"2021";NA;NA;"Data ikke tilgjengelig";"Data ikke tilgjengelig"
"ENCREC_003";"40";"4018";"Nome";"2022";NA;NA;"Data ikke tilgjengelig";"Data ikke tilgjengelig"
"ENCREC_003";"40";"4018";"Nome";"2023";NA;NA;"Data ikke tilgjengelig";"Data ikke tilgjengelig"
"ENCREC_003";"40";"4018";"Nome";"2024";NA;NA;"Data ikke tilgjengelig";"Data ikke tilgjengelig"
"ENCREC_003";"40";"4018";"Nome";"Endring 2018-2024";NA;NA;"NA";"Data ikke tilgjengelig"
"ENCREC_003";"40";"4022";"Seljord";"2018";NA;NA;"Data ikke tilgjengelig";"Data ikke tilgjengelig"
"ENCREC_003";"40";"4022";"Seljord";"2019";NA;NA;"Data ikke tilgjengelig";"Data ikke tilgjengelig"
"ENCREC_003";"40";"4022";"Seljord";"2020";NA;NA;"Data ikke tilgjengelig";"Data ikke tilgjengelig"
"ENCREC_003";"40";"4022";"Seljord";"2021";NA;NA;"Data ikke tilgjengelig";"Data ikke tilgjengelig"
"ENCREC_003";"40";"4022";"Seljord";"2022";NA;NA;"Data ikke tilgjengelig";"Data ikke tilgjengelig"
"ENCREC_003";"40";"4022";"Seljord";"2023";NA;NA;"Data ikke tilgjengelig";"Data ikke tilgjengelig"
"ENCREC_003";"40";"4022";"Seljord";"2024";NA;NA;"Data ikke tilgjengelig";"Data ikke tilgjengelig"
"ENCREC_003";"40";"4022";"Seljord";"Endring 2018-2024";NA;NA;"NA";"Data ikke tilgjengelig"
"ENCREC_003";"40";"4024";"Hjartdal";"2018";NA;NA;"Data ikke tilgjengelig";"Data ikke tilgjengelig"
"ENCREC_003";"40";"4024";"Hjartdal";"2019";NA;NA;"Data ikke tilgjengelig";"Data ikke tilgjengelig"
"ENCREC_003";"40";"4024";"Hjartdal";"2020";NA;NA;"Data ikke tilgjengelig";"Data ikke tilgjengelig"
"ENCREC_003";"40";"4024";"Hjartdal";"2021";NA;NA;"Data ikke tilgjengelig";"Data ikke tilgjengelig"
"ENCREC_003";"40";"4024";"Hjartdal";"2022";NA;NA;"Data ikke tilgjengelig";"Data ikke tilgjengelig"
"ENCREC_003";"40";"4024";"Hjartdal";"2023";NA;NA;"Data ikke tilgjengelig";"Data ikke tilgjengelig"
"ENCREC_003";"40";"4024";"Hjartdal";"2024";NA;NA;"Data ikke tilgjengelig";"Data ikke tilgjengelig"
"ENCREC_003";"40";"4024";"Hjartdal";"Endring 2018-2024";NA;NA;"NA";"Data ikke tilgjengelig"
"ENCREC_003";"40";"4026";"Tinn";"2018";NA;NA;"Data ikke tilgjengelig";"Data ikke tilgjengelig"
"ENCREC_003";"40";"4026";"Tinn";"2019";NA;NA;"Data ikke tilgjengelig";"Data ikke tilgjengelig"
"ENCREC_003";"40";"4026";"Tinn";"2020";NA;NA;"Data ikke tilgjengelig";"Data ikke tilgjengelig"
"ENCREC_003";"40";"4026";"Tinn";"2021";NA;NA;"Data ikke tilgjengelig";"Data ikke tilgjengelig"
"ENCREC_003";"40";"4026";"Tinn";"2022";NA;NA;"Data ikke tilgjengelig";"Data ikke tilgjengelig"
"ENCREC_003";"40";"4026";"Tinn";"2023";NA;NA;"Data ikke tilgjengelig";"Data ikke tilgjengelig"
"ENCREC_003";"40";"4026";"Tinn";"2024";NA;NA;"Data ikke tilgjengelig";"Data ikke tilgjengelig"
"ENCREC_003";"40";"4026";"Tinn";"Endring 2018-2024";NA;NA;"NA";"Data ikke tilgjengelig"
"ENCREC_003";"40";"4028";"Kviteseid";"2018";NA;NA;"Data ikke tilgjengelig";"Data ikke tilgjengelig"
"ENCREC_003";"40";"4028";"Kviteseid";"2019";NA;NA;"Data ikke tilgjengelig";"Data ikke tilgjengelig"
"ENCREC_003";"40";"4028";"Kviteseid";"2020";NA;NA;"Data ikke tilgjengelig";"Data ikke tilgjengelig"
"ENCREC_003";"40";"4028";"Kviteseid";"2021";NA;NA;"Data ikke tilgjengelig";"Data ikke tilgjengelig"
"ENCREC_003";"40";"4028";"Kviteseid";"2022";NA;NA;"Data ikke tilgjengelig";"Data ikke tilgjengelig"
"ENCREC_003";"40";"4028";"Kviteseid";"2023";NA;NA;"Data ikke tilgjengelig";"Data ikke tilgjengelig"
"ENCREC_003";"40";"4028";"Kviteseid";"2024";NA;NA;"Data ikke tilgjengelig";"Data ikke tilgjengelig"
"ENCREC_003";"40";"4028";"Kviteseid";"Endring 2018-2024";NA;NA;"NA";"Data ikke tilgjengelig"
"ENCREC_003";"40";"4030";"Nissedal";"2018";NA;NA;"Data ikke tilgjengelig";"Data ikke tilgjengelig"
"ENCREC_003";"40";"4030";"Nissedal";"2019";NA;NA;"Data ikke tilgjengelig";"Data ikke tilgjengelig"
"ENCREC_003";"40";"4030";"Nissedal";"2020";NA;NA;"Data ikke tilgjengelig";"Data ikke tilgjengelig"
"ENCREC_003";"40";"4030";"Nissedal";"2021";NA;NA;"Data ikke tilgjengelig";"Data ikke tilgjengelig"
"ENCREC_003";"40";"4030";"Nissedal";"2022";NA;NA;"Data ikke tilgjengelig";"Data ikke tilgjengelig"
"ENCREC_003";"40";"4030";"Nissedal";"2023";NA;NA;"Data ikke tilgjengelig";"Data ikke tilgjengelig"
"ENCREC_003";"40";"4030";"Nissedal";"2024";NA;NA;"Data ikke tilgjengelig";"Data ikke tilgjengelig"
"ENCREC_003";"40";"4030";"Nissedal";"Endring 2018-2024";NA;NA;"NA";"Data ikke tilgjengelig"
"ENCREC_003";"40";"4032";"Fyresdal";"2018";NA;NA;"Data ikke tilgjengelig";"Data ikke tilgjengelig"
"ENCREC_003";"40";"4032";"Fyresdal";"2019";NA;NA;"Data ikke tilgjengelig";"Data ikke tilgjengelig"
"ENCREC_003";"40";"4032";"Fyresdal";"2020";NA;NA;"Data ikke tilgjengelig";"Data ikke tilgjengelig"
"ENCREC_003";"40";"4032";"Fyresdal";"2021";NA;NA;"Data ikke tilgjengelig";"Data ikke tilgjengelig"
"ENCREC_003";"40";"4032";"Fyresdal";"2022";NA;NA;"Data ikke tilgjengelig";"Data ikke tilgjengelig"
"ENCREC_003";"40";"4032";"Fyresdal";"2023";NA;NA;"Data ikke tilgjengelig";"Data ikke tilgjengelig"
"ENCREC_003";"40";"4032";"Fyresdal";"2024";NA;NA;"Data ikke tilgjengelig";"Data ikke tilgjengelig"
"ENCREC_003";"40";"4032";"Fyresdal";"Endring 2018-2024";NA;NA;"NA";"Data ikke tilgjengelig"
"ENCREC_003";"40";"4034";"Tokke";"2018";NA;NA;"Data ikke tilgjengelig";"Data ikke tilgjengelig"
"ENCREC_003";"40";"4034";"Tokke";"2019";NA;NA;"Data ikke tilgjengelig";"Data ikke tilgjengelig"
"ENCREC_003";"40";"4034";"Tokke";"2020";NA;NA;"Data ikke tilgjengelig";"Data ikke tilgjengelig"
"ENCREC_003";"40";"4034";"Tokke";"2021";NA;NA;"Data ikke tilgjengelig";"Data ikke tilgjengelig"
"ENCREC_003";"40";"4034";"Tokke";"2022";NA;NA;"Data ikke tilgjengelig";"Data ikke tilgjengelig"
"ENCREC_003";"40";"4034";"Tokke";"2023";NA;NA;"Data ikke tilgjengelig";"Data ikke tilgjengelig"
"ENCREC_003";"40";"4034";"Tokke";"2024";NA;NA;"Data ikke tilgjengelig";"Data ikke tilgjengelig"
"ENCREC_003";"40";"4034";"Tokke";"Endring 2018-2024";NA;NA;"NA";"Data ikke tilgjengelig"
"ENCREC_003";"42";"4217";"Åmli";"2018";NA;NA;"Data ikke tilgjengelig";"Data ikke tilgjengelig"
"ENCREC_003";"42";"4217";"Åmli";"2019";NA;NA;"Data ikke tilgjengelig";"Data ikke tilgjengelig"
"ENCREC_003";"42";"4217";"Åmli";"2020";NA;NA;"Data ikke tilgjengelig";"Data ikke tilgjengelig"
"ENCREC_003";"42";"4217";"Åmli";"2021";NA;NA;"Data ikke tilgjengelig";"Data ikke tilgjengelig"
"ENCREC_003";"42";"4217";"Åmli";"2022";NA;NA;"Data ikke tilgjengelig";"Data ikke tilgjengelig"
"ENCREC_003";"42";"4217";"Åmli";"2023";NA;NA;"Data ikke tilgjengelig";"Data ikke tilgjengelig"
"ENCREC_003";"42";"4217";"Åmli";"2024";NA;NA;"Data ikke tilgjengelig";"Data ikke tilgjengelig"
"ENCREC_003";"42";"4217";"Åmli";"Endring 2018-2024";NA;NA;"NA";"Data ikke tilgjengelig"
"ENCREC_003";"42";"4218";"Iveland";"2018";NA;NA;"Data ikke tilgjengelig";"Data ikke tilgjengelig"
"ENCREC_003";"42";"4218";"Iveland";"2019";NA;NA;"Data ikke tilgjengelig";"Data ikke tilgjengelig"
"ENCREC_003";"42";"4218";"Iveland";"2020";NA;NA;"Data ikke tilgjengelig";"Data ikke tilgjengelig"
"ENCREC_003";"42";"4218";"Iveland";"2021";NA;NA;"Data ikke tilgjengelig";"Data ikke tilgjengelig"
"ENCREC_003";"42";"4218";"Iveland";"2022";NA;NA;"Data ikke tilgjengelig";"Data ikke tilgjengelig"
"ENCREC_003";"42";"4218";"Iveland";"2023";NA;NA;"Data ikke tilgjengelig";"Data ikke tilgjengelig"
"ENCREC_003";"42";"4218";"Iveland";"2024";NA;NA;"Data ikke tilgjengelig";"Data ikke tilgjengelig"
"ENCREC_003";"42";"4218";"Iveland";"Endring 2018-2024";NA;NA;"NA";"Data ikke tilgjengelig"
"ENCREC_003";"42";"4220";"Bygland";"2018";NA;NA;"Data ikke tilgjengelig";"Data ikke tilgjengelig"
"ENCREC_003";"42";"4220";"Bygland";"2019";NA;NA;"Data ikke tilgjengelig";"Data ikke tilgjengelig"
"ENCREC_003";"42";"4220";"Bygland";"2020";NA;NA;"Data ikke tilgjengelig";"Data ikke tilgjengelig"
"ENCREC_003";"42";"4220";"Bygland";"2021";NA;NA;"Data ikke tilgjengelig";"Data ikke tilgjengelig"
"ENCREC_003";"42";"4220";"Bygland";"2022";NA;NA;"Data ikke tilgjengelig";"Data ikke tilgjengelig"
"ENCREC_003";"42";"4220";"Bygland";"2023";NA;NA;"Data ikke tilgjengelig";"Data ikke tilgjengelig"
"ENCREC_003";"42";"4220";"Bygland";"2024";NA;NA;"Data ikke tilgjengelig";"Data ikke tilgjengelig"
"ENCREC_003";"42";"4220";"Bygland";"Endring 2018-2024";NA;NA;"NA";"Data ikke tilgjengelig"
"ENCREC_003";"42";"4221";"Valle";"2018";NA;NA;"Data ikke tilgjengelig";"Data ikke tilgjengelig"
"ENCREC_003";"42";"4221";"Valle";"2019";NA;NA;"Data ikke tilgjengelig";"Data ikke tilgjengelig"
"ENCREC_003";"42";"4221";"Valle";"2020";NA;NA;"Data ikke tilgjengelig";"Data ikke tilgjengelig"
"ENCREC_003";"42";"4221";"Valle";"2021";NA;NA;"Data ikke tilgjengelig";"Data ikke tilgjengelig"
"ENCREC_003";"42";"4221";"Valle";"2022";NA;NA;"Data ikke tilgjengelig";"Data ikke tilgjengelig"
"ENCREC_003";"42";"4221";"Valle";"2023";NA;NA;"Data ikke tilgjengelig";"Data ikke tilgjengelig"
"ENCREC_003";"42";"4221";"Valle";"2024";NA;NA;"Data ikke tilgjengelig";"Data ikke tilgjengelig"
"ENCREC_003";"42";"4221";"Valle";"Endring 2018-2024";NA;NA;"NA";"Data ikke tilgjengelig"
"ENCREC_003";"42";"4222";"Bykle";"2018";NA;NA;"Data ikke tilgjengelig";"Data ikke tilgjengelig"
"ENCREC_003";"42";"4222";"Bykle";"2019";NA;NA;"Data ikke tilgjengelig";"Data ikke tilgjengelig"
"ENCREC_003";"42";"4222";"Bykle";"2020";NA;NA;"Data ikke tilgjengelig";"Data ikke tilgjengelig"
"ENCREC_003";"42";"4222";"Bykle";"2021";NA;NA;"Data ikke tilgjengelig";"Data ikke tilgjengelig"
"ENCREC_003";"42";"4222";"Bykle";"2022";NA;NA;"Data ikke tilgjengelig";"Data ikke tilgjengelig"
"ENCREC_003";"42";"4222";"Bykle";"2023";NA;NA;"Data ikke tilgjengelig";"Data ikke tilgjengelig"
"ENCREC_003";"42";"4222";"Bykle";"2024";NA;NA;"Data ikke tilgjengelig";"Data ikke tilgjengelig"
"ENCREC_003";"42";"4222";"Bykle";"Endring 2018-2024";NA;NA;"NA";"Data ikke tilgjengelig"
"ENCREC_003";"42";"4223";"Vennesla";"2018";NA;NA;"Data ikke tilgjengelig";"Data ikke tilgjengelig"
"ENCREC_003";"42";"4223";"Vennesla";"2019";NA;NA;"Data ikke tilgjengelig";"Data ikke tilgjengelig"
"ENCREC_003";"42";"4223";"Vennesla";"2020";NA;NA;"Data ikke tilgjengelig";"Data ikke tilgjengelig"
"ENCREC_003";"42";"4223";"Vennesla";"2021";NA;NA;"Data ikke tilgjengelig";"Data ikke tilgjengelig"
"ENCREC_003";"42";"4223";"Vennesla";"2022";NA;NA;"Data ikke tilgjengelig";"Data ikke tilgjengelig"
"ENCREC_003";"42";"4223";"Vennesla";"2023";NA;NA;"Data ikke tilgjengelig";"Data ikke tilgjengelig"
"ENCREC_003";"42";"4223";"Vennesla";"2024";NA;NA;"Data ikke tilgjengelig";"Data ikke tilgjengelig"
"ENCREC_003";"42";"4223";"Vennesla";"Endring 2018-2024";NA;NA;"NA";"Data ikke tilgjengelig"
"ENCREC_003";"42";"4224";"Åseral";"2018";NA;NA;"Data ikke tilgjengelig";"Data ikke tilgjengelig"
"ENCREC_003";"42";"4224";"Åseral";"2019";NA;NA;"Data ikke tilgjengelig";"Data ikke tilgjengelig"
"ENCREC_003";"42";"4224";"Åseral";"2020";NA;NA;"Data ikke tilgjengelig";"Data ikke tilgjengelig"
"ENCREC_003";"42";"4224";"Åseral";"2021";NA;NA;"Data ikke tilgjengelig";"Data ikke tilgjengelig"
"ENCREC_003";"42";"4224";"Åseral";"2022";NA;NA;"Data ikke tilgjengelig";"Data ikke tilgjengelig"
"ENCREC_003";"42";"4224";"Åseral";"2023";NA;NA;"Data ikke tilgjengelig";"Data ikke tilgjengelig"
"ENCREC_003";"42";"4224";"Åseral";"2024";NA;NA;"Data ikke tilgjengelig";"Data ikke tilgjengelig"
"ENCREC_003";"42";"4224";"Åseral";"Endring 2018-2024";NA;NA;"NA";"Data ikke tilgjengelig"
"ENCREC_003";"42";"4226";"Hægebostad";"2018";NA;NA;"Data ikke tilgjengelig";"Data ikke tilgjengelig"
"ENCREC_003";"42";"4226";"Hægebostad";"2019";NA;NA;"Data ikke tilgjengelig";"Data ikke tilgjengelig"
"ENCREC_003";"42";"4226";"Hægebostad";"2020";NA;NA;"Data ikke tilgjengelig";"Data ikke tilgjengelig"
"ENCREC_003";"42";"4226";"Hægebostad";"2021";NA;NA;"Data ikke tilgjengelig";"Data ikke tilgjengelig"
"ENCREC_003";"42";"4226";"Hægebostad";"2022";NA;NA;"Data ikke tilgjengelig";"Data ikke tilgjengelig"
"ENCREC_003";"42";"4226";"Hægebostad";"2023";NA;NA;"Data ikke tilgjengelig";"Data ikke tilgjengelig"
"ENCREC_003";"42";"4226";"Hægebostad";"2024";NA;NA;"Data ikke tilgjengelig";"Data ikke tilgjengelig"
"ENCREC_003";"42";"4226";"Hægebostad";"Endring 2018-2024";NA;NA;"NA";"Data ikke tilgjengelig"
"ENCREC_003";"42";"4228";"Sirdal";"2018";NA;NA;"Data ikke tilgjengelig";"Data ikke tilgjengelig"
"ENCREC_003";"42";"4228";"Sirdal";"2019";NA;NA;"Data ikke tilgjengelig";"Data ikke tilgjengelig"
"ENCREC_003";"42";"4228";"Sirdal";"2020";NA;NA;"Data ikke tilgjengelig";"Data ikke tilgjengelig"
"ENCREC_003";"42";"4228";"Sirdal";"2021";NA;NA;"Data ikke tilgjengelig";"Data ikke tilgjengelig"
"ENCREC_003";"42";"4228";"Sirdal";"2022";NA;NA;"Data ikke tilgjengelig";"Data ikke tilgjengelig"
"ENCREC_003";"42";"4228";"Sirdal";"2023";NA;NA;"Data ikke tilgjengelig";"Data ikke tilgjengelig"
"ENCREC_003";"42";"4228";"Sirdal";"2024";NA;NA;"Data ikke tilgjengelig";"Data ikke tilgjengelig"
"ENCREC_003";"42";"4228";"Sirdal";"Endring 2018-2024";NA;NA;"NA";"Data ikke tilgjengelig"
"ENCREC_003";"46";"4642";"Lærdal";"2018";NA;NA;"Data ikke tilgjengelig";"Data ikke tilgjengelig"
"ENCREC_003";"46";"4642";"Lærdal";"2019";NA;NA;"Data ikke tilgjengelig";"Data ikke tilgjengelig"
"ENCREC_003";"46";"4642";"Lærdal";"2020";NA;NA;"Data ikke tilgjengelig";"Data ikke tilgjengelig"
"ENCREC_003";"46";"4642";"Lærdal";"2021";NA;NA;"Data ikke tilgjengelig";"Data ikke tilgjengelig"
"ENCREC_003";"46";"4642";"Lærdal";"2022";NA;NA;"Data ikke tilgjengelig";"Data ikke tilgjengelig"
"ENCREC_003";"46";"4642";"Lærdal";"2023";NA;NA;"Data ikke tilgjengelig";"Data ikke tilgjengelig"
"ENCREC_003";"46";"4642";"Lærdal";"2024";NA;NA;"Data ikke tilgjengelig";"Data ikke tilgjengelig"
"ENCREC_003";"46";"4642";"Lærdal";"Endring 2018-2024";NA;NA;"NA";"Data ikke tilgjengelig"
"ENCREC_003";"46";"4645";"Askvoll";"2018";NA;NA;"Data ikke tilgjengelig";"Data ikke tilgjengelig"
"ENCREC_003";"46";"4645";"Askvoll";"2019";NA;NA;"Data ikke tilgjengelig";"Data ikke tilgjengelig"
"ENCREC_003";"46";"4645";"Askvoll";"2020";NA;NA;"Data ikke tilgjengelig";"Data ikke tilgjengelig"
"ENCREC_003";"46";"4645";"Askvoll";"2021";NA;NA;"Data ikke tilgjengelig";"Data ikke tilgjengelig"
"ENCREC_003";"46";"4645";"Askvoll";"2022";NA;NA;"Data ikke tilgjengelig";"Data ikke tilgjengelig"
"ENCREC_003";"46";"4645";"Askvoll";"2023";NA;NA;"Data ikke tilgjengelig";"Data ikke tilgjengelig"
"ENCREC_003";"46";"4645";"Askvoll";"2024";NA;NA;"Data ikke tilgjengelig";"Data ikke tilgjengelig"
"ENCREC_003";"46";"4645";"Askvoll";"Endring 2018-2024";NA;NA;"NA";"Data ikke tilgjengelig"
"ENCREC_003";"50";"5032";"Selbu";"2018";NA;NA;"Data ikke tilgjengelig";"Data ikke tilgjengelig"
"ENCREC_003";"50";"5032";"Selbu";"2019";NA;NA;"Data ikke tilgjengelig";"Data ikke tilgjengelig"
"ENCREC_003";"50";"5032";"Selbu";"2020";NA;NA;"Data ikke tilgjengelig";"Data ikke tilgjengelig"
"ENCREC_003";"50";"5032";"Selbu";"2021";NA;NA;"Data ikke tilgjengelig";"Data ikke tilgjengelig"
"ENCREC_003";"50";"5032";"Selbu";"2022";NA;NA;"Data ikke tilgjengelig";"Data ikke tilgjengelig"
"ENCREC_003";"50";"5032";"Selbu";"2023";NA;NA;"Data ikke tilgjengelig";"Data ikke tilgjengelig"
"ENCREC_003";"50";"5032";"Selbu";"2024";NA;NA;"Data ikke tilgjengelig";"Data ikke tilgjengelig"
"ENCREC_003";"50";"5032";"Selbu";"Endring 2018-2024";NA;NA;"NA";"Data ikke tilgjengelig"
"ENCREC_003";"55";"5514";"Ibestad";"2018";NA;NA;"Data ikke tilgjengelig";"Data ikke tilgjengelig"
"ENCREC_003";"55";"5514";"Ibestad";"2019";NA;NA;"Data ikke tilgjengelig";"Data ikke tilgjengelig"
"ENCREC_003";"55";"5514";"Ibestad";"2020";NA;NA;"Data ikke tilgjengelig";"Data ikke tilgjengelig"
"ENCREC_003";"55";"5514";"Ibestad";"2021";NA;NA;"Data ikke tilgjengelig";"Data ikke tilgjengelig"
"ENCREC_003";"55";"5514";"Ibestad";"2022";NA;NA;"Data ikke tilgjengelig";"Data ikke tilgjengelig"
"ENCREC_003";"55";"5514";"Ibestad";"2023";NA;NA;"Data ikke tilgjengelig";"Data ikke tilgjengelig"
"ENCREC_003";"55";"5514";"Ibestad";"2024";NA;NA;"Data ikke tilgjengelig";"Data ikke tilgjengelig"
"ENCREC_003";"55";"5514";"Ibestad";"Endring 2018-2024";NA;NA;"NA";"Data ikke tilgjengelig"
"ENCREC_003";"56";"5610";"Kárášjohka/Karasjok";"2018";NA;NA;"Data ikke tilgjengelig";"Data ikke tilgjengelig"
"ENCREC_003";"56";"5610";"Kárášjohka/Karasjok";"2019";NA;NA;"Data ikke tilgjengelig";"Data ikke tilgjengelig"
"ENCREC_003";"56";"5610";"Kárášjohka/Karasjok";"2020";NA;NA;"Data ikke tilgjengelig";"Data ikke tilgjengelig"
"ENCREC_003";"56";"5610";"Kárášjohka/Karasjok";"2021";NA;NA;"Data ikke tilgjengelig";"Data ikke tilgjengelig"
"ENCREC_003";"56";"5610";"Kárášjohka/Karasjok";"2022";NA;NA;"Data ikke tilgjengelig";"Data ikke tilgjengelig"
"ENCREC_003";"56";"5610";"Kárášjohka/Karasjok";"2023";NA;NA;"Data ikke tilgjengelig";"Data ikke tilgjengelig"
"ENCREC_003";"56";"5610";"Kárášjohka/Karasjok";"2024";NA;NA;"Data ikke tilgjengelig";"Data ikke tilgjengelig"
"ENCREC_003";"56";"5610";"Kárášjohka/Karasjok";"Endring 2018-2024";NA;NA;"NA";"Data ikke tilgjengelig"
"ENCREC_003";"56";"5626";"Gamvik";"2018";NA;NA;"Data ikke tilgjengelig";"Data ikke tilgjengelig"
"ENCREC_003";"56";"5626";"Gamvik";"2019";NA;NA;"Data ikke tilgjengelig";"Data ikke tilgjengelig"
"ENCREC_003";"56";"5626";"Gamvik";"2020";NA;NA;"Data ikke tilgjengelig";"Data ikke tilgjengelig"
"ENCREC_003";"56";"5626";"Gamvik";"2021";NA;NA;"Data ikke tilgjengelig";"Data ikke tilgjengelig"
"ENCREC_003";"56";"5626";"Gamvik";"2022";NA;NA;"Data ikke tilgjengelig";"Data ikke tilgjengelig"
"ENCREC_003";"56";"5626";"Gamvik";"2023";NA;NA;"Data ikke tilgjengelig";"Data ikke tilgjengelig"
"ENCREC_003";"56";"5626";"Gamvik";"2024";NA;NA;"Data ikke tilgjengelig";"Data ikke tilgjengelig"
"ENCREC_003";"56";"5626";"Gamvik";"Endring 2018-2024";NA;NA;"NA";"Data ikke tilgjengelig"
"ENCREC_004";"18";"1816";"Vevelstad";"2018";0;0;"Data ikke tilgjengelig";"Data ikke tilgjengelig"
"ENCREC_004";"18";"1816";"Vevelstad";"2019";0;0;"Data ikke tilgjengelig";"Data ikke tilgjengelig"
"ENCREC_004";"18";"1816";"Vevelstad";"2020";0;0;"Data ikke tilgjengelig";"Data ikke tilgjengelig"
"ENCREC_004";"18";"1816";"Vevelstad";"2021";0;0;"Data ikke tilgjengelig";"Data ikke tilgjengelig"
"ENCREC_004";"18";"1816";"Vevelstad";"2022";0;0;"Data ikke tilgjengelig";"Data ikke tilgjengelig"
"ENCREC_004";"18";"1816";"Vevelstad";"2023";0;0;"Data ikke tilgjengelig";"Data ikke tilgjengelig"
"ENCREC_004";"18";"1816";"Vevelstad";"2024";0;0;"Data ikke tilgjengelig";"Data ikke tilgjengelig"
"ENCREC_004";"18";"1816";"Vevelstad";"Endring 2018-2024";NA;0;"NA";"Data ikke tilgjengelig"
"ENCREC_004";"18";"1828";"Nesna";"2018";0;0;"Data ikke tilgjengelig";"Data ikke tilgjengelig"
"ENCREC_004";"18";"1828";"Nesna";"2019";0;0;"Data ikke tilgjengelig";"Data ikke tilgjengelig"
"ENCREC_004";"18";"1828";"Nesna";"2020";0;0;"Data ikke tilgjengelig";"Data ikke tilgjengelig"
"ENCREC_004";"18";"1828";"Nesna";"2021";0;0;"Data ikke tilgjengelig";"Data ikke tilgjengelig"
"ENCREC_004";"18";"1828";"Nesna";"2022";0;0;"Data ikke tilgjengelig";"Data ikke tilgjengelig"
"ENCREC_004";"18";"1828";"Nesna";"2023";0;0;"Data ikke tilgjengelig";"Data ikke tilgjengelig"
"ENCREC_004";"18";"1828";"Nesna";"2024";0;0;"Data ikke tilgjengelig";"Data ikke tilgjengelig"
"ENCREC_004";"18";"1828";"Nesna";"Endring 2018-2024";NA;0;"NA";"Data ikke tilgjengelig"
"ENCREC_004";"18";"1835";"Træna";"2018";0;0;"Data ikke tilgjengelig";"Data ikke tilgjengelig"
"ENCREC_004";"18";"1835";"Træna";"2019";0;0;"Data ikke tilgjengelig";"Data ikke tilgjengelig"
"ENCREC_004";"18";"1835";"Træna";"2020";0;0;"Data ikke tilgjengelig";"Data ikke tilgjengelig"
"ENCREC_004";"18";"1835";"Træna";"2021";0;0;"Data ikke tilgjengelig";"Data ikke tilgjengelig"
"ENCREC_004";"18";"1835";"Træna";"2022";0;0;"Data ikke tilgjengelig";"Data ikke tilgjengelig"
"ENCREC_004";"18";"1835";"Træna";"2023";0;0;"Data ikke tilgjengelig";"Data ikke tilgjengelig"
"ENCREC_004";"18";"1835";"Træna";"2024";0;0;"Data ikke tilgjengelig";"Data ikke tilgjengelig"
"ENCREC_004";"18";"1835";"Træna";"Endring 2018-2024";NA;0;"NA";"Data ikke tilgjengelig"
"ENCREC_004";"42";"4219";"Evje og Hornnes";"2018";0;0;"Data ikke tilgjengelig";"Data ikke tilgjengelig"
"ENCREC_004";"42";"4219";"Evje og Hornnes";"2019";0;0;"Data ikke tilgjengelig";"Data ikke tilgjengelig"
"ENCREC_004";"42";"4219";"Evje og Hornnes";"2020";0;0;"Data ikke tilgjengelig";"Data ikke tilgjengelig"
"ENCREC_004";"42";"4219";"Evje og Hornnes";"2021";0;0;"Data ikke tilgjengelig";"Data ikke tilgjengelig"
"ENCREC_004";"42";"4219";"Evje og Hornnes";"2022";0;0;"Data ikke tilgjengelig";"Data ikke tilgjengelig"
"ENCREC_004";"42";"4219";"Evje og Hornnes";"2023";0;0;"Data ikke tilgjengelig";"Data ikke tilgjengelig"
"ENCREC_004";"42";"4219";"Evje og Hornnes";"2024";0;0;"Data ikke tilgjengelig";"Data ikke tilgjengelig"
"ENCREC_004";"42";"4219";"Evje og Hornnes";"Endring 2018-2024";NA;0;"NA";"Data ikke tilgjengelig"
"ENCREC_004";"46";"4633";"Fedje";"2018";0;0;"Data ikke tilgjengelig";"Data ikke tilgjengelig"
"ENCREC_004";"46";"4633";"Fedje";"2019";0;0;"Data ikke tilgjengelig";"Data ikke tilgjengelig"
"ENCREC_004";"46";"4633";"Fedje";"2020";0;0;"Data ikke tilgjengelig";"Data ikke tilgjengelig"
"ENCREC_004";"46";"4633";"Fedje";"2021";0;0;"Data ikke tilgjengelig";"Data ikke tilgjengelig"
"ENCREC_004";"46";"4633";"Fedje";"2022";0;0;"Data ikke tilgjengelig";"Data ikke tilgjengelig"
"ENCREC_004";"46";"4633";"Fedje";"2023";0;0;"Data ikke tilgjengelig";"Data ikke tilgjengelig"
"ENCREC_004";"46";"4633";"Fedje";"2024";0;0;"Data ikke tilgjengelig";"Data ikke tilgjengelig"
"ENCREC_004";"46";"4633";"Fedje";"Endring 2018-2024";NA;0;"NA";"Data ikke tilgjengelig"
"ENCREC_004";"50";"5036";"Frosta";"2018";0;0;"Data ikke tilgjengelig";"Data ikke tilgjengelig"
"ENCREC_004";"50";"5036";"Frosta";"2019";0;0;"Data ikke tilgjengelig";"Data ikke tilgjengelig"
"ENCREC_004";"50";"5036";"Frosta";"2020";0;0;"Data ikke tilgjengelig";"Data ikke tilgjengelig"
"ENCREC_004";"50";"5036";"Frosta";"2021";0;0;"Data ikke tilgjengelig";"Data ikke tilgjengelig"
"ENCREC_004";"50";"5036";"Frosta";"2022";0;0;"Data ikke tilgjengelig";"Data ikke tilgjengelig"
"ENCREC_004";"50";"5036";"Frosta";"2023";0;0;"Data ikke tilgjengelig";"Data ikke tilgjengelig"
"ENCREC_004";"50";"5036";"Frosta";"2024";0;0;"Data ikke tilgjengelig";"Data ikke tilgjengelig"
"ENCREC_004";"50";"5036";"Frosta";"Endring 2018-2024";NA;0;"NA";"Data ikke tilgjengelig"
"ENCREC_004";"55";"5528";"Dyrøy";"2018";0;0;"Data ikke tilgjengelig";"Data ikke tilgjengelig"
"ENCREC_004";"55";"5528";"Dyrøy";"2019";0;0;"Data ikke tilgjengelig";"Data ikke tilgjengelig"
"ENCREC_004";"55";"5528";"Dyrøy";"2020";0;0;"Data ikke tilgjengelig";"Data ikke tilgjengelig"
"ENCREC_004";"55";"5528";"Dyrøy";"2021";0;0;"Data ikke tilgjengelig";"Data ikke tilgjengelig"
"ENCREC_004";"55";"5528";"Dyrøy";"2022";0;0;"Data ikke tilgjengelig";"Data ikke tilgjengelig"
"ENCREC_004";"55";"5528";"Dyrøy";"2023";0;0;"Data ikke tilgjengelig";"Data ikke tilgjengelig"
"ENCREC_004";"55";"5528";"Dyrøy";"2024";0;0;"Data ikke tilgjengelig";"Data ikke tilgjengelig"
"ENCREC_004";"55";"5528";"Dyrøy";"Endring 2018-2024";NA;0;"NA";"Data ikke tilgjengelig"
"ENCREC_003";"11";"1101";"Eigersund";"2018";NA;NA;"Data ikke tilgjengelig";"Data ikke tilgjengelig"
"ENCREC_003";"11";"1101";"Eigersund";"2019";NA;NA;"Data ikke tilgjengelig";"Data ikke tilgjengelig"
"ENCREC_003";"11";"1101";"Eigersund";"2020";NA;NA;"Data ikke tilgjengelig";"Data ikke tilgjengelig"
"ENCREC_003";"11";"1101";"Eigersund";"2021";NA;NA;"Data ikke tilgjengelig";"Data ikke tilgjengelig"
"ENCREC_003";"11";"1101";"Eigersund";"2022";NA;NA;"Data ikke tilgjengelig";"Data ikke tilgjengelig"
"ENCREC_003";"11";"1101";"Eigersund";"2023";NA;NA;"Data ikke tilgjengelig";"Data ikke tilgjengelig"
"ENCREC_003";"11";"1101";"Eigersund";"2024";NA;NA;"Data ikke tilgjengelig";"Data ikke tilgjengelig"
"ENCREC_003";"11";"1101";"Eigersund";"Endring 2018-2024";NA;NA;"NA";"Data ikke tilgjengelig"
"ENCREC_003";"11";"1111";"Sokndal";"2018";NA;NA;"Data ikke tilgjengelig";"Data ikke tilgjengelig"
"ENCREC_003";"11";"1111";"Sokndal";"2019";NA;NA;"Data ikke tilgjengelig";"Data ikke tilgjengelig"
"ENCREC_003";"11";"1111";"Sokndal";"2020";NA;NA;"Data ikke tilgjengelig";"Data ikke tilgjengelig"
"ENCREC_003";"11";"1111";"Sokndal";"2021";NA;NA;"Data ikke tilgjengelig";"Data ikke tilgjengelig"
"ENCREC_003";"11";"1111";"Sokndal";"2022";NA;NA;"Data ikke tilgjengelig";"Data ikke tilgjengelig"
"ENCREC_003";"11";"1111";"Sokndal";"2023";NA;NA;"Data ikke tilgjengelig";"Data ikke tilgjengelig"
"ENCREC_003";"11";"1111";"Sokndal";"2024";NA;NA;"Data ikke tilgjengelig";"Data ikke tilgjengelig"
"ENCREC_003";"11";"1111";"Sokndal";"Endring 2018-2024";NA;NA;"NA";"Data ikke tilgjengelig"
"ENCREC_003";"11";"1112";"Lund";"2018";NA;NA;"Data ikke tilgjengelig";"Data ikke tilgjengelig"
"ENCREC_003";"11";"1112";"Lund";"2019";NA;NA;"Data ikke tilgjengelig";"Data ikke tilgjengelig"
"ENCREC_003";"11";"1112";"Lund";"2020";NA;NA;"Data ikke tilgjengelig";"Data ikke tilgjengelig"
"ENCREC_003";"11";"1112";"Lund";"2021";NA;NA;"Data ikke tilgjengelig";"Data ikke tilgjengelig"
"ENCREC_003";"11";"1112";"Lund";"2022";NA;NA;"Data ikke tilgjengelig";"Data ikke tilgjengelig"
"ENCREC_003";"11";"1112";"Lund";"2023";NA;NA;"Data ikke tilgjengelig";"Data ikke tilgjengelig"
"ENCREC_003";"11";"1112";"Lund";"2024";NA;NA;"Data ikke tilgjengelig";"Data ikke tilgjengelig"
"ENCREC_003";"11";"1112";"Lund";"Endring 2018-2024";NA;NA;"NA";"Data ikke tilgjengelig"
"ENCREC_003";"11";"1114";"Bjerkreim";"2018";NA;NA;"Data ikke tilgjengelig";"Data ikke tilgjengelig"
"ENCREC_003";"11";"1114";"Bjerkreim";"2019";NA;NA;"Data ikke tilgjengelig";"Data ikke tilgjengelig"
"ENCREC_003";"11";"1114";"Bjerkreim";"2020";NA;NA;"Data ikke tilgjengelig";"Data ikke tilgjengelig"
"ENCREC_003";"11";"1114";"Bjerkreim";"2021";NA;NA;"Data ikke tilgjengelig";"Data ikke tilgjengelig"
"ENCREC_003";"11";"1114";"Bjerkreim";"2022";NA;NA;"Data ikke tilgjengelig";"Data ikke tilgjengelig"
"ENCREC_003";"11";"1114";"Bjerkreim";"2023";NA;NA;"Data ikke tilgjengelig";"Data ikke tilgjengelig"
"ENCREC_003";"11";"1114";"Bjerkreim";"2024";NA;NA;"Data ikke tilgjengelig";"Data ikke tilgjengelig"
"ENCREC_003";"11";"1114";"Bjerkreim";"Endring 2018-2024";NA;NA;"NA";"Data ikke tilgjengelig"
"ENCREC_003";"15";"1508";"Ålesund";"2018";NA;NA;"Data ikke tilgjengelig";"Data ikke tilgjengelig"
"ENCREC_003";"15";"1508";"Ålesund";"2019";NA;NA;"Data ikke tilgjengelig";"Data ikke tilgjengelig"
"ENCREC_003";"15";"1508";"Ålesund";"2020";NA;NA;"Data ikke tilgjengelig";"Data ikke tilgjengelig"
"ENCREC_003";"15";"1508";"Ålesund";"2021";NA;NA;"Data ikke tilgjengelig";"Data ikke tilgjengelig"
"ENCREC_003";"15";"1508";"Ålesund";"2022";NA;NA;"Data ikke tilgjengelig";"Data ikke tilgjengelig"
"ENCREC_003";"15";"1508";"Ålesund";"2023";NA;NA;"Data ikke tilgjengelig";"Data ikke tilgjengelig"
"ENCREC_003";"15";"1508";"Ålesund";"2024";NA;NA;"Data ikke tilgjengelig";"Data ikke tilgjengelig"
"ENCREC_003";"15";"1508";"Ålesund";"Endring 2018-2024";NA;NA;"NA";"Data ikke tilgjengelig"
"ENCREC_003";"15";"1511";"Vanylven";"2018";NA;NA;"Data ikke tilgjengelig";"Data ikke tilgjengelig"
"ENCREC_003";"15";"1511";"Vanylven";"2019";NA;NA;"Data ikke tilgjengelig";"Data ikke tilgjengelig"
"ENCREC_003";"15";"1511";"Vanylven";"2020";NA;NA;"Data ikke tilgjengelig";"Data ikke tilgjengelig"
"ENCREC_003";"15";"1511";"Vanylven";"2021";NA;NA;"Data ikke tilgjengelig";"Data ikke tilgjengelig"
"ENCREC_003";"15";"1511";"Vanylven";"2022";NA;NA;"Data ikke tilgjengelig";"Data ikke tilgjengelig"
"ENCREC_003";"15";"1511";"Vanylven";"2023";NA;NA;"Data ikke tilgjengelig";"Data ikke tilgjengelig"
"ENCREC_003";"15";"1511";"Vanylven";"2024";NA;NA;"Data ikke tilgjengelig";"Data ikke tilgjengelig"
"ENCREC_003";"15";"1511";"Vanylven";"Endring 2018-2024";NA;NA;"NA";"Data ikke tilgjengelig"
"ENCREC_003";"15";"1514";"Sande";"2018";NA;NA;"Data ikke tilgjengelig";"Data ikke tilgjengelig"
"ENCREC_003";"15";"1514";"Sande";"2019";NA;NA;"Data ikke tilgjengelig";"Data ikke tilgjengelig"
"ENCREC_003";"15";"1514";"Sande";"2020";NA;NA;"Data ikke tilgjengelig";"Data ikke tilgjengelig"
"ENCREC_003";"15";"1514";"Sande";"2021";NA;NA;"Data ikke tilgjengelig";"Data ikke tilgjengelig"
"ENCREC_003";"15";"1514";"Sande";"2022";NA;NA;"Data ikke tilgjengelig";"Data ikke tilgjengelig"
"ENCREC_003";"15";"1514";"Sande";"2023";NA;NA;"Data ikke tilgjengelig";"Data ikke tilgjengelig"
"ENCREC_003";"15";"1514";"Sande";"2024";NA;NA;"Data ikke tilgjengelig";"Data ikke tilgjengelig"
"ENCREC_003";"15";"1514";"Sande";"Endring 2018-2024";NA;NA;"NA";"Data ikke tilgjengelig"
"ENCREC_003";"15";"1515";"Herøy (Møre og Romsdal)";"2018";NA;NA;"Data ikke tilgjengelig";"Data ikke tilgjengelig"
"ENCREC_003";"15";"1515";"Herøy (Møre og Romsdal)";"2019";NA;NA;"Data ikke tilgjengelig";"Data ikke tilgjengelig"
"ENCREC_003";"15";"1515";"Herøy (Møre og Romsdal)";"2020";NA;NA;"Data ikke tilgjengelig";"Data ikke tilgjengelig"
"ENCREC_003";"15";"1515";"Herøy (Møre og Romsdal)";"2021";NA;NA;"Data ikke tilgjengelig";"Data ikke tilgjengelig"
"ENCREC_003";"15";"1515";"Herøy (Møre og Romsdal)";"2022";NA;NA;"Data ikke tilgjengelig";"Data ikke tilgjengelig"
"ENCREC_003";"15";"1515";"Herøy (Møre og Romsdal)";"2023";NA;NA;"Data ikke tilgjengelig";"Data ikke tilgjengelig"
"ENCREC_003";"15";"1515";"Herøy (Møre og Romsdal)";"2024";NA;NA;"Data ikke tilgjengelig";"Data ikke tilgjengelig"
"ENCREC_003";"15";"1515";"Herøy (Møre og Romsdal)";"Endring 2018-2024";NA;NA;"NA";"Data ikke tilgjengelig"
"ENCREC_003";"15";"1525";"Stranda";"2018";NA;NA;"Data ikke tilgjengelig";"Data ikke tilgjengelig"
"ENCREC_003";"15";"1525";"Stranda";"2019";NA;NA;"Data ikke tilgjengelig";"Data ikke tilgjengelig"
"ENCREC_003";"15";"1525";"Stranda";"2020";NA;NA;"Data ikke tilgjengelig";"Data ikke tilgjengelig"
"ENCREC_003";"15";"1525";"Stranda";"2021";NA;NA;"Data ikke tilgjengelig";"Data ikke tilgjengelig"
"ENCREC_003";"15";"1525";"Stranda";"2022";NA;NA;"Data ikke tilgjengelig";"Data ikke tilgjengelig"
"ENCREC_003";"15";"1525";"Stranda";"2023";NA;NA;"Data ikke tilgjengelig";"Data ikke tilgjengelig"
"ENCREC_003";"15";"1525";"Stranda";"2024";NA;NA;"Data ikke tilgjengelig";"Data ikke tilgjengelig"
"ENCREC_003";"15";"1525";"Stranda";"Endring 2018-2024";NA;NA;"NA";"Data ikke tilgjengelig"
"ENCREC_003";"15";"1528";"Sykkylven";"2018";NA;NA;"Data ikke tilgjengelig";"Data ikke tilgjengelig"
"ENCREC_003";"15";"1528";"Sykkylven";"2019";NA;NA;"Data ikke tilgjengelig";"Data ikke tilgjengelig"
"ENCREC_003";"15";"1528";"Sykkylven";"2020";NA;NA;"Data ikke tilgjengelig";"Data ikke tilgjengelig"
"ENCREC_003";"15";"1528";"Sykkylven";"2021";NA;NA;"Data ikke tilgjengelig";"Data ikke tilgjengelig"
"ENCREC_003";"15";"1528";"Sykkylven";"2022";NA;NA;"Data ikke tilgjengelig";"Data ikke tilgjengelig"
"ENCREC_003";"15";"1528";"Sykkylven";"2023";NA;NA;"Data ikke tilgjengelig";"Data ikke tilgjengelig"
"ENCREC_003";"15";"1528";"Sykkylven";"2024";NA;NA;"Data ikke tilgjengelig";"Data ikke tilgjengelig"
"ENCREC_003";"15";"1528";"Sykkylven";"Endring 2018-2024";NA;NA;"NA";"Data ikke tilgjengelig"
"ENCREC_003";"15";"1535";"Vestnes";"2018";NA;NA;"Data ikke tilgjengelig";"Data ikke tilgjengelig"
"ENCREC_003";"15";"1535";"Vestnes";"2019";NA;NA;"Data ikke tilgjengelig";"Data ikke tilgjengelig"
"ENCREC_003";"15";"1535";"Vestnes";"2020";NA;NA;"Data ikke tilgjengelig";"Data ikke tilgjengelig"
"ENCREC_003";"15";"1535";"Vestnes";"2021";NA;NA;"Data ikke tilgjengelig";"Data ikke tilgjengelig"
"ENCREC_003";"15";"1535";"Vestnes";"2022";NA;NA;"Data ikke tilgjengelig";"Data ikke tilgjengelig"
"ENCREC_003";"15";"1535";"Vestnes";"2023";NA;NA;"Data ikke tilgjengelig";"Data ikke tilgjengelig"
"ENCREC_003";"15";"1535";"Vestnes";"2024";NA;NA;"Data ikke tilgjengelig";"Data ikke tilgjengelig"
"ENCREC_003";"15";"1535";"Vestnes";"Endring 2018-2024";NA;NA;"NA";"Data ikke tilgjengelig"
"ENCREC_003";"15";"1539";"Rauma";"2018";NA;NA;"Data ikke tilgjengelig";"Data ikke tilgjengelig"
"ENCREC_003";"15";"1539";"Rauma";"2019";NA;NA;"Data ikke tilgjengelig";"Data ikke tilgjengelig"
"ENCREC_003";"15";"1539";"Rauma";"2020";NA;NA;"Data ikke tilgjengelig";"Data ikke tilgjengelig"
"ENCREC_003";"15";"1539";"Rauma";"2021";NA;NA;"Data ikke tilgjengelig";"Data ikke tilgjengelig"
"ENCREC_003";"15";"1539";"Rauma";"2022";NA;NA;"Data ikke tilgjengelig";"Data ikke tilgjengelig"
"ENCREC_003";"15";"1539";"Rauma";"2023";NA;NA;"Data ikke tilgjengelig";"Data ikke tilgjengelig"
"ENCREC_003";"15";"1539";"Rauma";"2024";NA;NA;"Data ikke tilgjengelig";"Data ikke tilgjengelig"
"ENCREC_003";"15";"1539";"Rauma";"Endring 2018-2024";NA;NA;"NA";"Data ikke tilgjengelig"
"ENCREC_003";"15";"1554";"Averøy";"2018";NA;NA;"Data ikke tilgjengelig";"Data ikke tilgjengelig"
"ENCREC_003";"15";"1554";"Averøy";"2019";NA;NA;"Data ikke tilgjengelig";"Data ikke tilgjengelig"
"ENCREC_003";"15";"1554";"Averøy";"2020";NA;NA;"Data ikke tilgjengelig";"Data ikke tilgjengelig"
"ENCREC_003";"15";"1554";"Averøy";"2021";NA;NA;"Data ikke tilgjengelig";"Data ikke tilgjengelig"
"ENCREC_003";"15";"1554";"Averøy";"2022";NA;NA;"Data ikke tilgjengelig";"Data ikke tilgjengelig"
"ENCREC_003";"15";"1554";"Averøy";"2023";NA;NA;"Data ikke tilgjengelig";"Data ikke tilgjengelig"
"ENCREC_003";"15";"1554";"Averøy";"2024";NA;NA;"Data ikke tilgjengelig";"Data ikke tilgjengelig"
"ENCREC_003";"15";"1554";"Averøy";"Endring 2018-2024";NA;NA;"NA";"Data ikke tilgjengelig"
"ENCREC_003";"15";"1557";"Gjemnes";"2018";NA;NA;"Data ikke tilgjengelig";"Data ikke tilgjengelig"
"ENCREC_003";"15";"1557";"Gjemnes";"2019";NA;NA;"Data ikke tilgjengelig";"Data ikke tilgjengelig"
"ENCREC_003";"15";"1557";"Gjemnes";"2020";NA;NA;"Data ikke tilgjengelig";"Data ikke tilgjengelig"
"ENCREC_003";"15";"1557";"Gjemnes";"2021";NA;NA;"Data ikke tilgjengelig";"Data ikke tilgjengelig"
"ENCREC_003";"15";"1557";"Gjemnes";"2022";NA;NA;"Data ikke tilgjengelig";"Data ikke tilgjengelig"
"ENCREC_003";"15";"1557";"Gjemnes";"2023";NA;NA;"Data ikke tilgjengelig";"Data ikke tilgjengelig"
"ENCREC_003";"15";"1557";"Gjemnes";"2024";NA;NA;"Data ikke tilgjengelig";"Data ikke tilgjengelig"
"ENCREC_003";"15";"1557";"Gjemnes";"Endring 2018-2024";NA;NA;"NA";"Data ikke tilgjengelig"
"ENCREC_003";"15";"1560";"Tingvoll";"2018";NA;NA;"Data ikke tilgjengelig";"Data ikke tilgjengelig"
"ENCREC_003";"15";"1560";"Tingvoll";"2019";NA;NA;"Data ikke tilgjengelig";"Data ikke tilgjengelig"
"ENCREC_003";"15";"1560";"Tingvoll";"2020";NA;NA;"Data ikke tilgjengelig";"Data ikke tilgjengelig"
"ENCREC_003";"15";"1560";"Tingvoll";"2021";NA;NA;"Data ikke tilgjengelig";"Data ikke tilgjengelig"
"ENCREC_003";"15";"1560";"Tingvoll";"2022";NA;NA;"Data ikke tilgjengelig";"Data ikke tilgjengelig"
"ENCREC_003";"15";"1560";"Tingvoll";"2023";NA;NA;"Data ikke tilgjengelig";"Data ikke tilgjengelig"
"ENCREC_003";"15";"1560";"Tingvoll";"2024";NA;NA;"Data ikke tilgjengelig";"Data ikke tilgjengelig"
"ENCREC_003";"15";"1560";"Tingvoll";"Endring 2018-2024";NA;NA;"NA";"Data ikke tilgjengelig"
"ENCREC_003";"15";"1573";"Smøla";"2018";NA;NA;"Data ikke tilgjengelig";"Data ikke tilgjengelig"
"ENCREC_003";"15";"1573";"Smøla";"2019";NA;NA;"Data ikke tilgjengelig";"Data ikke tilgjengelig"
"ENCREC_003";"15";"1573";"Smøla";"2020";NA;NA;"Data ikke tilgjengelig";"Data ikke tilgjengelig"
"ENCREC_003";"15";"1573";"Smøla";"2021";NA;NA;"Data ikke tilgjengelig";"Data ikke tilgjengelig"
"ENCREC_003";"15";"1573";"Smøla";"2022";NA;NA;"Data ikke tilgjengelig";"Data ikke tilgjengelig"
"ENCREC_003";"15";"1573";"Smøla";"2023";NA;NA;"Data ikke tilgjengelig";"Data ikke tilgjengelig"
"ENCREC_003";"15";"1573";"Smøla";"2024";NA;NA;"Data ikke tilgjengelig";"Data ikke tilgjengelig"
"ENCREC_003";"15";"1573";"Smøla";"Endring 2018-2024";NA;NA;"NA";"Data ikke tilgjengelig"
"ENCREC_003";"15";"1576";"Aure";"2018";NA;NA;"Data ikke tilgjengelig";"Data ikke tilgjengelig"
"ENCREC_003";"15";"1576";"Aure";"2019";NA;NA;"Data ikke tilgjengelig";"Data ikke tilgjengelig"
"ENCREC_003";"15";"1576";"Aure";"2020";NA;NA;"Data ikke tilgjengelig";"Data ikke tilgjengelig"
"ENCREC_003";"15";"1576";"Aure";"2021";NA;NA;"Data ikke tilgjengelig";"Data ikke tilgjengelig"
"ENCREC_003";"15";"1576";"Aure";"2022";NA;NA;"Data ikke tilgjengelig";"Data ikke tilgjengelig"
"ENCREC_003";"15";"1576";"Aure";"2023";NA;NA;"Data ikke tilgjengelig";"Data ikke tilgjengelig"
"ENCREC_003";"15";"1576";"Aure";"2024";NA;NA;"Data ikke tilgjengelig";"Data ikke tilgjengelig"
"ENCREC_003";"15";"1576";"Aure";"Endring 2018-2024";NA;NA;"NA";"Data ikke tilgjengelig"
"ENCREC_003";"18";"1848";"Steigen";"2018";NA;NA;"Data ikke tilgjengelig";"Data ikke tilgjengelig"
"ENCREC_003";"18";"1848";"Steigen";"2019";NA;NA;"Data ikke tilgjengelig";"Data ikke tilgjengelig"
"ENCREC_003";"18";"1848";"Steigen";"2020";NA;NA;"Data ikke tilgjengelig";"Data ikke tilgjengelig"
"ENCREC_003";"18";"1848";"Steigen";"2021";NA;NA;"Data ikke tilgjengelig";"Data ikke tilgjengelig"
"ENCREC_003";"18";"1848";"Steigen";"2022";NA;NA;"Data ikke tilgjengelig";"Data ikke tilgjengelig"
"ENCREC_003";"18";"1848";"Steigen";"2023";NA;NA;"Data ikke tilgjengelig";"Data ikke tilgjengelig"
"ENCREC_003";"18";"1848";"Steigen";"2024";NA;NA;"Data ikke tilgjengelig";"Data ikke tilgjengelig"
"ENCREC_003";"18";"1848";"Steigen";"Endring 2018-2024";NA;NA;"NA";"Data ikke tilgjengelig"
"ENCREC_003";"31";"3116";"Skiptvet";"2018";NA;NA;"Data ikke tilgjengelig";"Data ikke tilgjengelig"
"ENCREC_003";"31";"3116";"Skiptvet";"2019";NA;NA;"Data ikke tilgjengelig";"Data ikke tilgjengelig"
"ENCREC_003";"31";"3116";"Skiptvet";"2020";NA;NA;"Data ikke tilgjengelig";"Data ikke tilgjengelig"
"ENCREC_003";"31";"3116";"Skiptvet";"2021";NA;NA;"Data ikke tilgjengelig";"Data ikke tilgjengelig"
"ENCREC_003";"31";"3116";"Skiptvet";"2022";NA;NA;"Data ikke tilgjengelig";"Data ikke tilgjengelig"
"ENCREC_003";"31";"3116";"Skiptvet";"2023";NA;NA;"Data ikke tilgjengelig";"Data ikke tilgjengelig"
"ENCREC_003";"31";"3116";"Skiptvet";"2024";NA;NA;"Data ikke tilgjengelig";"Data ikke tilgjengelig"
"ENCREC_003";"31";"3116";"Skiptvet";"Endring 2018-2024";NA;NA;"NA";"Data ikke tilgjengelig"
"ENCREC_003";"31";"3124";"Aremark";"2018";NA;NA;"Data ikke tilgjengelig";"Data ikke tilgjengelig"
"ENCREC_003";"31";"3124";"Aremark";"2019";NA;NA;"Data ikke tilgjengelig";"Data ikke tilgjengelig"
"ENCREC_003";"31";"3124";"Aremark";"2020";NA;NA;"Data ikke tilgjengelig";"Data ikke tilgjengelig"
"ENCREC_003";"31";"3124";"Aremark";"2021";NA;NA;"Data ikke tilgjengelig";"Data ikke tilgjengelig"
"ENCREC_003";"31";"3124";"Aremark";"2022";NA;NA;"Data ikke tilgjengelig";"Data ikke tilgjengelig"
"ENCREC_003";"31";"3124";"Aremark";"2023";NA;NA;"Data ikke tilgjengelig";"Data ikke tilgjengelig"
"ENCREC_003";"31";"3124";"Aremark";"2024";NA;NA;"Data ikke tilgjengelig";"Data ikke tilgjengelig"
"ENCREC_003";"31";"3124";"Aremark";"Endring 2018-2024";NA;NA;"NA";"Data ikke tilgjengelig"
"ENCREC_003";"32";"3222";"Lørenskog";"2018";NA;NA;"Data ikke tilgjengelig";"Data ikke tilgjengelig"
"ENCREC_003";"32";"3222";"Lørenskog";"2019";NA;NA;"Data ikke tilgjengelig";"Data ikke tilgjengelig"
"ENCREC_003";"32";"3222";"Lørenskog";"2020";NA;NA;"Data ikke tilgjengelig";"Data ikke tilgjengelig"
"ENCREC_003";"32";"3222";"Lørenskog";"2021";NA;NA;"Data ikke tilgjengelig";"Data ikke tilgjengelig"
"ENCREC_003";"32";"3222";"Lørenskog";"2022";NA;NA;"Data ikke tilgjengelig";"Data ikke tilgjengelig"
"ENCREC_003";"32";"3222";"Lørenskog";"2023";NA;NA;"Data ikke tilgjengelig";"Data ikke tilgjengelig"
"ENCREC_003";"32";"3222";"Lørenskog";"2024";NA;NA;"Data ikke tilgjengelig";"Data ikke tilgjengelig"
"ENCREC_003";"32";"3222";"Lørenskog";"Endring 2018-2024";NA;NA;"NA";"Data ikke tilgjengelig"
"ENCREC_003";"32";"3236";"Jevnaker";"2018";NA;NA;"Data ikke tilgjengelig";"Data ikke tilgjengelig"
"ENCREC_003";"32";"3236";"Jevnaker";"2019";NA;NA;"Data ikke tilgjengelig";"Data ikke tilgjengelig"
"ENCREC_003";"32";"3236";"Jevnaker";"2020";NA;NA;"Data ikke tilgjengelig";"Data ikke tilgjengelig"
"ENCREC_003";"32";"3236";"Jevnaker";"2021";NA;NA;"Data ikke tilgjengelig";"Data ikke tilgjengelig"
"ENCREC_003";"32";"3236";"Jevnaker";"2022";NA;NA;"Data ikke tilgjengelig";"Data ikke tilgjengelig"
"ENCREC_003";"32";"3236";"Jevnaker";"2023";NA;NA;"Data ikke tilgjengelig";"Data ikke tilgjengelig"
"ENCREC_003";"32";"3236";"Jevnaker";"2024";NA;NA;"Data ikke tilgjengelig";"Data ikke tilgjengelig"
"ENCREC_003";"32";"3236";"Jevnaker";"Endring 2018-2024";NA;NA;"NA";"Data ikke tilgjengelig"
"ENCREC_003";"33";"3330";"Hol";"2018";NA;NA;"Data ikke tilgjengelig";"Data ikke tilgjengelig"
"ENCREC_003";"33";"3330";"Hol";"2019";NA;NA;"Data ikke tilgjengelig";"Data ikke tilgjengelig"
"ENCREC_003";"33";"3330";"Hol";"2020";NA;NA;"Data ikke tilgjengelig";"Data ikke tilgjengelig"
"ENCREC_003";"33";"3330";"Hol";"2021";NA;NA;"Data ikke tilgjengelig";"Data ikke tilgjengelig"
"ENCREC_003";"33";"3330";"Hol";"2022";NA;NA;"Data ikke tilgjengelig";"Data ikke tilgjengelig"
"ENCREC_003";"33";"3330";"Hol";"2023";NA;NA;"Data ikke tilgjengelig";"Data ikke tilgjengelig"
"ENCREC_003";"33";"3330";"Hol";"2024";NA;NA;"Data ikke tilgjengelig";"Data ikke tilgjengelig"
"ENCREC_003";"33";"3330";"Hol";"Endring 2018-2024";NA;NA;"NA";"Data ikke tilgjengelig"
"ENCREC_003";"34";"3407";"Gjøvik";"2018";NA;NA;"Data ikke tilgjengelig";"Data ikke tilgjengelig"
"ENCREC_003";"34";"3407";"Gjøvik";"2019";NA;NA;"Data ikke tilgjengelig";"Data ikke tilgjengelig"
"ENCREC_003";"34";"3407";"Gjøvik";"2020";NA;NA;"Data ikke tilgjengelig";"Data ikke tilgjengelig"
"ENCREC_003";"34";"3407";"Gjøvik";"2021";NA;NA;"Data ikke tilgjengelig";"Data ikke tilgjengelig"
"ENCREC_003";"34";"3407";"Gjøvik";"2022";NA;NA;"Data ikke tilgjengelig";"Data ikke tilgjengelig"
"ENCREC_003";"34";"3407";"Gjøvik";"2023";NA;NA;"Data ikke tilgjengelig";"Data ikke tilgjengelig"
"ENCREC_003";"34";"3407";"Gjøvik";"2024";NA;NA;"Data ikke tilgjengelig";"Data ikke tilgjengelig"
"ENCREC_003";"34";"3407";"Gjøvik";"Endring 2018-2024";NA;NA;"NA";"Data ikke tilgjengelig"
"ENCREC_003";"34";"3417";"Grue";"2018";NA;NA;"Data ikke tilgjengelig";"Data ikke tilgjengelig"
"ENCREC_003";"34";"3417";"Grue";"2019";NA;NA;"Data ikke tilgjengelig";"Data ikke tilgjengelig"
"ENCREC_003";"34";"3417";"Grue";"2020";NA;NA;"Data ikke tilgjengelig";"Data ikke tilgjengelig"
"ENCREC_003";"34";"3417";"Grue";"2021";NA;NA;"Data ikke tilgjengelig";"Data ikke tilgjengelig"
"ENCREC_003";"34";"3417";"Grue";"2022";NA;NA;"Data ikke tilgjengelig";"Data ikke tilgjengelig"
"ENCREC_003";"34";"3417";"Grue";"2023";NA;NA;"Data ikke tilgjengelig";"Data ikke tilgjengelig"
"ENCREC_003";"34";"3417";"Grue";"2024";NA;NA;"Data ikke tilgjengelig";"Data ikke tilgjengelig"
"ENCREC_003";"34";"3417";"Grue";"Endring 2018-2024";NA;NA;"NA";"Data ikke tilgjengelig"
"ENCREC_003";"34";"3418";"Åsnes";"2018";NA;NA;"Data ikke tilgjengelig";"Data ikke tilgjengelig"
"ENCREC_003";"34";"3418";"Åsnes";"2019";NA;NA;"Data ikke tilgjengelig";"Data ikke tilgjengelig"
"ENCREC_003";"34";"3418";"Åsnes";"2020";NA;NA;"Data ikke tilgjengelig";"Data ikke tilgjengelig"
"ENCREC_003";"34";"3418";"Åsnes";"2021";NA;NA;"Data ikke tilgjengelig";"Data ikke tilgjengelig"
"ENCREC_003";"34";"3418";"Åsnes";"2022";NA;NA;"Data ikke tilgjengelig";"Data ikke tilgjengelig"
"ENCREC_003";"34";"3418";"Åsnes";"2023";NA;NA;"Data ikke tilgjengelig";"Data ikke tilgjengelig"
"ENCREC_003";"34";"3418";"Åsnes";"2024";NA;NA;"Data ikke tilgjengelig";"Data ikke tilgjengelig"
"ENCREC_003";"34";"3418";"Åsnes";"Endring 2018-2024";NA;NA;"NA";"Data ikke tilgjengelig"
"ENCREC_003";"34";"3430";"Os";"2018";NA;NA;"Data ikke tilgjengelig";"Data ikke tilgjengelig"
"ENCREC_003";"34";"3430";"Os";"2019";NA;NA;"Data ikke tilgjengelig";"Data ikke tilgjengelig"
"ENCREC_003";"34";"3430";"Os";"2020";NA;NA;"Data ikke tilgjengelig";"Data ikke tilgjengelig"
"ENCREC_003";"34";"3430";"Os";"2021";NA;NA;"Data ikke tilgjengelig";"Data ikke tilgjengelig"
"ENCREC_003";"34";"3430";"Os";"2022";NA;NA;"Data ikke tilgjengelig";"Data ikke tilgjengelig"
"ENCREC_003";"34";"3430";"Os";"2023";NA;NA;"Data ikke tilgjengelig";"Data ikke tilgjengelig"
"ENCREC_003";"34";"3430";"Os";"2024";NA;NA;"Data ikke tilgjengelig";"Data ikke tilgjengelig"
"ENCREC_003";"34";"3430";"Os";"Endring 2018-2024";NA;NA;"NA";"Data ikke tilgjengelig"
"ENCREC_003";"34";"3431";"Dovre";"2018";NA;NA;"Data ikke tilgjengelig";"Data ikke tilgjengelig"
"ENCREC_003";"34";"3431";"Dovre";"2019";NA;NA;"Data ikke tilgjengelig";"Data ikke tilgjengelig"
"ENCREC_003";"34";"3431";"Dovre";"2020";NA;NA;"Data ikke tilgjengelig";"Data ikke tilgjengelig"
"ENCREC_003";"34";"3431";"Dovre";"2021";NA;NA;"Data ikke tilgjengelig";"Data ikke tilgjengelig"
"ENCREC_003";"34";"3431";"Dovre";"2022";NA;NA;"Data ikke tilgjengelig";"Data ikke tilgjengelig"
"ENCREC_003";"34";"3431";"Dovre";"2023";NA;NA;"Data ikke tilgjengelig";"Data ikke tilgjengelig"
"ENCREC_003";"34";"3431";"Dovre";"2024";NA;NA;"Data ikke tilgjengelig";"Data ikke tilgjengelig"
"ENCREC_003";"34";"3431";"Dovre";"Endring 2018-2024";NA;NA;"NA";"Data ikke tilgjengelig"
"ENCREC_003";"34";"3432";"Lesja";"2018";NA;NA;"Data ikke tilgjengelig";"Data ikke tilgjengelig"
"ENCREC_003";"34";"3432";"Lesja";"2019";NA;NA;"Data ikke tilgjengelig";"Data ikke tilgjengelig"
"ENCREC_003";"34";"3432";"Lesja";"2020";NA;NA;"Data ikke tilgjengelig";"Data ikke tilgjengelig"
"ENCREC_003";"34";"3432";"Lesja";"2021";NA;NA;"Data ikke tilgjengelig";"Data ikke tilgjengelig"
"ENCREC_003";"34";"3432";"Lesja";"2022";NA;NA;"Data ikke tilgjengelig";"Data ikke tilgjengelig"
"ENCREC_003";"34";"3432";"Lesja";"2023";NA;NA;"Data ikke tilgjengelig";"Data ikke tilgjengelig"
"ENCREC_003";"34";"3432";"Lesja";"2024";NA;NA;"Data ikke tilgjengelig";"Data ikke tilgjengelig"
"ENCREC_003";"34";"3432";"Lesja";"Endring 2018-2024";NA;NA;"NA";"Data ikke tilgjengelig"
"ENCREC_003";"34";"3434";"Lom";"2018";NA;NA;"Data ikke tilgjengelig";"Data ikke tilgjengelig"
"ENCREC_003";"34";"3434";"Lom";"2019";NA;NA;"Data ikke tilgjengelig";"Data ikke tilgjengelig"
"ENCREC_003";"34";"3434";"Lom";"2020";NA;NA;"Data ikke tilgjengelig";"Data ikke tilgjengelig"
"ENCREC_003";"34";"3434";"Lom";"2021";NA;NA;"Data ikke tilgjengelig";"Data ikke tilgjengelig"
"ENCREC_003";"34";"3434";"Lom";"2022";NA;NA;"Data ikke tilgjengelig";"Data ikke tilgjengelig"
"ENCREC_003";"34";"3434";"Lom";"2023";NA;NA;"Data ikke tilgjengelig";"Data ikke tilgjengelig"
"ENCREC_003";"34";"3434";"Lom";"2024";NA;NA;"Data ikke tilgjengelig";"Data ikke tilgjengelig"
"ENCREC_003";"34";"3434";"Lom";"Endring 2018-2024";NA;NA;"NA";"Data ikke tilgjengelig"
"ENCREC_003";"34";"3436";"Nord-Fron";"2018";NA;NA;"Data ikke tilgjengelig";"Data ikke tilgjengelig"
"ENCREC_003";"34";"3436";"Nord-Fron";"2019";NA;NA;"Data ikke tilgjengelig";"Data ikke tilgjengelig"
"ENCREC_003";"34";"3436";"Nord-Fron";"2020";NA;NA;"Data ikke tilgjengelig";"Data ikke tilgjengelig"
"ENCREC_003";"34";"3436";"Nord-Fron";"2021";NA;NA;"Data ikke tilgjengelig";"Data ikke tilgjengelig"
"ENCREC_003";"34";"3436";"Nord-Fron";"2022";NA;NA;"Data ikke tilgjengelig";"Data ikke tilgjengelig"
"ENCREC_003";"34";"3436";"Nord-Fron";"2023";NA;NA;"Data ikke tilgjengelig";"Data ikke tilgjengelig"
"ENCREC_003";"34";"3436";"Nord-Fron";"2024";NA;NA;"Data ikke tilgjengelig";"Data ikke tilgjengelig"
"ENCREC_003";"34";"3436";"Nord-Fron";"Endring 2018-2024";NA;NA;"NA";"Data ikke tilgjengelig"
"ENCREC_003";"34";"3438";"Sør-Fron";"2018";NA;NA;"Data ikke tilgjengelig";"Data ikke tilgjengelig"
"ENCREC_003";"34";"3438";"Sør-Fron";"2019";NA;NA;"Data ikke tilgjengelig";"Data ikke tilgjengelig"
"ENCREC_003";"34";"3438";"Sør-Fron";"2020";NA;NA;"Data ikke tilgjengelig";"Data ikke tilgjengelig"
"ENCREC_003";"34";"3438";"Sør-Fron";"2021";NA;NA;"Data ikke tilgjengelig";"Data ikke tilgjengelig"
"ENCREC_003";"34";"3438";"Sør-Fron";"2022";NA;NA;"Data ikke tilgjengelig";"Data ikke tilgjengelig"
"ENCREC_003";"34";"3438";"Sør-Fron";"2023";NA;NA;"Data ikke tilgjengelig";"Data ikke tilgjengelig"
"ENCREC_003";"34";"3438";"Sør-Fron";"2024";NA;NA;"Data ikke tilgjengelig";"Data ikke tilgjengelig"
"ENCREC_003";"34";"3438";"Sør-Fron";"Endring 2018-2024";NA;NA;"NA";"Data ikke tilgjengelig"
"ENCREC_003";"34";"3439";"Ringebu";"2018";NA;NA;"Data ikke tilgjengelig";"Data ikke tilgjengelig"
"ENCREC_003";"34";"3439";"Ringebu";"2019";NA;NA;"Data ikke tilgjengelig";"Data ikke tilgjengelig"
"ENCREC_003";"34";"3439";"Ringebu";"2020";NA;NA;"Data ikke tilgjengelig";"Data ikke tilgjengelig"
"ENCREC_003";"34";"3439";"Ringebu";"2021";NA;NA;"Data ikke tilgjengelig";"Data ikke tilgjengelig"
"ENCREC_003";"34";"3439";"Ringebu";"2022";NA;NA;"Data ikke tilgjengelig";"Data ikke tilgjengelig"
"ENCREC_003";"34";"3439";"Ringebu";"2023";NA;NA;"Data ikke tilgjengelig";"Data ikke tilgjengelig"
"ENCREC_003";"34";"3439";"Ringebu";"2024";NA;NA;"Data ikke tilgjengelig";"Data ikke tilgjengelig"
"ENCREC_003";"34";"3439";"Ringebu";"Endring 2018-2024";NA;NA;"NA";"Data ikke tilgjengelig"
"ENCREC_003";"34";"3443";"Vestre Toten";"2018";NA;NA;"Data ikke tilgjengelig";"Data ikke tilgjengelig"
"ENCREC_003";"34";"3443";"Vestre Toten";"2019";NA;NA;"Data ikke tilgjengelig";"Data ikke tilgjengelig"
"ENCREC_003";"34";"3443";"Vestre Toten";"2020";NA;NA;"Data ikke tilgjengelig";"Data ikke tilgjengelig"
"ENCREC_003";"34";"3443";"Vestre Toten";"2021";NA;NA;"Data ikke tilgjengelig";"Data ikke tilgjengelig"
"ENCREC_003";"34";"3443";"Vestre Toten";"2022";NA;NA;"Data ikke tilgjengelig";"Data ikke tilgjengelig"
"ENCREC_003";"34";"3443";"Vestre Toten";"2023";NA;NA;"Data ikke tilgjengelig";"Data ikke tilgjengelig"
"ENCREC_003";"34";"3443";"Vestre Toten";"2024";NA;NA;"Data ikke tilgjengelig";"Data ikke tilgjengelig"
"ENCREC_003";"34";"3443";"Vestre Toten";"Endring 2018-2024";NA;NA;"NA";"Data ikke tilgjengelig"
"ENCREC_003";"34";"3446";"Gran";"2018";NA;NA;"Data ikke tilgjengelig";"Data ikke tilgjengelig"
"ENCREC_003";"34";"3446";"Gran";"2019";NA;NA;"Data ikke tilgjengelig";"Data ikke tilgjengelig"
"ENCREC_003";"34";"3446";"Gran";"2020";NA;NA;"Data ikke tilgjengelig";"Data ikke tilgjengelig"
"ENCREC_003";"34";"3446";"Gran";"2021";NA;NA;"Data ikke tilgjengelig";"Data ikke tilgjengelig"
"ENCREC_003";"34";"3446";"Gran";"2022";NA;NA;"Data ikke tilgjengelig";"Data ikke tilgjengelig"
"ENCREC_003";"34";"3446";"Gran";"2023";NA;NA;"Data ikke tilgjengelig";"Data ikke tilgjengelig"
"ENCREC_003";"34";"3446";"Gran";"2024";NA;NA;"Data ikke tilgjengelig";"Data ikke tilgjengelig"
"ENCREC_003";"34";"3446";"Gran";"Endring 2018-2024";NA;NA;"NA";"Data ikke tilgjengelig"
"ENCREC_003";"34";"3447";"Søndre Land";"2018";NA;NA;"Data ikke tilgjengelig";"Data ikke tilgjengelig"
"ENCREC_003";"34";"3447";"Søndre Land";"2019";NA;NA;"Data ikke tilgjengelig";"Data ikke tilgjengelig"
"ENCREC_003";"34";"3447";"Søndre Land";"2020";NA;NA;"Data ikke tilgjengelig";"Data ikke tilgjengelig"
"ENCREC_003";"34";"3447";"Søndre Land";"2021";NA;NA;"Data ikke tilgjengelig";"Data ikke tilgjengelig"
"ENCREC_003";"34";"3447";"Søndre Land";"2022";NA;NA;"Data ikke tilgjengelig";"Data ikke tilgjengelig"
"ENCREC_003";"34";"3447";"Søndre Land";"2023";NA;NA;"Data ikke tilgjengelig";"Data ikke tilgjengelig"
"ENCREC_003";"34";"3447";"Søndre Land";"2024";NA;NA;"Data ikke tilgjengelig";"Data ikke tilgjengelig"
"ENCREC_003";"34";"3447";"Søndre Land";"Endring 2018-2024";NA;NA;"NA";"Data ikke tilgjengelig"
"ENCREC_003";"34";"3448";"Nordre Land";"2018";NA;NA;"Data ikke tilgjengelig";"Data ikke tilgjengelig"
"ENCREC_003";"34";"3448";"Nordre Land";"2019";NA;NA;"Data ikke tilgjengelig";"Data ikke tilgjengelig"
"ENCREC_003";"34";"3448";"Nordre Land";"2020";NA;NA;"Data ikke tilgjengelig";"Data ikke tilgjengelig"
"ENCREC_003";"34";"3448";"Nordre Land";"2021";NA;NA;"Data ikke tilgjengelig";"Data ikke tilgjengelig"
"ENCREC_003";"34";"3448";"Nordre Land";"2022";NA;NA;"Data ikke tilgjengelig";"Data ikke tilgjengelig"
"ENCREC_003";"34";"3448";"Nordre Land";"2023";NA;NA;"Data ikke tilgjengelig";"Data ikke tilgjengelig"
"ENCREC_003";"34";"3448";"Nordre Land";"2024";NA;NA;"Data ikke tilgjengelig";"Data ikke tilgjengelig"
"ENCREC_003";"34";"3448";"Nordre Land";"Endring 2018-2024";NA;NA;"NA";"Data ikke tilgjengelig"
"ENCREC_003";"34";"3449";"Sør-Aurdal";"2018";NA;NA;"Data ikke tilgjengelig";"Data ikke tilgjengelig"
"ENCREC_003";"34";"3449";"Sør-Aurdal";"2019";NA;NA;"Data ikke tilgjengelig";"Data ikke tilgjengelig"
"ENCREC_003";"34";"3449";"Sør-Aurdal";"2020";NA;NA;"Data ikke tilgjengelig";"Data ikke tilgjengelig"
"ENCREC_003";"34";"3449";"Sør-Aurdal";"2021";NA;NA;"Data ikke tilgjengelig";"Data ikke tilgjengelig"
"ENCREC_003";"34";"3449";"Sør-Aurdal";"2022";NA;NA;"Data ikke tilgjengelig";"Data ikke tilgjengelig"
"ENCREC_003";"34";"3449";"Sør-Aurdal";"2023";NA;NA;"Data ikke tilgjengelig";"Data ikke tilgjengelig"
"ENCREC_003";"34";"3449";"Sør-Aurdal";"2024";NA;NA;"Data ikke tilgjengelig";"Data ikke tilgjengelig"
"ENCREC_003";"34";"3449";"Sør-Aurdal";"Endring 2018-2024";NA;NA;"NA";"Data ikke tilgjengelig"
"ENCREC_003";"34";"3452";"Vestre Slidre";"2018";NA;NA;"Data ikke tilgjengelig";"Data ikke tilgjengelig"
"ENCREC_003";"34";"3452";"Vestre Slidre";"2019";NA;NA;"Data ikke tilgjengelig";"Data ikke tilgjengelig"
"ENCREC_003";"34";"3452";"Vestre Slidre";"2020";NA;NA;"Data ikke tilgjengelig";"Data ikke tilgjengelig"
"ENCREC_003";"34";"3452";"Vestre Slidre";"2021";NA;NA;"Data ikke tilgjengelig";"Data ikke tilgjengelig"
"ENCREC_003";"34";"3452";"Vestre Slidre";"2022";NA;NA;"Data ikke tilgjengelig";"Data ikke tilgjengelig"
"ENCREC_003";"34";"3452";"Vestre Slidre";"2023";NA;NA;"Data ikke tilgjengelig";"Data ikke tilgjengelig"
"ENCREC_003";"34";"3452";"Vestre Slidre";"2024";NA;NA;"Data ikke tilgjengelig";"Data ikke tilgjengelig"
"ENCREC_003";"34";"3452";"Vestre Slidre";"Endring 2018-2024";NA;NA;"NA";"Data ikke tilgjengelig"
"ENCREC_003";"34";"3453";"Øystre Slidre";"2018";NA;NA;"Data ikke tilgjengelig";"Data ikke tilgjengelig"
"ENCREC_003";"34";"3453";"Øystre Slidre";"2019";NA;NA;"Data ikke tilgjengelig";"Data ikke tilgjengelig"
"ENCREC_003";"34";"3453";"Øystre Slidre";"2020";NA;NA;"Data ikke tilgjengelig";"Data ikke tilgjengelig"
"ENCREC_003";"34";"3453";"Øystre Slidre";"2021";NA;NA;"Data ikke tilgjengelig";"Data ikke tilgjengelig"
"ENCREC_003";"34";"3453";"Øystre Slidre";"2022";NA;NA;"Data ikke tilgjengelig";"Data ikke tilgjengelig"
"ENCREC_003";"34";"3453";"Øystre Slidre";"2023";NA;NA;"Data ikke tilgjengelig";"Data ikke tilgjengelig"
"ENCREC_003";"34";"3453";"Øystre Slidre";"2024";NA;NA;"Data ikke tilgjengelig";"Data ikke tilgjengelig"
"ENCREC_003";"34";"3453";"Øystre Slidre";"Endring 2018-2024";NA;NA;"NA";"Data ikke tilgjengelig"
"ENCREC_003";"40";"4001";"Porsgrunn";"2018";NA;NA;"Data ikke tilgjengelig";"Data ikke tilgjengelig"
"ENCREC_003";"40";"4001";"Porsgrunn";"2019";NA;NA;"Data ikke tilgjengelig";"Data ikke tilgjengelig"
"ENCREC_003";"40";"4001";"Porsgrunn";"2020";NA;NA;"Data ikke tilgjengelig";"Data ikke tilgjengelig"
"ENCREC_003";"40";"4001";"Porsgrunn";"2021";NA;NA;"Data ikke tilgjengelig";"Data ikke tilgjengelig"
"ENCREC_003";"40";"4001";"Porsgrunn";"2022";NA;NA;"Data ikke tilgjengelig";"Data ikke tilgjengelig"
"ENCREC_003";"40";"4001";"Porsgrunn";"2023";NA;NA;"Data ikke tilgjengelig";"Data ikke tilgjengelig"
"ENCREC_003";"40";"4001";"Porsgrunn";"2024";NA;NA;"Data ikke tilgjengelig";"Data ikke tilgjengelig"
"ENCREC_003";"40";"4001";"Porsgrunn";"Endring 2018-2024";NA;NA;"NA";"Data ikke tilgjengelig"
"ENCREC_003";"40";"4005";"Notodden";"2018";NA;NA;"Data ikke tilgjengelig";"Data ikke tilgjengelig"
"ENCREC_003";"40";"4005";"Notodden";"2019";NA;NA;"Data ikke tilgjengelig";"Data ikke tilgjengelig"
"ENCREC_003";"40";"4005";"Notodden";"2020";NA;NA;"Data ikke tilgjengelig";"Data ikke tilgjengelig"
"ENCREC_003";"40";"4005";"Notodden";"2021";NA;NA;"Data ikke tilgjengelig";"Data ikke tilgjengelig"
"ENCREC_003";"40";"4005";"Notodden";"2022";NA;NA;"Data ikke tilgjengelig";"Data ikke tilgjengelig"
"ENCREC_003";"40";"4005";"Notodden";"2023";NA;NA;"Data ikke tilgjengelig";"Data ikke tilgjengelig"
"ENCREC_003";"40";"4005";"Notodden";"2024";NA;NA;"Data ikke tilgjengelig";"Data ikke tilgjengelig"
"ENCREC_003";"40";"4005";"Notodden";"Endring 2018-2024";NA;NA;"NA";"Data ikke tilgjengelig"
"ENCREC_003";"40";"4018";"Nome";"2018";NA;NA;"Data ikke tilgjengelig";"Data ikke tilgjengelig"
"ENCREC_003";"40";"4018";"Nome";"2019";NA;NA;"Data ikke tilgjengelig";"Data ikke tilgjengelig"
"ENCREC_003";"40";"4018";"Nome";"2020";NA;NA;"Data ikke tilgjengelig";"Data ikke tilgjengelig"
"ENCREC_003";"40";"4018";"Nome";"2021";NA;NA;"Data ikke tilgjengelig";"Data ikke tilgjengelig"
"ENCREC_003";"40";"4018";"Nome";"2022";NA;NA;"Data ikke tilgjengelig";"Data ikke tilgjengelig"
"ENCREC_003";"40";"4018";"Nome";"2023";NA;NA;"Data ikke tilgjengelig";"Data ikke tilgjengelig"
"ENCREC_003";"40";"4018";"Nome";"2024";NA;NA;"Data ikke tilgjengelig";"Data ikke tilgjengelig"
"ENCREC_003";"40";"4018";"Nome";"Endring 2018-2024";NA;NA;"NA";"Data ikke tilgjengelig"
"ENCREC_003";"40";"4022";"Seljord";"2018";NA;NA;"Data ikke tilgjengelig";"Data ikke tilgjengelig"
"ENCREC_003";"40";"4022";"Seljord";"2019";NA;NA;"Data ikke tilgjengelig";"Data ikke tilgjengelig"
"ENCREC_003";"40";"4022";"Seljord";"2020";NA;NA;"Data ikke tilgjengelig";"Data ikke tilgjengelig"
"ENCREC_003";"40";"4022";"Seljord";"2021";NA;NA;"Data ikke tilgjengelig";"Data ikke tilgjengelig"
"ENCREC_003";"40";"4022";"Seljord";"2022";NA;NA;"Data ikke tilgjengelig";"Data ikke tilgjengelig"
"ENCREC_003";"40";"4022";"Seljord";"2023";NA;NA;"Data ikke tilgjengelig";"Data ikke tilgjengelig"
"ENCREC_003";"40";"4022";"Seljord";"2024";NA;NA;"Data ikke tilgjengelig";"Data ikke tilgjengelig"
"ENCREC_003";"40";"4022";"Seljord";"Endring 2018-2024";NA;NA;"NA";"Data ikke tilgjengelig"
"ENCREC_003";"40";"4024";"Hjartdal";"2018";NA;NA;"Data ikke tilgjengelig";"Data ikke tilgjengelig"
"ENCREC_003";"40";"4024";"Hjartdal";"2019";NA;NA;"Data ikke tilgjengelig";"Data ikke tilgjengelig"
"ENCREC_003";"40";"4024";"Hjartdal";"2020";NA;NA;"Data ikke tilgjengelig";"Data ikke tilgjengelig"
"ENCREC_003";"40";"4024";"Hjartdal";"2021";NA;NA;"Data ikke tilgjengelig";"Data ikke tilgjengelig"
"ENCREC_003";"40";"4024";"Hjartdal";"2022";NA;NA;"Data ikke tilgjengelig";"Data ikke tilgjengelig"
"ENCREC_003";"40";"4024";"Hjartdal";"2023";NA;NA;"Data ikke tilgjengelig";"Data ikke tilgjengelig"
"ENCREC_003";"40";"4024";"Hjartdal";"2024";NA;NA;"Data ikke tilgjengelig";"Data ikke tilgjengelig"
"ENCREC_003";"40";"4024";"Hjartdal";"Endring 2018-2024";NA;NA;"NA";"Data ikke tilgjengelig"
"ENCREC_003";"40";"4026";"Tinn";"2018";NA;NA;"Data ikke tilgjengelig";"Data ikke tilgjengelig"
"ENCREC_003";"40";"4026";"Tinn";"2019";NA;NA;"Data ikke tilgjengelig";"Data ikke tilgjengelig"
"ENCREC_003";"40";"4026";"Tinn";"2020";NA;NA;"Data ikke tilgjengelig";"Data ikke tilgjengelig"
"ENCREC_003";"40";"4026";"Tinn";"2021";NA;NA;"Data ikke tilgjengelig";"Data ikke tilgjengelig"
"ENCREC_003";"40";"4026";"Tinn";"2022";NA;NA;"Data ikke tilgjengelig";"Data ikke tilgjengelig"
"ENCREC_003";"40";"4026";"Tinn";"2023";NA;NA;"Data ikke tilgjengelig";"Data ikke tilgjengelig"
"ENCREC_003";"40";"4026";"Tinn";"2024";NA;NA;"Data ikke tilgjengelig";"Data ikke tilgjengelig"
"ENCREC_003";"40";"4026";"Tinn";"Endring 2018-2024";NA;NA;"NA";"Data ikke tilgjengelig"
"ENCREC_003";"40";"4028";"Kviteseid";"2018";NA;NA;"Data ikke tilgjengelig";"Data ikke tilgjengelig"
"ENCREC_003";"40";"4028";"Kviteseid";"2019";NA;NA;"Data ikke tilgjengelig";"Data ikke tilgjengelig"
"ENCREC_003";"40";"4028";"Kviteseid";"2020";NA;NA;"Data ikke tilgjengelig";"Data ikke tilgjengelig"
"ENCREC_003";"40";"4028";"Kviteseid";"2021";NA;NA;"Data ikke tilgjengelig";"Data ikke tilgjengelig"
"ENCREC_003";"40";"4028";"Kviteseid";"2022";NA;NA;"Data ikke tilgjengelig";"Data ikke tilgjengelig"
"ENCREC_003";"40";"4028";"Kviteseid";"2023";NA;NA;"Data ikke tilgjengelig";"Data ikke tilgjengelig"
"ENCREC_003";"40";"4028";"Kviteseid";"2024";NA;NA;"Data ikke tilgjengelig";"Data ikke tilgjengelig"
"ENCREC_003";"40";"4028";"Kviteseid";"Endring 2018-2024";NA;NA;"NA";"Data ikke tilgjengelig"
"ENCREC_003";"40";"4030";"Nissedal";"2018";NA;NA;"Data ikke tilgjengelig";"Data ikke tilgjengelig"
"ENCREC_003";"40";"4030";"Nissedal";"2019";NA;NA;"Data ikke tilgjengelig";"Data ikke tilgjengelig"
"ENCREC_003";"40";"4030";"Nissedal";"2020";NA;NA;"Data ikke tilgjengelig";"Data ikke tilgjengelig"
"ENCREC_003";"40";"4030";"Nissedal";"2021";NA;NA;"Data ikke tilgjengelig";"Data ikke tilgjengelig"
"ENCREC_003";"40";"4030";"Nissedal";"2022";NA;NA;"Data ikke tilgjengelig";"Data ikke tilgjengelig"
"ENCREC_003";"40";"4030";"Nissedal";"2023";NA;NA;"Data ikke tilgjengelig";"Data ikke tilgjengelig"
"ENCREC_003";"40";"4030";"Nissedal";"2024";NA;NA;"Data ikke tilgjengelig";"Data ikke tilgjengelig"
"ENCREC_003";"40";"4030";"Nissedal";"Endring 2018-2024";NA;NA;"NA";"Data ikke tilgjengelig"
"ENCREC_003";"40";"4032";"Fyresdal";"2018";NA;NA;"Data ikke tilgjengelig";"Data ikke tilgjengelig"
"ENCREC_003";"40";"4032";"Fyresdal";"2019";NA;NA;"Data ikke tilgjengelig";"Data ikke tilgjengelig"
"ENCREC_003";"40";"4032";"Fyresdal";"2020";NA;NA;"Data ikke tilgjengelig";"Data ikke tilgjengelig"
"ENCREC_003";"40";"4032";"Fyresdal";"2021";NA;NA;"Data ikke tilgjengelig";"Data ikke tilgjengelig"
"ENCREC_003";"40";"4032";"Fyresdal";"2022";NA;NA;"Data ikke tilgjengelig";"Data ikke tilgjengelig"
"ENCREC_003";"40";"4032";"Fyresdal";"2023";NA;NA;"Data ikke tilgjengelig";"Data ikke tilgjengelig"
"ENCREC_003";"40";"4032";"Fyresdal";"2024";NA;NA;"Data ikke tilgjengelig";"Data ikke tilgjengelig"
"ENCREC_003";"40";"4032";"Fyresdal";"Endring 2018-2024";NA;NA;"NA";"Data ikke tilgjengelig"
"ENCREC_003";"40";"4034";"Tokke";"2018";NA;NA;"Data ikke tilgjengelig";"Data ikke tilgjengelig"
"ENCREC_003";"40";"4034";"Tokke";"2019";NA;NA;"Data ikke tilgjengelig";"Data ikke tilgjengelig"
"ENCREC_003";"40";"4034";"Tokke";"2020";NA;NA;"Data ikke tilgjengelig";"Data ikke tilgjengelig"
"ENCREC_003";"40";"4034";"Tokke";"2021";NA;NA;"Data ikke tilgjengelig";"Data ikke tilgjengelig"
"ENCREC_003";"40";"4034";"Tokke";"2022";NA;NA;"Data ikke tilgjengelig";"Data ikke tilgjengelig"
"ENCREC_003";"40";"4034";"Tokke";"2023";NA;NA;"Data ikke tilgjengelig";"Data ikke tilgjengelig"
"ENCREC_003";"40";"4034";"Tokke";"2024";NA;NA;"Data ikke tilgjengelig";"Data ikke tilgjengelig"
"ENCREC_003";"40";"4034";"Tokke";"Endring 2018-2024";NA;NA;"NA";"Data ikke tilgjengelig"
"ENCREC_003";"42";"4217";"Åmli";"2018";NA;NA;"Data ikke tilgjengelig";"Data ikke tilgjengelig"
"ENCREC_003";"42";"4217";"Åmli";"2019";NA;NA;"Data ikke tilgjengelig";"Data ikke tilgjengelig"
"ENCREC_003";"42";"4217";"Åmli";"2020";NA;NA;"Data ikke tilgjengelig";"Data ikke tilgjengelig"
"ENCREC_003";"42";"4217";"Åmli";"2021";NA;NA;"Data ikke tilgjengelig";"Data ikke tilgjengelig"
"ENCREC_003";"42";"4217";"Åmli";"2022";NA;NA;"Data ikke tilgjengelig";"Data ikke tilgjengelig"
"ENCREC_003";"42";"4217";"Åmli";"2023";NA;NA;"Data ikke tilgjengelig";"Data ikke tilgjengelig"
"ENCREC_003";"42";"4217";"Åmli";"2024";NA;NA;"Data ikke tilgjengelig";"Data ikke tilgjengelig"
"ENCREC_003";"42";"4217";"Åmli";"Endring 2018-2024";NA;NA;"NA";"Data ikke tilgjengelig"
"ENCREC_003";"42";"4218";"Iveland";"2018";NA;NA;"Data ikke tilgjengelig";"Data ikke tilgjengelig"
"ENCREC_003";"42";"4218";"Iveland";"2019";NA;NA;"Data ikke tilgjengelig";"Data ikke tilgjengelig"
"ENCREC_003";"42";"4218";"Iveland";"2020";NA;NA;"Data ikke tilgjengelig";"Data ikke tilgjengelig"
"ENCREC_003";"42";"4218";"Iveland";"2021";NA;NA;"Data ikke tilgjengelig";"Data ikke tilgjengelig"
"ENCREC_003";"42";"4218";"Iveland";"2022";NA;NA;"Data ikke tilgjengelig";"Data ikke tilgjengelig"
"ENCREC_003";"42";"4218";"Iveland";"2023";NA;NA;"Data ikke tilgjengelig";"Data ikke tilgjengelig"
"ENCREC_003";"42";"4218";"Iveland";"2024";NA;NA;"Data ikke tilgjengelig";"Data ikke tilgjengelig"
"ENCREC_003";"42";"4218";"Iveland";"Endring 2018-2024";NA;NA;"NA";"Data ikke tilgjengelig"
"ENCREC_003";"42";"4220";"Bygland";"2018";NA;NA;"Data ikke tilgjengelig";"Data ikke tilgjengelig"
"ENCREC_003";"42";"4220";"Bygland";"2019";NA;NA;"Data ikke tilgjengelig";"Data ikke tilgjengelig"
"ENCREC_003";"42";"4220";"Bygland";"2020";NA;NA;"Data ikke tilgjengelig";"Data ikke tilgjengelig"
"ENCREC_003";"42";"4220";"Bygland";"2021";NA;NA;"Data ikke tilgjengelig";"Data ikke tilgjengelig"
"ENCREC_003";"42";"4220";"Bygland";"2022";NA;NA;"Data ikke tilgjengelig";"Data ikke tilgjengelig"
"ENCREC_003";"42";"4220";"Bygland";"2023";NA;NA;"Data ikke tilgjengelig";"Data ikke tilgjengelig"
"ENCREC_003";"42";"4220";"Bygland";"2024";NA;NA;"Data ikke tilgjengelig";"Data ikke tilgjengelig"
"ENCREC_003";"42";"4220";"Bygland";"Endring 2018-2024";NA;NA;"NA";"Data ikke tilgjengelig"
"ENCREC_003";"42";"4221";"Valle";"2018";NA;NA;"Data ikke tilgjengelig";"Data ikke tilgjengelig"
"ENCREC_003";"42";"4221";"Valle";"2019";NA;NA;"Data ikke tilgjengelig";"Data ikke tilgjengelig"
"ENCREC_003";"42";"4221";"Valle";"2020";NA;NA;"Data ikke tilgjengelig";"Data ikke tilgjengelig"
"ENCREC_003";"42";"4221";"Valle";"2021";NA;NA;"Data ikke tilgjengelig";"Data ikke tilgjengelig"
"ENCREC_003";"42";"4221";"Valle";"2022";NA;NA;"Data ikke tilgjengelig";"Data ikke tilgjengelig"
"ENCREC_003";"42";"4221";"Valle";"2023";NA;NA;"Data ikke tilgjengelig";"Data ikke tilgjengelig"
"ENCREC_003";"42";"4221";"Valle";"2024";NA;NA;"Data ikke tilgjengelig";"Data ikke tilgjengelig"
"ENCREC_003";"42";"4221";"Valle";"Endring 2018-2024";NA;NA;"NA";"Data ikke tilgjengelig"
"ENCREC_003";"42";"4222";"Bykle";"2018";NA;NA;"Data ikke tilgjengelig";"Data ikke tilgjengelig"
"ENCREC_003";"42";"4222";"Bykle";"2019";NA;NA;"Data ikke tilgjengelig";"Data ikke tilgjengelig"
"ENCREC_003";"42";"4222";"Bykle";"2020";NA;NA;"Data ikke tilgjengelig";"Data ikke tilgjengelig"
"ENCREC_003";"42";"4222";"Bykle";"2021";NA;NA;"Data ikke tilgjengelig";"Data ikke tilgjengelig"
"ENCREC_003";"42";"4222";"Bykle";"2022";NA;NA;"Data ikke tilgjengelig";"Data ikke tilgjengelig"
"ENCREC_003";"42";"4222";"Bykle";"2023";NA;NA;"Data ikke tilgjengelig";"Data ikke tilgjengelig"
"ENCREC_003";"42";"4222";"Bykle";"2024";NA;NA;"Data ikke tilgjengelig";"Data ikke tilgjengelig"
"ENCREC_003";"42";"4222";"Bykle";"Endring 2018-2024";NA;NA;"NA";"Data ikke tilgjengelig"
"ENCREC_003";"42";"4223";"Vennesla";"2018";NA;NA;"Data ikke tilgjengelig";"Data ikke tilgjengelig"
"ENCREC_003";"42";"4223";"Vennesla";"2019";NA;NA;"Data ikke tilgjengelig";"Data ikke tilgjengelig"
"ENCREC_003";"42";"4223";"Vennesla";"2020";NA;NA;"Data ikke tilgjengelig";"Data ikke tilgjengelig"
"ENCREC_003";"42";"4223";"Vennesla";"2021";NA;NA;"Data ikke tilgjengelig";"Data ikke tilgjengelig"
"ENCREC_003";"42";"4223";"Vennesla";"2022";NA;NA;"Data ikke tilgjengelig";"Data ikke tilgjengelig"
"ENCREC_003";"42";"4223";"Vennesla";"2023";NA;NA;"Data ikke tilgjengelig";"Data ikke tilgjengelig"
"ENCREC_003";"42";"4223";"Vennesla";"2024";NA;NA;"Data ikke tilgjengelig";"Data ikke tilgjengelig"
"ENCREC_003";"42";"4223";"Vennesla";"Endring 2018-2024";NA;NA;"NA";"Data ikke tilgjengelig"
"ENCREC_003";"42";"4224";"Åseral";"2018";NA;NA;"Data ikke tilgjengelig";"Data ikke tilgjengelig"
"ENCREC_003";"42";"4224";"Åseral";"2019";NA;NA;"Data ikke tilgjengelig";"Data ikke tilgjengelig"
"ENCREC_003";"42";"4224";"Åseral";"2020";NA;NA;"Data ikke tilgjengelig";"Data ikke tilgjengelig"
"ENCREC_003";"42";"4224";"Åseral";"2021";NA;NA;"Data ikke tilgjengelig";"Data ikke tilgjengelig"
"ENCREC_003";"42";"4224";"Åseral";"2022";NA;NA;"Data ikke tilgjengelig";"Data ikke tilgjengelig"
"ENCREC_003";"42";"4224";"Åseral";"2023";NA;NA;"Data ikke tilgjengelig";"Data ikke tilgjengelig"
"ENCREC_003";"42";"4224";"Åseral";"2024";NA;NA;"Data ikke tilgjengelig";"Data ikke tilgjengelig"
"ENCREC_003";"42";"4224";"Åseral";"Endring 2018-2024";NA;NA;"NA";"Data ikke tilgjengelig"
"ENCREC_003";"42";"4226";"Hægebostad";"2018";NA;NA;"Data ikke tilgjengelig";"Data ikke tilgjengelig"
"ENCREC_003";"42";"4226";"Hægebostad";"2019";NA;NA;"Data ikke tilgjengelig";"Data ikke tilgjengelig"
"ENCREC_003";"42";"4226";"Hægebostad";"2020";NA;NA;"Data ikke tilgjengelig";"Data ikke tilgjengelig"
"ENCREC_003";"42";"4226";"Hægebostad";"2021";NA;NA;"Data ikke tilgjengelig";"Data ikke tilgjengelig"
"ENCREC_003";"42";"4226";"Hægebostad";"2022";NA;NA;"Data ikke tilgjengelig";"Data ikke tilgjengelig"
"ENCREC_003";"42";"4226";"Hægebostad";"2023";NA;NA;"Data ikke tilgjengelig";"Data ikke tilgjengelig"
"ENCREC_003";"42";"4226";"Hægebostad";"2024";NA;NA;"Data ikke tilgjengelig";"Data ikke tilgjengelig"
"ENCREC_003";"42";"4226";"Hægebostad";"Endring 2018-2024";NA;NA;"NA";"Data ikke tilgjengelig"
"ENCREC_003";"42";"4228";"Sirdal";"2018";NA;NA;"Data ikke tilgjengelig";"Data ikke tilgjengelig"
"ENCREC_003";"42";"4228";"Sirdal";"2019";NA;NA;"Data ikke tilgjengelig";"Data ikke tilgjengelig"
"ENCREC_003";"42";"4228";"Sirdal";"2020";NA;NA;"Data ikke tilgjengelig";"Data ikke tilgjengelig"
"ENCREC_003";"42";"4228";"Sirdal";"2021";NA;NA;"Data ikke tilgjengelig";"Data ikke tilgjengelig"
"ENCREC_003";"42";"4228";"Sirdal";"2022";NA;NA;"Data ikke tilgjengelig";"Data ikke tilgjengelig"
"ENCREC_003";"42";"4228";"Sirdal";"2023";NA;NA;"Data ikke tilgjengelig";"Data ikke tilgjengelig"
"ENCREC_003";"42";"4228";"Sirdal";"2024";NA;NA;"Data ikke tilgjengelig";"Data ikke tilgjengelig"
"ENCREC_003";"42";"4228";"Sirdal";"Endring 2018-2024";NA;NA;"NA";"Data ikke tilgjengelig"
"ENCREC_003";"46";"4642";"Lærdal";"2018";NA;NA;"Data ikke tilgjengelig";"Data ikke tilgjengelig"
"ENCREC_003";"46";"4642";"Lærdal";"2019";NA;NA;"Data ikke tilgjengelig";"Data ikke tilgjengelig"
"ENCREC_003";"46";"4642";"Lærdal";"2020";NA;NA;"Data ikke tilgjengelig";"Data ikke tilgjengelig"
"ENCREC_003";"46";"4642";"Lærdal";"2021";NA;NA;"Data ikke tilgjengelig";"Data ikke tilgjengelig"
"ENCREC_003";"46";"4642";"Lærdal";"2022";NA;NA;"Data ikke tilgjengelig";"Data ikke tilgjengelig"
"ENCREC_003";"46";"4642";"Lærdal";"2023";NA;NA;"Data ikke tilgjengelig";"Data ikke tilgjengelig"
"ENCREC_003";"46";"4642";"Lærdal";"2024";NA;NA;"Data ikke tilgjengelig";"Data ikke tilgjengelig"
"ENCREC_003";"46";"4642";"Lærdal";"Endring 2018-2024";NA;NA;"NA";"Data ikke tilgjengelig"
"ENCREC_003";"46";"4645";"Askvoll";"2018";NA;NA;"Data ikke tilgjengelig";"Data ikke tilgjengelig"
"ENCREC_003";"46";"4645";"Askvoll";"2019";NA;NA;"Data ikke tilgjengelig";"Data ikke tilgjengelig"
"ENCREC_003";"46";"4645";"Askvoll";"2020";NA;NA;"Data ikke tilgjengelig";"Data ikke tilgjengelig"
"ENCREC_003";"46";"4645";"Askvoll";"2021";NA;NA;"Data ikke tilgjengelig";"Data ikke tilgjengelig"
"ENCREC_003";"46";"4645";"Askvoll";"2022";NA;NA;"Data ikke tilgjengelig";"Data ikke tilgjengelig"
"ENCREC_003";"46";"4645";"Askvoll";"2023";NA;NA;"Data ikke tilgjengelig";"Data ikke tilgjengelig"
"ENCREC_003";"46";"4645";"Askvoll";"2024";NA;NA;"Data ikke tilgjengelig";"Data ikke tilgjengelig"
"ENCREC_003";"46";"4645";"Askvoll";"Endring 2018-2024";NA;NA;"NA";"Data ikke tilgjengelig"
"ENCREC_003";"50";"5032";"Selbu";"2018";NA;NA;"Data ikke tilgjengelig";"Data ikke tilgjengelig"
"ENCREC_003";"50";"5032";"Selbu";"2019";NA;NA;"Data ikke tilgjengelig";"Data ikke tilgjengelig"
"ENCREC_003";"50";"5032";"Selbu";"2020";NA;NA;"Data ikke tilgjengelig";"Data ikke tilgjengelig"
"ENCREC_003";"50";"5032";"Selbu";"2021";NA;NA;"Data ikke tilgjengelig";"Data ikke tilgjengelig"
"ENCREC_003";"50";"5032";"Selbu";"2022";NA;NA;"Data ikke tilgjengelig";"Data ikke tilgjengelig"
"ENCREC_003";"50";"5032";"Selbu";"2023";NA;NA;"Data ikke tilgjengelig";"Data ikke tilgjengelig"
"ENCREC_003";"50";"5032";"Selbu";"2024";NA;NA;"Data ikke tilgjengelig";"Data ikke tilgjengelig"
"ENCREC_003";"50";"5032";"Selbu";"Endring 2018-2024";NA;NA;"NA";"Data ikke tilgjengelig"
"ENCREC_003";"55";"5514";"Ibestad";"2018";NA;NA;"Data ikke tilgjengelig";"Data ikke tilgjengelig"
"ENCREC_003";"55";"5514";"Ibestad";"2019";NA;NA;"Data ikke tilgjengelig";"Data ikke tilgjengelig"
"ENCREC_003";"55";"5514";"Ibestad";"2020";NA;NA;"Data ikke tilgjengelig";"Data ikke tilgjengelig"
"ENCREC_003";"55";"5514";"Ibestad";"2021";NA;NA;"Data ikke tilgjengelig";"Data ikke tilgjengelig"
"ENCREC_003";"55";"5514";"Ibestad";"2022";NA;NA;"Data ikke tilgjengelig";"Data ikke tilgjengelig"
"ENCREC_003";"55";"5514";"Ibestad";"2023";NA;NA;"Data ikke tilgjengelig";"Data ikke tilgjengelig"
"ENCREC_003";"55";"5514";"Ibestad";"2024";NA;NA;"Data ikke tilgjengelig";"Data ikke tilgjengelig"
"ENCREC_003";"55";"5514";"Ibestad";"Endring 2018-2024";NA;NA;"NA";"Data ikke tilgjengelig"
"ENCREC_003";"56";"5610";"Kárášjohka/Karasjok";"2018";NA;NA;"Data ikke tilgjengelig";"Data ikke tilgjengelig"
"ENCREC_003";"56";"5610";"Kárášjohka/Karasjok";"2019";NA;NA;"Data ikke tilgjengelig";"Data ikke tilgjengelig"
"ENCREC_003";"56";"5610";"Kárášjohka/Karasjok";"2020";NA;NA;"Data ikke tilgjengelig";"Data ikke tilgjengelig"
"ENCREC_003";"56";"5610";"Kárášjohka/Karasjok";"2021";NA;NA;"Data ikke tilgjengelig";"Data ikke tilgjengelig"
"ENCREC_003";"56";"5610";"Kárášjohka/Karasjok";"2022";NA;NA;"Data ikke tilgjengelig";"Data ikke tilgjengelig"
"ENCREC_003";"56";"5610";"Kárášjohka/Karasjok";"2023";NA;NA;"Data ikke tilgjengelig";"Data ikke tilgjengelig"
"ENCREC_003";"56";"5610";"Kárášjohka/Karasjok";"2024";NA;NA;"Data ikke tilgjengelig";"Data ikke tilgjengelig"
"ENCREC_003";"56";"5610";"Kárášjohka/Karasjok";"Endring 2018-2024";NA;NA;"NA";"Data ikke tilgjengelig"
"ENCREC_003";"56";"5626";"Gamvik";"2018";NA;NA;"Data ikke tilgjengelig";"Data ikke tilgjengelig"
"ENCREC_003";"56";"5626";"Gamvik";"2019";NA;NA;"Data ikke tilgjengelig";"Data ikke tilgjengelig"
"ENCREC_003";"56";"5626";"Gamvik";"2020";NA;NA;"Data ikke tilgjengelig";"Data ikke tilgjengelig"
"ENCREC_003";"56";"5626";"Gamvik";"2021";NA;NA;"Data ikke tilgjengelig";"Data ikke tilgjengelig"
"ENCREC_003";"56";"5626";"Gamvik";"2022";NA;NA;"Data ikke tilgjengelig";"Data ikke tilgjengelig"
"ENCREC_003";"56";"5626";"Gamvik";"2023";NA;NA;"Data ikke tilgjengelig";"Data ikke tilgjengelig"
"ENCREC_003";"56";"5626";"Gamvik";"2024";NA;NA;"Data ikke tilgjengelig";"Data ikke tilgjengelig"
"ENCREC_003";"56";"5626";"Gamvik";"Endring 2018-2024";NA;NA;"NA";"Data ikke tilgjengelig"
